<annotation><folder>19--Couple</folder><filename>19_Couple_Couple_19_841.jpg</filename><path>./WIDER_train/images/19--Couple/19_Couple_Couple_19_841.jpg</path><source><database>Unknown</database></source><size><width>1024</width><height>832</height><depth>3</depth></size><segmented>0</segmented><object><name>face</name><pose>Unspecified</pose><truncated>0</truncated><difficult>0</difficult><bndbox><xmin>316</xmin><ymin>138</ymin><xmax>372</xmax><ymax>226</ymax></bndbox></object><object><name>face</name><pose>Unspecified</pose><truncated>0</truncated><difficult>0</difficult><bndbox><xmin>366</xmin><ymin>136</ymin><xmax>426</xmax><ymax>232</ymax></bndbox></object></annotation>