<annotation><folder>19--Couple</folder><filename>19_Couple_Couple_19_867.jpg</filename><path>./WIDER_train/images/19--Couple/19_Couple_Couple_19_867.jpg</path><source><database>Unknown</database></source><size><width>1024</width><height>968</height><depth>3</depth></size><segmented>0</segmented><object><name>face</name><pose>Unspecified</pose><truncated>0</truncated><difficult>0</difficult><bndbox><xmin>120</xmin><ymin>364</ymin><xmax>374</xmax><ymax>774</ymax></bndbox></object><object><name>face</name><pose>Unspecified</pose><truncated>0</truncated><difficult>0</difficult><bndbox><xmin>380</xmin><ymin>282</ymin><xmax>704</xmax><ymax>616</ymax></bndbox></object></annotation>