<annotation><folder>19--Couple</folder><filename>19_Couple_Couple_19_927.jpg</filename><path>./WIDER_train/images/19--Couple/19_Couple_Couple_19_927.jpg</path><source><database>Unknown</database></source><size><width>1024</width><height>681</height><depth>3</depth></size><segmented>0</segmented><object><name>face</name><pose>Unspecified</pose><truncated>0</truncated><difficult>0</difficult><bndbox><xmin>374</xmin><ymin>274</ymin><xmax>428</xmax><ymax>340</ymax></bndbox></object><object><name>face</name><pose>Unspecified</pose><truncated>0</truncated><difficult>0</difficult><bndbox><xmin>548</xmin><ymin>250</ymin><xmax>600</xmax><ymax>322</ymax></bndbox></object></annotation>