<annotation><folder>19--Couple</folder><filename>19_Couple_Couple_19_848.jpg</filename><path>./WIDER_train/images/19--Couple/19_Couple_Couple_19_848.jpg</path><source><database>Unknown</database></source><size><width>1024</width><height>820</height><depth>3</depth></size><segmented>0</segmented><object><name>face</name><pose>Unspecified</pose><truncated>0</truncated><difficult>0</difficult><bndbox><xmin>280</xmin><ymin>332</ymin><xmax>438</xmax><ymax>546</ymax></bndbox></object><object><name>face</name><pose>Unspecified</pose><truncated>0</truncated><difficult>0</difficult><bndbox><xmin>568</xmin><ymin>198</ymin><xmax>736</xmax><ymax>424</ymax></bndbox></object></annotation>