<annotation><folder>19--Couple</folder><filename>19_Couple_Couple_19_777.jpg</filename><path>./WIDER_train/images/19--Couple/19_Couple_Couple_19_777.jpg</path><source><database>Unknown</database></source><size><width>1024</width><height>1163</height><depth>3</depth></size><segmented>0</segmented><object><name>face</name><pose>Unspecified</pose><truncated>0</truncated><difficult>0</difficult><bndbox><xmin>225</xmin><ymin>54</ymin><xmax>341</xmax><ymax>195</ymax></bndbox></object><object><name>face</name><pose>Unspecified</pose><truncated>0</truncated><difficult>0</difficult><bndbox><xmin>527</xmin><ymin>36</ymin><xmax>638</xmax><ymax>186</ymax></bndbox></object></annotation>