<annotation><folder>19--Couple</folder><filename>19_Couple_Couple_19_707.jpg</filename><path>./WIDER_train/images/19--Couple/19_Couple_Couple_19_707.jpg</path><source><database>Unknown</database></source><size><width>1024</width><height>1070</height><depth>3</depth></size><segmented>0</segmented><object><name>face</name><pose>Unspecified</pose><truncated>0</truncated><difficult>0</difficult><bndbox><xmin>310</xmin><ymin>527</ymin><xmax>358</xmax><ymax>607</ymax></bndbox></object><object><name>face</name><pose>Unspecified</pose><truncated>0</truncated><difficult>0</difficult><bndbox><xmin>716</xmin><ymin>561</ymin><xmax>748</xmax><ymax>616</ymax></bndbox></object></annotation>