<annotation><folder>19--Couple</folder><filename>19_Couple_Couple_19_776.jpg</filename><path>./WIDER_train/images/19--Couple/19_Couple_Couple_19_776.jpg</path><source><database>Unknown</database></source><size><width>1024</width><height>1516</height><depth>3</depth></size><segmented>0</segmented><object><name>face</name><pose>Unspecified</pose><truncated>0</truncated><difficult>0</difficult><bndbox><xmin>494</xmin><ymin>216</ymin><xmax>595</xmax><ymax>367</ymax></bndbox></object><object><name>face</name><pose>Unspecified</pose><truncated>0</truncated><difficult>0</difficult><bndbox><xmin>385</xmin><ymin>284</ymin><xmax>503</xmax><ymax>411</ymax></bndbox></object></annotation>