<annotation><folder>19--Couple</folder><filename>19_Couple_Couple_19_824.jpg</filename><path>./WIDER_train/images/19--Couple/19_Couple_Couple_19_824.jpg</path><source><database>Unknown</database></source><size><width>1024</width><height>752</height><depth>3</depth></size><segmented>0</segmented><object><name>face</name><pose>Unspecified</pose><truncated>0</truncated><difficult>0</difficult><bndbox><xmin>226</xmin><ymin>359</ymin><xmax>269</xmax><ymax>413</ymax></bndbox></object><object><name>face</name><pose>Unspecified</pose><truncated>0</truncated><difficult>0</difficult><bndbox><xmin>270</xmin><ymin>392</ymin><xmax>310</xmax><ymax>435</ymax></bndbox></object><object><name>face</name><pose>Unspecified</pose><truncated>0</truncated><difficult>0</difficult><bndbox><xmin>769</xmin><ymin>216</ymin><xmax>801</xmax><ymax>275</ymax></bndbox></object><object><name>face</name><pose>Unspecified</pose><truncated>0</truncated><difficult>0</difficult><bndbox><xmin>798</xmin><ymin>211</ymin><xmax>830</xmax><ymax>270</ymax></bndbox></object></annotation>