<annotation><folder>19--Couple</folder><filename>19_Couple_Couple_19_893.jpg</filename><path>./WIDER_train/images/19--Couple/19_Couple_Couple_19_893.jpg</path><source><database>Unknown</database></source><size><width>1024</width><height>751</height><depth>3</depth></size><segmented>0</segmented><object><name>face</name><pose>Unspecified</pose><truncated>0</truncated><difficult>0</difficult><bndbox><xmin>630</xmin><ymin>148</ymin><xmax>722</xmax><ymax>274</ymax></bndbox></object><object><name>face</name><pose>Unspecified</pose><truncated>0</truncated><difficult>0</difficult><bndbox><xmin>736</xmin><ymin>82</ymin><xmax>826</xmax><ymax>218</ymax></bndbox></object></annotation>