<annotation><folder>19--Couple</folder><filename>19_Couple_Couple_19_830.jpg</filename><path>./WIDER_train/images/19--Couple/19_Couple_Couple_19_830.jpg</path><source><database>Unknown</database></source><size><width>1024</width><height>820</height><depth>3</depth></size><segmented>0</segmented><object><name>face</name><pose>Unspecified</pose><truncated>0</truncated><difficult>0</difficult><bndbox><xmin>222</xmin><ymin>124</ymin><xmax>448</xmax><ymax>454</ymax></bndbox></object><object><name>face</name><pose>Unspecified</pose><truncated>0</truncated><difficult>0</difficult><bndbox><xmin>586</xmin><ymin>186</ymin><xmax>804</xmax><ymax>464</ymax></bndbox></object></annotation>