<annotation><folder>19--Couple</folder><filename>19_Couple_Couple_19_883.jpg</filename><path>./WIDER_train/images/19--Couple/19_Couple_Couple_19_883.jpg</path><source><database>Unknown</database></source><size><width>1024</width><height>993</height><depth>3</depth></size><segmented>0</segmented><object><name>face</name><pose>Unspecified</pose><truncated>0</truncated><difficult>0</difficult><bndbox><xmin>630</xmin><ymin>106</ymin><xmax>762</xmax><ymax>282</ymax></bndbox></object><object><name>face</name><pose>Unspecified</pose><truncated>0</truncated><difficult>0</difficult><bndbox><xmin>486</xmin><ymin>112</ymin><xmax>586</xmax><ymax>268</ymax></bndbox></object></annotation>