<annotation><folder>19--Couple</folder><filename>19_Couple_Couple_19_871.jpg</filename><path>./WIDER_train/images/19--Couple/19_Couple_Couple_19_871.jpg</path><source><database>Unknown</database></source><size><width>1024</width><height>605</height><depth>3</depth></size><segmented>0</segmented><object><name>face</name><pose>Unspecified</pose><truncated>0</truncated><difficult>0</difficult><bndbox><xmin>306</xmin><ymin>58</ymin><xmax>524</xmax><ymax>400</ymax></bndbox></object><object><name>face</name><pose>Unspecified</pose><truncated>0</truncated><difficult>0</difficult><bndbox><xmin>504</xmin><ymin>86</ymin><xmax>718</xmax><ymax>416</ymax></bndbox></object></annotation>