<annotation><folder>19--Couple</folder><filename>19_Couple_Couple_19_989.jpg</filename><path>./WIDER_train/images/19--Couple/19_Couple_Couple_19_989.jpg</path><source><database>Unknown</database></source><size><width>1024</width><height>768</height><depth>3</depth></size><segmented>0</segmented><object><name>face</name><pose>Unspecified</pose><truncated>0</truncated><difficult>0</difficult><bndbox><xmin>548</xmin><ymin>125</ymin><xmax>587</xmax><ymax>187</ymax></bndbox></object><object><name>face</name><pose>Unspecified</pose><truncated>0</truncated><difficult>0</difficult><bndbox><xmin>626</xmin><ymin>139</ymin><xmax>660</xmax><ymax>193</ymax></bndbox></object></annotation>