<annotation><folder>19--Couple</folder><filename>19_Couple_Couple_19_752.jpg</filename><path>./WIDER_train/images/19--Couple/19_Couple_Couple_19_752.jpg</path><source><database>Unknown</database></source><size><width>1024</width><height>1537</height><depth>3</depth></size><segmented>0</segmented><object><name>face</name><pose>Unspecified</pose><truncated>0</truncated><difficult>0</difficult><bndbox><xmin>384</xmin><ymin>183</ymin><xmax>507</xmax><ymax>339</ymax></bndbox></object><object><name>face</name><pose>Unspecified</pose><truncated>0</truncated><difficult>0</difficult><bndbox><xmin>583</xmin><ymin>273</ymin><xmax>694</xmax><ymax>408</ymax></bndbox></object></annotation>