<annotation><folder>19--Couple</folder><filename>19_Couple_Couple_19_924.jpg</filename><path>./WIDER_train/images/19--Couple/19_Couple_Couple_19_924.jpg</path><source><database>Unknown</database></source><size><width>1024</width><height>1508</height><depth>3</depth></size><segmented>0</segmented><object><name>face</name><pose>Unspecified</pose><truncated>0</truncated><difficult>0</difficult><bndbox><xmin>171</xmin><ymin>259</ymin><xmax>277</xmax><ymax>403</ymax></bndbox></object><object><name>face</name><pose>Unspecified</pose><truncated>0</truncated><difficult>0</difficult><bndbox><xmin>636</xmin><ymin>132</ymin><xmax>748</xmax><ymax>273</ymax></bndbox></object></annotation>