<annotation><folder>19--Couple</folder><filename>19_Couple_Couple_19_735.jpg</filename><path>./WIDER_train/images/19--Couple/19_Couple_Couple_19_735.jpg</path><source><database>Unknown</database></source><size><width>1024</width><height>1536</height><depth>3</depth></size><segmented>0</segmented><object><name>face</name><pose>Unspecified</pose><truncated>0</truncated><difficult>0</difficult><bndbox><xmin>384</xmin><ymin>351</ymin><xmax>910</xmax><ymax>1006</ymax></bndbox></object><object><name>face</name><pose>Unspecified</pose><truncated>0</truncated><difficult>0</difficult><bndbox><xmin>21</xmin><ymin>480</ymin><xmax>423</xmax><ymax>975</ymax></bndbox></object></annotation>