<annotation>
	<folder>train</folder>
	<filename>19_Couple_Couple_19_933.jpg</filename>
	<path>/home/daniel/Data/Dataset/FaceMaskNew/train/19_Couple_Couple_19_933.jpg</path>
	<source>
		<database>Unknown</database>
	</source>
	<size>
		<width>1024</width>
		<height>768</height>
		<depth>3</depth>
	</size>
	<segmented>0</segmented>
	<object>
		<name>face</name>
		<pose>Unspecified</pose>
		<truncated>0</truncated>
		<difficult>0</difficult>
		<bndbox>
			<xmin>642</xmin>
			<ymin>162</ymin>
			<xmax>824</xmax>
			<ymax>430</ymax>
		</bndbox>
	</object>
	<object>
		<name>face</name>
		<pose>Unspecified</pose>
		<truncated>0</truncated>
		<difficult>0</difficult>
		<bndbox>
			<xmin>305</xmin>
			<ymin>256</ymin>
			<xmax>525</xmax>
			<ymax>559</ymax>
		</bndbox>
	</object>
</annotation>
