<annotation><folder>19--Couple</folder><filename>19_Couple_Couple_19_813.jpg</filename><path>./WIDER_train/images/19--Couple/19_Couple_Couple_19_813.jpg</path><source><database>Unknown</database></source><size><width>1024</width><height>952</height><depth>3</depth></size><segmented>0</segmented><object><name>face</name><pose>Unspecified</pose><truncated>0</truncated><difficult>0</difficult><bndbox><xmin>400</xmin><ymin>72</ymin><xmax>472</xmax><ymax>172</ymax></bndbox></object><object><name>face</name><pose>Unspecified</pose><truncated>0</truncated><difficult>0</difficult><bndbox><xmin>514</xmin><ymin>172</ymin><xmax>570</xmax><ymax>266</ymax></bndbox></object></annotation>