<annotation><folder>19--Couple</folder><filename>19_Couple_Couple_19_1000.jpg</filename><path>./WIDER_train/images/19--Couple/19_Couple_Couple_19_1000.jpg</path><source><database>Unknown</database></source><size><width>1024</width><height>768</height><depth>3</depth></size><segmented>0</segmented><object><name>face</name><pose>Unspecified</pose><truncated>0</truncated><difficult>0</difficult><bndbox><xmin>418</xmin><ymin>198</ymin><xmax>664</xmax><ymax>580</ymax></bndbox></object><object><name>face</name><pose>Unspecified</pose><truncated>0</truncated><difficult>0</difficult><bndbox><xmin>142</xmin><ymin>184</ymin><xmax>380</xmax><ymax>504</ymax></bndbox></object></annotation>