<annotation><folder>19--Couple</folder><filename>19_Couple_Couple_19_704.jpg</filename><path>./WIDER_train/images/19--Couple/19_Couple_Couple_19_704.jpg</path><source><database>Unknown</database></source><size><width>1024</width><height>1366</height><depth>3</depth></size><segmented>0</segmented><object><name>face</name><pose>Unspecified</pose><truncated>0</truncated><difficult>0</difficult><bndbox><xmin>597</xmin><ymin>339</ymin><xmax>672</xmax><ymax>443</ymax></bndbox></object><object><name>face</name><pose>Unspecified</pose><truncated>0</truncated><difficult>0</difficult><bndbox><xmin>384</xmin><ymin>392</ymin><xmax>472</xmax><ymax>496</ymax></bndbox></object></annotation>