<annotation><folder>27--Spa</folder><filename>27_Spa_Spa_27_576.jpg</filename><path>./WIDER_train/images/27--Spa/27_Spa_Spa_27_576.jpg</path><source><database>Unknown</database></source><size><width>1024</width><height>792</height><depth>3</depth></size><segmented>0</segmented><object><name>face</name><pose>Unspecified</pose><truncated>0</truncated><difficult>0</difficult><bndbox><xmin>685</xmin><ymin>324</ymin><xmax>718</xmax><ymax>374</ymax></bndbox></object><object><name>face</name><pose>Unspecified</pose><truncated>0</truncated><difficult>0</difficult><bndbox><xmin>906</xmin><ymin>327</ymin><xmax>938</xmax><ymax>377</ymax></bndbox></object><object><name>face</name><pose>Unspecified</pose><truncated>0</truncated><difficult>0</difficult><bndbox><xmin>612</xmin><ymin>308</ymin><xmax>643</xmax><ymax>363</ymax></bndbox></object></annotation>