<annotation><folder>27--Spa</folder><filename>27_Spa_Spa_27_625.jpg</filename><path>./WIDER_train/images/27--Spa/27_Spa_Spa_27_625.jpg</path><source><database>Unknown</database></source><size><width>1024</width><height>512</height><depth>3</depth></size><segmented>0</segmented><object><name>face</name><pose>Unspecified</pose><truncated>0</truncated><difficult>0</difficult><bndbox><xmin>88</xmin><ymin>247</ymin><xmax>108</xmax><ymax>266</ymax></bndbox></object><object><name>face</name><pose>Unspecified</pose><truncated>0</truncated><difficult>0</difficult><bndbox><xmin>231</xmin><ymin>236</ymin><xmax>248</xmax><ymax>255</ymax></bndbox></object><object><name>face</name><pose>Unspecified</pose><truncated>0</truncated><difficult>0</difficult><bndbox><xmin>188</xmin><ymin>243</ymin><xmax>196</xmax><ymax>260</ymax></bndbox></object></annotation>