<annotation><folder>27--Spa</folder><filename>27_Spa_Spa_27_228.jpg</filename><path>./WIDER_train/images/27--Spa/27_Spa_Spa_27_228.jpg</path><source><database>Unknown</database></source><size><width>1024</width><height>1279</height><depth>3</depth></size><segmented>0</segmented><object><name>face</name><pose>Unspecified</pose><truncated>0</truncated><difficult>0</difficult><bndbox><xmin>465</xmin><ymin>270</ymin><xmax>677</xmax><ymax>495</ymax></bndbox></object><object><name>face</name><pose>Unspecified</pose><truncated>0</truncated><difficult>0</difficult><bndbox><xmin>402</xmin><ymin>719</ymin><xmax>614</xmax><ymax>939</ymax></bndbox></object></annotation>