<annotation><folder>27--Spa</folder><filename>27_Spa_Spa_27_600.jpg</filename><path>./WIDER_train/images/27--Spa/27_Spa_Spa_27_600.jpg</path><source><database>Unknown</database></source><size><width>1024</width><height>780</height><depth>3</depth></size><segmented>0</segmented><object><name>face</name><pose>Unspecified</pose><truncated>0</truncated><difficult>0</difficult><bndbox><xmin>184</xmin><ymin>170</ymin><xmax>250</xmax><ymax>250</ymax></bndbox></object><object><name>face</name><pose>Unspecified</pose><truncated>0</truncated><difficult>0</difficult><bndbox><xmin>650</xmin><ymin>338</ymin><xmax>734</xmax><ymax>446</ymax></bndbox></object></annotation>