<annotation><folder>27--Spa</folder><filename>27_Spa_Spa_27_714.jpg</filename><path>./WIDER_train/images/27--Spa/27_Spa_Spa_27_714.jpg</path><source><database>Unknown</database></source><size><width>1024</width><height>683</height><depth>3</depth></size><segmented>0</segmented><object><name>face</name><pose>Unspecified</pose><truncated>0</truncated><difficult>0</difficult><bndbox><xmin>176</xmin><ymin>184</ymin><xmax>276</xmax><ymax>314</ymax></bndbox></object><object><name>face</name><pose>Unspecified</pose><truncated>0</truncated><difficult>0</difficult><bndbox><xmin>687</xmin><ymin>122</ymin><xmax>803</xmax><ymax>289</ymax></bndbox></object><object><name>face</name><pose>Unspecified</pose><truncated>0</truncated><difficult>0</difficult><bndbox><xmin>565</xmin><ymin>157</ymin><xmax>605</xmax><ymax>229</ymax></bndbox></object></annotation>