<annotation><folder>27--Spa</folder><filename>27_Spa_Spa_27_671.jpg</filename><path>./WIDER_train/images/27--Spa/27_Spa_Spa_27_671.jpg</path><source><database>Unknown</database></source><size><width>1024</width><height>683</height><depth>3</depth></size><segmented>0</segmented><object><name>face</name><pose>Unspecified</pose><truncated>0</truncated><difficult>0</difficult><bndbox><xmin>316</xmin><ymin>229</ymin><xmax>350</xmax><ymax>277</ymax></bndbox></object><object><name>face</name><pose>Unspecified</pose><truncated>0</truncated><difficult>0</difficult><bndbox><xmin>677</xmin><ymin>231</ymin><xmax>716</xmax><ymax>296</ymax></bndbox></object></annotation>