<annotation><folder>27--Spa</folder><filename>27_Spa_Spa_27_348.jpg</filename><path>./WIDER_train/images/27--Spa/27_Spa_Spa_27_348.jpg</path><source><database>Unknown</database></source><size><width>1024</width><height>732</height><depth>3</depth></size><segmented>0</segmented><object><name>face</name><pose>Unspecified</pose><truncated>0</truncated><difficult>0</difficult><bndbox><xmin>344</xmin><ymin>432</ymin><xmax>426</xmax><ymax>498</ymax></bndbox></object><object><name>face</name><pose>Unspecified</pose><truncated>0</truncated><difficult>0</difficult><bndbox><xmin>416</xmin><ymin>150</ymin><xmax>480</xmax><ymax>222</ymax></bndbox></object></annotation>