<annotation><folder>27--Spa</folder><filename>27_Spa_Spa_27_864.jpg</filename><path>./WIDER_train/images/27--Spa/27_Spa_Spa_27_864.jpg</path><source><database>Unknown</database></source><size><width>1024</width><height>768</height><depth>3</depth></size><segmented>0</segmented><object><name>face</name><pose>Unspecified</pose><truncated>0</truncated><difficult>0</difficult><bndbox><xmin>96</xmin><ymin>190</ymin><xmax>192</xmax><ymax>300</ymax></bndbox></object><object><name>face</name><pose>Unspecified</pose><truncated>0</truncated><difficult>0</difficult><bndbox><xmin>806</xmin><ymin>182</ymin><xmax>890</xmax><ymax>292</ymax></bndbox></object></annotation>