<annotation>
	<folder>train</folder>
	<filename>28_Sports_Fan_Sports_Fan_28_918.jpg</filename>
	<path>D:\mask_dataset\train\28_Sports_Fan_Sports_Fan_28_918.jpg</path>
	<source>
		<database>Unknown</database>
	</source>
	<size>
		<width>1024</width>
		<height>576</height>
		<depth>3</depth>
	</size>
	<segmented>0</segmented>
	<object>
		<name>face</name>
		<pose>Unspecified</pose>
		<truncated>0</truncated>
		<difficult>0</difficult>
		<bndbox>
			<xmin>461</xmin>
			<ymin>100</ymin>
			<xmax>604</xmax>
			<ymax>292</ymax>
		</bndbox>
	</object>
</annotation>
