<annotation><folder>28--Sports_Fan</folder><filename>28_Sports_Fan_Sports_Fan_28_333.jpg</filename><path>./WIDER_train/images/28--Sports_Fan/28_Sports_Fan_Sports_Fan_28_333.jpg</path><source><database>Unknown</database></source><size><width>1024</width><height>1591</height><depth>3</depth></size><segmented>0</segmented><object><name>face</name><pose>Unspecified</pose><truncated>0</truncated><difficult>0</difficult><bndbox><xmin>469</xmin><ymin>127</ymin><xmax>590</xmax><ymax>288</ymax></bndbox></object></annotation>