<annotation>
	<folder>train</folder>
	<filename>28_Sports_Fan_Sports_Fan_28_906.jpg</filename>
	<path>D:\mask_dataset\train\28_Sports_Fan_Sports_Fan_28_906.jpg</path>
	<source>
		<database>Unknown</database>
	</source>
	<size>
		<width>1024</width>
		<height>683</height>
		<depth>3</depth>
	</size>
	<segmented>0</segmented>
	<object>
		<name>face</name>
		<pose>Unspecified</pose>
		<truncated>0</truncated>
		<difficult>0</difficult>
		<bndbox>
			<xmin>111</xmin>
			<ymin>157</ymin>
			<xmax>144</xmax>
			<ymax>222</ymax>
		</bndbox>
	</object>
	<object>
		<name>face</name>
		<pose>Unspecified</pose>
		<truncated>0</truncated>
		<difficult>0</difficult>
		<bndbox>
			<xmin>360</xmin>
			<ymin>141</ymin>
			<xmax>430</xmax>
			<ymax>242</ymax>
		</bndbox>
	</object>
	<object>
		<name>face</name>
		<pose>Unspecified</pose>
		<truncated>0</truncated>
		<difficult>0</difficult>
		<bndbox>
			<xmin>603</xmin>
			<ymin>66</ymin>
			<xmax>751</xmax>
			<ymax>280</ymax>
		</bndbox>
	</object>
</annotation>
