<annotation>
	<folder>train</folder>
	<filename>28_Sports_Fan_Sports_Fan_28_253.jpg</filename>
	<path>D:\mask_dataset\train\28_Sports_Fan_Sports_Fan_28_253.jpg</path>
	<source>
		<database>Unknown</database>
	</source>
	<size>
		<width>1024</width>
		<height>683</height>
		<depth>3</depth>
	</size>
	<segmented>0</segmented>
	<object>
		<name>face</name>
		<pose>Unspecified</pose>
		<truncated>0</truncated>
		<difficult>0</difficult>
		<bndbox>
			<xmin>678</xmin>
			<ymin>289</ymin>
			<xmax>716</xmax>
			<ymax>329</ymax>
		</bndbox>
	</object>
	<object>
		<name>face</name>
		<pose>Unspecified</pose>
		<truncated>0</truncated>
		<difficult>0</difficult>
		<bndbox>
			<xmin>68</xmin>
			<ymin>76</ymin>
			<xmax>94</xmax>
			<ymax>107</ymax>
		</bndbox>
	</object>
	<object>
		<name>face</name>
		<pose>Unspecified</pose>
		<truncated>0</truncated>
		<difficult>0</difficult>
		<bndbox>
			<xmin>159</xmin>
			<ymin>78</ymin>
			<xmax>181</xmax>
			<ymax>106</ymax>
		</bndbox>
	</object>
	<object>
		<name>face</name>
		<pose>Unspecified</pose>
		<truncated>0</truncated>
		<difficult>0</difficult>
		<bndbox>
			<xmin>260</xmin>
			<ymin>88</ymin>
			<xmax>284</xmax>
			<ymax>117</ymax>
		</bndbox>
	</object>
</annotation>
