<annotation><folder>28--Sports_Fan</folder><filename>28_Sports_Fan_Sports_Fan_28_646.jpg</filename><path>./WIDER_train/images/28--Sports_Fan/28_Sports_Fan_Sports_Fan_28_646.jpg</path><source><database>Unknown</database></source><size><width>1024</width><height>938</height><depth>3</depth></size><segmented>0</segmented><object><name>face</name><pose>Unspecified</pose><truncated>0</truncated><difficult>0</difficult><bndbox><xmin>454</xmin><ymin>26</ymin><xmax>956</xmax><ymax>684</ymax></bndbox></object></annotation>