<annotation>
	<folder>train</folder>
	<filename>28_Sports_Fan_Sports_Fan_28_789.jpg</filename>
	<path>/home/daniel/Data/Dataset/FaceMaskNew/train/28_Sports_Fan_Sports_Fan_28_789.jpg</path>
	<source>
		<database>Unknown</database>
	</source>
	<size>
		<width>1024</width>
		<height>660</height>
		<depth>3</depth>
	</size>
	<segmented>0</segmented>
	<object>
		<name>face</name>
		<pose>Unspecified</pose>
		<truncated>0</truncated>
		<difficult>0</difficult>
		<bndbox>
			<xmin>283</xmin>
			<ymin>167</ymin>
			<xmax>346</xmax>
			<ymax>236</ymax>
		</bndbox>
	</object>
	<object>
		<name>face</name>
		<pose>Unspecified</pose>
		<truncated>0</truncated>
		<difficult>0</difficult>
		<bndbox>
			<xmin>583</xmin>
			<ymin>141</ymin>
			<xmax>630</xmax>
			<ymax>202</ymax>
		</bndbox>
	</object>
	<object>
		<name>face</name>
		<pose>Unspecified</pose>
		<truncated>0</truncated>
		<difficult>0</difficult>
		<bndbox>
			<xmin>757</xmin>
			<ymin>300</ymin>
			<xmax>867</xmax>
			<ymax>444</ymax>
		</bndbox>
	</object>
</annotation>
