<annotation>
	<folder>train</folder>
	<filename>28_Sports_Fan_Sports_Fan_28_790.jpg</filename>
	<path>D:\mask_dataset\train\28_Sports_Fan_Sports_Fan_28_790.jpg</path>
	<source>
		<database>Unknown</database>
	</source>
	<size>
		<width>1024</width>
		<height>1366</height>
		<depth>3</depth>
	</size>
	<segmented>0</segmented>
	<object>
		<name>face</name>
		<pose>Unspecified</pose>
		<truncated>0</truncated>
		<difficult>0</difficult>
		<bndbox>
			<xmin>427</xmin>
			<ymin>153</ymin>
			<xmax>645</xmax>
			<ymax>391</ymax>
		</bndbox>
	</object>
</annotation>
