<annotation>
	<folder>train</folder>
	<filename>28_Sports_Fan_Sports_Fan_28_377.jpg</filename>
	<path>/home/daniel/Data/Dataset/FaceMaskNew/train/28_Sports_Fan_Sports_Fan_28_377.jpg</path>
	<source>
		<database>Unknown</database>
	</source>
	<size>
		<width>1024</width>
		<height>771</height>
		<depth>3</depth>
	</size>
	<segmented>0</segmented>
	<object>
		<name>face</name>
		<pose>Unspecified</pose>
		<truncated>0</truncated>
		<difficult>0</difficult>
		<bndbox>
			<xmin>274</xmin>
			<ymin>127</ymin>
			<xmax>319</xmax>
			<ymax>186</ymax>
		</bndbox>
	</object>
	<object>
		<name>face</name>
		<pose>Unspecified</pose>
		<truncated>0</truncated>
		<difficult>0</difficult>
		<bndbox>
			<xmin>371</xmin>
			<ymin>164</ymin>
			<xmax>416</xmax>
			<ymax>215</ymax>
		</bndbox>
	</object>
	<object>
		<name>face</name>
		<pose>Unspecified</pose>
		<truncated>0</truncated>
		<difficult>0</difficult>
		<bndbox>
			<xmin>451</xmin>
			<ymin>183</ymin>
			<xmax>492</xmax>
			<ymax>229</ymax>
		</bndbox>
	</object>
	<object>
		<name>face</name>
		<pose>Unspecified</pose>
		<truncated>0</truncated>
		<difficult>0</difficult>
		<bndbox>
			<xmin>494</xmin>
			<ymin>163</ymin>
			<xmax>533</xmax>
			<ymax>210</ymax>
		</bndbox>
	</object>
	<object>
		<name>face</name>
		<pose>Unspecified</pose>
		<truncated>0</truncated>
		<difficult>0</difficult>
		<bndbox>
			<xmin>614</xmin>
			<ymin>176</ymin>
			<xmax>655</xmax>
			<ymax>224</ymax>
		</bndbox>
	</object>
	<object>
		<name>face</name>
		<pose>Unspecified</pose>
		<truncated>0</truncated>
		<difficult>0</difficult>
		<bndbox>
			<xmin>698</xmin>
			<ymin>205</ymin>
			<xmax>735</xmax>
			<ymax>250</ymax>
		</bndbox>
	</object>
</annotation>
