<annotation>
	<folder>train</folder>
	<filename>28_Sports_Fan_Sports_Fan_28_56.jpg</filename>
	<path>/home/daniel/Data/Dataset/FaceMaskNew/train/28_Sports_Fan_Sports_Fan_28_56.jpg</path>
	<source>
		<database>Unknown</database>
	</source>
	<size>
		<width>1024</width>
		<height>683</height>
		<depth>3</depth>
	</size>
	<segmented>0</segmented>
	<object>
		<name>face</name>
		<pose>Unspecified</pose>
		<truncated>0</truncated>
		<difficult>0</difficult>
		<bndbox>
			<xmin>238</xmin>
			<ymin>158</ymin>
			<xmax>314</xmax>
			<ymax>238</ymax>
		</bndbox>
	</object>
	<object>
		<name>face</name>
		<pose>Unspecified</pose>
		<truncated>0</truncated>
		<difficult>0</difficult>
		<bndbox>
			<xmin>388</xmin>
			<ymin>126</ymin>
			<xmax>446</xmax>
			<ymax>204</ymax>
		</bndbox>
	</object>
	<object>
		<name>face</name>
		<pose>Unspecified</pose>
		<truncated>0</truncated>
		<difficult>0</difficult>
		<bndbox>
			<xmin>474</xmin>
			<ymin>128</ymin>
			<xmax>548</xmax>
			<ymax>240</ymax>
		</bndbox>
	</object>
	<object>
		<name>face</name>
		<pose>Unspecified</pose>
		<truncated>1</truncated>
		<difficult>0</difficult>
		<bndbox>
			<xmin>101</xmin>
			<ymin>1</ymin>
			<xmax>157</xmax>
			<ymax>44</ymax>
		</bndbox>
	</object>
</annotation>
