<annotation><folder>30--Surgeons</folder><filename>30_Surgeons_Surgeons_30_1013.jpg</filename><path>./WIDER_train/images/30--Surgeons/30_Surgeons_Surgeons_30_1013.jpg</path><source><database>Unknown</database></source><size><width>1024</width><height>813</height><depth>3</depth></size><segmented>0</segmented><object><name>face</name><pose>Unspecified</pose><truncated>0</truncated><difficult>0</difficult><bndbox><xmin>358</xmin><ymin>345</ymin><xmax>391</xmax><ymax>386</ymax></bndbox></object><object><name>face</name><pose>Unspecified</pose><truncated>0</truncated><difficult>0</difficult><bndbox><xmin>492</xmin><ymin>341</ymin><xmax>527</xmax><ymax>387</ymax></bndbox></object><object><name>face</name><pose>Unspecified</pose><truncated>0</truncated><difficult>0</difficult><bndbox><xmin>673</xmin><ymin>346</ymin><xmax>709</xmax><ymax>394</ymax></bndbox></object></annotation>