<annotation><folder>30--Surgeons</folder><filename>30_Surgeons_Surgeons_30_11.jpg</filename><path>./WIDER_train/images/30--Surgeons/30_Surgeons_Surgeons_30_11.jpg</path><source><database>Unknown</database></source><size><width>1024</width><height>700</height><depth>3</depth></size><segmented>0</segmented><object><name>face</name><pose>Unspecified</pose><truncated>0</truncated><difficult>0</difficult><bndbox><xmin>84</xmin><ymin>424</ymin><xmax>168</xmax><ymax>536</ymax></bndbox></object><object><name>face</name><pose>Unspecified</pose><truncated>0</truncated><difficult>0</difficult><bndbox><xmin>406</xmin><ymin>240</ymin><xmax>512</xmax><ymax>374</ymax></bndbox></object><object><name>face</name><pose>Unspecified</pose><truncated>0</truncated><difficult>0</difficult><bndbox><xmin>540</xmin><ymin>192</ymin><xmax>628</xmax><ymax>294</ymax></bndbox></object><object><name>face</name><pose>Unspecified</pose><truncated>0</truncated><difficult>0</difficult><bndbox><xmin>746</xmin><ymin>218</ymin><xmax>842</xmax><ymax>326</ymax></bndbox></object><object><name>face</name><pose>Unspecified</pose><truncated>0</truncated><difficult>0</difficult><bndbox><xmin>782</xmin><ymin>412</ymin><xmax>862</xmax><ymax>512</ymax></bndbox></object><object><name>face</name><pose>Unspecified</pose><truncated>0</truncated><difficult>0</difficult><bndbox><xmin>836</xmin><ymin>54</ymin><xmax>906</xmax><ymax>162</ymax></bndbox></object><object><name>face</name><pose>Unspecified</pose><truncated>0</truncated><difficult>0</difficult><bndbox><xmin>682</xmin><ymin>94</ymin><xmax>752</xmax><ymax>188</ymax></bndbox></object><object><name>face</name><pose>Unspecified</pose><truncated>0</truncated><difficult>0</difficult><bndbox><xmin>498</xmin><ymin>30</ymin><xmax>568</xmax><ymax>118</ymax></bndbox></object><object><name>face</name><pose>Unspecified</pose><truncated>0</truncated><difficult>0</difficult><bndbox><xmin>378</xmin><ymin>82</ymin><xmax>454</xmax><ymax>186</ymax></bndbox></object><object><name>face</name><pose>Unspecified</pose><truncated>0</truncated><difficult>0</difficult><bndbox><xmin>262</xmin><ymin>102</ymin><xmax>328</xmax><ymax>196</ymax></bndbox></object><object><name>face</name><pose>Unspecified</pose><truncated>0</truncated><difficult>0</difficult><bndbox><xmin>194</xmin><ymin>232</ymin><xmax>264</xmax><ymax>328</ymax></bndbox></object></annotation>