<annotation><folder>30--Surgeons</folder><filename>30_Surgeons_Surgeons_30_219.jpg</filename><path>./WIDER_train/images/30--Surgeons/30_Surgeons_Surgeons_30_219.jpg</path><source><database>Unknown</database></source><size><width>1024</width><height>1536</height><depth>3</depth></size><segmented>0</segmented><object><name>face</name><pose>Unspecified</pose><truncated>0</truncated><difficult>0</difficult><bndbox><xmin>231</xmin><ymin>129</ymin><xmax>378</xmax><ymax>318</ymax></bndbox></object><object><name>face</name><pose>Unspecified</pose><truncated>0</truncated><difficult>0</difficult><bndbox><xmin>571</xmin><ymin>93</ymin><xmax>718</xmax><ymax>318</ymax></bndbox></object></annotation>