<annotation><folder>30--Surgeons</folder><filename>30_Surgeons_Surgeons_30_292.jpg</filename><path>./WIDER_train/images/30--Surgeons/30_Surgeons_Surgeons_30_292.jpg</path><source><database>Unknown</database></source><size><width>1024</width><height>1810</height><depth>3</depth></size><segmented>0</segmented><object><name>face</name><pose>Unspecified</pose><truncated>0</truncated><difficult>0</difficult><bndbox><xmin>251</xmin><ymin>162</ymin><xmax>449</xmax><ymax>497</ymax></bndbox></object><object><name>face</name><pose>Unspecified</pose><truncated>0</truncated><difficult>0</difficult><bndbox><xmin>456</xmin><ymin>155</ymin><xmax>668</xmax><ymax>462</ymax></bndbox></object></annotation>