<annotation>
	<folder>train</folder>
	<filename>30_Surgeons_Surgeons_30_654.jpg</filename>
	<path>/home/daniel/Data/Dataset/FaceMaskNew/train/30_Surgeons_Surgeons_30_654.jpg</path>
	<source>
		<database>Unknown</database>
	</source>
	<size>
		<width>1024</width>
		<height>721</height>
		<depth>3</depth>
	</size>
	<segmented>0</segmented>
	<object>
		<name>face_mask</name>
		<pose>Unspecified</pose>
		<truncated>0</truncated>
		<difficult>0</difficult>
		<bndbox>
			<xmin>248</xmin>
			<ymin>136</ymin>
			<xmax>312</xmax>
			<ymax>268</ymax>
		</bndbox>
	</object>
	<object>
		<name>face_mask</name>
		<pose>Unspecified</pose>
		<truncated>0</truncated>
		<difficult>0</difficult>
		<bndbox>
			<xmin>372</xmin>
			<ymin>126</ymin>
			<xmax>466</xmax>
			<ymax>220</ymax>
		</bndbox>
	</object>
</annotation>
