<annotation><folder>30--Surgeons</folder><filename>30_Surgeons_Surgeons_30_863.jpg</filename><path>./WIDER_train/images/30--Surgeons/30_Surgeons_Surgeons_30_863.jpg</path><source><database>Unknown</database></source><size><width>1024</width><height>669</height><depth>3</depth></size><segmented>0</segmented><object><name>face</name><pose>Unspecified</pose><truncated>0</truncated><difficult>0</difficult><bndbox><xmin>36</xmin><ymin>154</ymin><xmax>176</xmax><ymax>336</ymax></bndbox></object><object><name>face</name><pose>Unspecified</pose><truncated>0</truncated><difficult>0</difficult><bndbox><xmin>420</xmin><ymin>110</ymin><xmax>572</xmax><ymax>326</ymax></bndbox></object><object><name>face</name><pose>Unspecified</pose><truncated>0</truncated><difficult>0</difficult><bndbox><xmin>764</xmin><ymin>110</ymin><xmax>954</xmax><ymax>358</ymax></bndbox></object></annotation>