<annotation><folder>30--Surgeons</folder><filename>30_Surgeons_Surgeons_30_1045.jpg</filename><path>./WIDER_train/images/30--Surgeons/30_Surgeons_Surgeons_30_1045.jpg</path><source><database>Unknown</database></source><size><width>1024</width><height>768</height><depth>3</depth></size><segmented>0</segmented><object><name>face</name><pose>Unspecified</pose><truncated>0</truncated><difficult>0</difficult><bndbox><xmin>256</xmin><ymin>166</ymin><xmax>396</xmax><ymax>380</ymax></bndbox></object><object><name>face</name><pose>Unspecified</pose><truncated>0</truncated><difficult>0</difficult><bndbox><xmin>612</xmin><ymin>146</ymin><xmax>762</xmax><ymax>342</ymax></bndbox></object></annotation>