<annotation><folder>30--Surgeons</folder><filename>30_Surgeons_Surgeons_30_872.jpg</filename><path>./WIDER_train/images/30--Surgeons/30_Surgeons_Surgeons_30_872.jpg</path><source><database>Unknown</database></source><size><width>1024</width><height>765</height><depth>3</depth></size><segmented>0</segmented><object><name>face</name><pose>Unspecified</pose><truncated>0</truncated><difficult>0</difficult><bndbox><xmin>384</xmin><ymin>46</ymin><xmax>554</xmax><ymax>256</ymax></bndbox></object><object><name>face</name><pose>Unspecified</pose><truncated>0</truncated><difficult>0</difficult><bndbox><xmin>578</xmin><ymin>546</ymin><xmax>828</xmax><ymax>698</ymax></bndbox></object></annotation>