<annotation><folder>30--Surgeons</folder><filename>30_Surgeons_Surgeons_30_944.jpg</filename><path>./WIDER_train/images/30--Surgeons/30_Surgeons_Surgeons_30_944.jpg</path><source><database>Unknown</database></source><size><width>1024</width><height>746</height><depth>3</depth></size><segmented>0</segmented><object><name>face</name><pose>Unspecified</pose><truncated>0</truncated><difficult>0</difficult><bndbox><xmin>42</xmin><ymin>84</ymin><xmax>394</xmax><ymax>634</ymax></bndbox></object><object><name>face</name><pose>Unspecified</pose><truncated>0</truncated><difficult>0</difficult><bndbox><xmin>542</xmin><ymin>108</ymin><xmax>908</xmax><ymax>662</ymax></bndbox></object></annotation>