<annotation><folder>30--Surgeons</folder><filename>30_Surgeons_Surgeons_30_289.jpg</filename><path>./WIDER_train/images/30--Surgeons/30_Surgeons_Surgeons_30_289.jpg</path><source><database>Unknown</database></source><size><width>1024</width><height>683</height><depth>3</depth></size><segmented>0</segmented><object><name>face</name><pose>Unspecified</pose><truncated>0</truncated><difficult>0</difficult><bndbox><xmin>190</xmin><ymin>158</ymin><xmax>316</xmax><ymax>350</ymax></bndbox></object><object><name>face</name><pose>Unspecified</pose><truncated>0</truncated><difficult>0</difficult><bndbox><xmin>758</xmin><ymin>124</ymin><xmax>906</xmax><ymax>354</ymax></bndbox></object><object><name>face</name><pose>Unspecified</pose><truncated>0</truncated><difficult>0</difficult><bndbox><xmin>402</xmin><ymin>26</ymin><xmax>548</xmax><ymax>238</ymax></bndbox></object></annotation>