<annotation>
	<folder>train</folder>
	<filename>30_Surgeons_Surgeons_30_875.jpg</filename>
	<path>D:\mask_dataset\train\30_Surgeons_Surgeons_30_875.jpg</path>
	<source>
		<database>Unknown</database>
	</source>
	<size>
		<width>1024</width>
		<height>682</height>
		<depth>3</depth>
	</size>
	<segmented>0</segmented>
	<object>
		<name>face_mask</name>
		<pose>Unspecified</pose>
		<truncated>0</truncated>
		<difficult>0</difficult>
		<bndbox>
			<xmin>47</xmin>
			<ymin>44</ymin>
			<xmax>251</xmax>
			<ymax>383</ymax>
		</bndbox>
	</object>
	<object>
		<name>face_mask</name>
		<pose>Unspecified</pose>
		<truncated>0</truncated>
		<difficult>0</difficult>
		<bndbox>
			<xmin>819</xmin>
			<ymin>304</ymin>
			<xmax>930</xmax>
			<ymax>466</ymax>
		</bndbox>
	</object>
	<object>
		<name>face_mask</name>
		<pose>Unspecified</pose>
		<truncated>0</truncated>
		<difficult>0</difficult>
		<bndbox>
			<xmin>331</xmin>
			<ymin>394</ymin>
			<xmax>426</xmax>
			<ymax>534</ymax>
		</bndbox>
	</object>
</annotation>
