<annotation><folder>30--Surgeons</folder><filename>30_Surgeons_Surgeons_30_855.jpg</filename><path>./WIDER_train/images/30--Surgeons/30_Surgeons_Surgeons_30_855.jpg</path><source><database>Unknown</database></source><size><width>1024</width><height>706</height><depth>3</depth></size><segmented>0</segmented><object><name>face</name><pose>Unspecified</pose><truncated>0</truncated><difficult>0</difficult><bndbox><xmin>110</xmin><ymin>100</ymin><xmax>182</xmax><ymax>192</ymax></bndbox></object><object><name>face</name><pose>Unspecified</pose><truncated>0</truncated><difficult>0</difficult><bndbox><xmin>238</xmin><ymin>44</ymin><xmax>306</xmax><ymax>136</ymax></bndbox></object><object><name>face</name><pose>Unspecified</pose><truncated>0</truncated><difficult>0</difficult><bndbox><xmin>396</xmin><ymin>58</ymin><xmax>468</xmax><ymax>156</ymax></bndbox></object><object><name>face</name><pose>Unspecified</pose><truncated>0</truncated><difficult>0</difficult><bndbox><xmin>534</xmin><ymin>68</ymin><xmax>596</xmax><ymax>152</ymax></bndbox></object><object><name>face</name><pose>Unspecified</pose><truncated>0</truncated><difficult>0</difficult><bndbox><xmin>704</xmin><ymin>84</ymin><xmax>766</xmax><ymax>160</ymax></bndbox></object><object><name>face</name><pose>Unspecified</pose><truncated>0</truncated><difficult>0</difficult><bndbox><xmin>832</xmin><ymin>84</ymin><xmax>902</xmax><ymax>154</ymax></bndbox></object><object><name>face</name><pose>Unspecified</pose><truncated>0</truncated><difficult>0</difficult><bndbox><xmin>638</xmin><ymin>282</ymin><xmax>710</xmax><ymax>382</ymax></bndbox></object><object><name>face</name><pose>Unspecified</pose><truncated>0</truncated><difficult>0</difficult><bndbox><xmin>370</xmin><ymin>274</ymin><xmax>448</xmax><ymax>388</ymax></bndbox></object></annotation>