<annotation><folder>30--Surgeons</folder><filename>30_Surgeons_Surgeons_30_90.jpg</filename><path>./WIDER_train/images/30--Surgeons/30_Surgeons_Surgeons_30_90.jpg</path><source><database>Unknown</database></source><size><width>1024</width><height>1009</height><depth>3</depth></size><segmented>0</segmented><object><name>face</name><pose>Unspecified</pose><truncated>0</truncated><difficult>0</difficult><bndbox><xmin>206</xmin><ymin>104</ymin><xmax>324</xmax><ymax>246</ymax></bndbox></object><object><name>face</name><pose>Unspecified</pose><truncated>0</truncated><difficult>0</difficult><bndbox><xmin>648</xmin><ymin>232</ymin><xmax>758</xmax><ymax>384</ymax></bndbox></object></annotation>