<annotation><folder>30--Surgeons</folder><filename>30_Surgeons_Surgeons_30_780.jpg</filename><path>./WIDER_train/images/30--Surgeons/30_Surgeons_Surgeons_30_780.jpg</path><source><database>Unknown</database></source><size><width>1024</width><height>177</height><depth>3</depth></size><segmented>0</segmented><object><name>face</name><pose>Unspecified</pose><truncated>0</truncated><difficult>0</difficult><bndbox><xmin>538</xmin><ymin>10</ymin><xmax>614</xmax><ymax>110</ymax></bndbox></object><object><name>face</name><pose>Unspecified</pose><truncated>0</truncated><difficult>0</difficult><bndbox><xmin>674</xmin><ymin>52</ymin><xmax>734</xmax><ymax>146</ymax></bndbox></object></annotation>