<annotation><folder>30--Surgeons</folder><filename>30_Surgeons_Surgeons_30_754.jpg</filename><path>./WIDER_train/images/30--Surgeons/30_Surgeons_Surgeons_30_754.jpg</path><source><database>Unknown</database></source><size><width>1024</width><height>820</height><depth>3</depth></size><segmented>0</segmented><object><name>face</name><pose>Unspecified</pose><truncated>0</truncated><difficult>0</difficult><bndbox><xmin>270</xmin><ymin>100</ymin><xmax>460</xmax><ymax>422</ymax></bndbox></object><object><name>face</name><pose>Unspecified</pose><truncated>0</truncated><difficult>0</difficult><bndbox><xmin>628</xmin><ymin>330</ymin><xmax>814</xmax><ymax>578</ymax></bndbox></object></annotation>