<annotation><folder>30--Surgeons</folder><filename>30_Surgeons_Surgeons_30_309.jpg</filename><path>./WIDER_train/images/30--Surgeons/30_Surgeons_Surgeons_30_309.jpg</path><source><database>Unknown</database></source><size><width>1024</width><height>768</height><depth>3</depth></size><segmented>0</segmented><object><name>face</name><pose>Unspecified</pose><truncated>0</truncated><difficult>0</difficult><bndbox><xmin>304</xmin><ymin>190</ymin><xmax>614</xmax><ymax>580</ymax></bndbox></object><object><name>face</name><pose>Unspecified</pose><truncated>0</truncated><difficult>0</difficult><bndbox><xmin>686</xmin><ymin>94</ymin><xmax>1024</xmax><ymax>514</ymax></bndbox></object><object><name>face</name><pose>Unspecified</pose><truncated>0</truncated><difficult>0</difficult><bndbox><xmin>0</xmin><ymin>94</ymin><xmax>258</xmax><ymax>470</ymax></bndbox></object></annotation>