<annotation><folder>30--Surgeons</folder><filename>30_Surgeons_Surgeons_30_535.jpg</filename><path>./WIDER_train/images/30--Surgeons/30_Surgeons_Surgeons_30_535.jpg</path><source><database>Unknown</database></source><size><width>1024</width><height>1543</height><depth>3</depth></size><segmented>0</segmented><object><name>face</name><pose>Unspecified</pose><truncated>0</truncated><difficult>0</difficult><bndbox><xmin>286</xmin><ymin>187</ymin><xmax>726</xmax><ymax>871</ymax></bndbox></object></annotation>