<annotation><folder>30--Surgeons</folder><filename>30_Surgeons_Surgeons_30_210.jpg</filename><path>./WIDER_train/images/30--Surgeons/30_Surgeons_Surgeons_30_210.jpg</path><source><database>Unknown</database></source><size><width>1024</width><height>714</height><depth>3</depth></size><segmented>0</segmented><object><name>face</name><pose>Unspecified</pose><truncated>0</truncated><difficult>0</difficult><bndbox><xmin>148</xmin><ymin>236</ymin><xmax>210</xmax><ymax>304</ymax></bndbox></object><object><name>face</name><pose>Unspecified</pose><truncated>0</truncated><difficult>0</difficult><bndbox><xmin>474</xmin><ymin>135</ymin><xmax>568</xmax><ymax>240</ymax></bndbox></object><object><name>face</name><pose>Unspecified</pose><truncated>0</truncated><difficult>0</difficult><bndbox><xmin>872</xmin><ymin>313</ymin><xmax>932</xmax><ymax>383</ymax></bndbox></object></annotation>