<annotation><folder>30--Surgeons</folder><filename>30_Surgeons_Surgeons_30_53.jpg</filename><path>./WIDER_train/images/30--Surgeons/30_Surgeons_Surgeons_30_53.jpg</path><source><database>Unknown</database></source><size><width>1024</width><height>710</height><depth>3</depth></size><segmented>0</segmented><object><name>face</name><pose>Unspecified</pose><truncated>0</truncated><difficult>0</difficult><bndbox><xmin>652</xmin><ymin>260</ymin><xmax>732</xmax><ymax>362</ymax></bndbox></object><object><name>face</name><pose>Unspecified</pose><truncated>0</truncated><difficult>0</difficult><bndbox><xmin>766</xmin><ymin>216</ymin><xmax>832</xmax><ymax>304</ymax></bndbox></object><object><name>face</name><pose>Unspecified</pose><truncated>0</truncated><difficult>0</difficult><bndbox><xmin>860</xmin><ymin>178</ymin><xmax>928</xmax><ymax>264</ymax></bndbox></object><object><name>face</name><pose>Unspecified</pose><truncated>0</truncated><difficult>0</difficult><bndbox><xmin>204</xmin><ymin>160</ymin><xmax>276</xmax><ymax>250</ymax></bndbox></object><object><name>face</name><pose>Unspecified</pose><truncated>0</truncated><difficult>0</difficult><bndbox><xmin>82</xmin><ymin>260</ymin><xmax>170</xmax><ymax>364</ymax></bndbox></object></annotation>