<annotation><folder>30--Surgeons</folder><filename>30_Surgeons_Surgeons_30_218.jpg</filename><path>./WIDER_train/images/30--Surgeons/30_Surgeons_Surgeons_30_218.jpg</path><source><database>Unknown</database></source><size><width>1024</width><height>1130</height><depth>3</depth></size><segmented>0</segmented><object><name>face</name><pose>Unspecified</pose><truncated>0</truncated><difficult>0</difficult><bndbox><xmin>311</xmin><ymin>121</ymin><xmax>642</xmax><ymax>693</ymax></bndbox></object></annotation>