<annotation>
	<folder>train</folder>
	<filename>30_Surgeons_Surgeons_30_645.jpg</filename>
	<path>D:\mask_dataset\train\30_Surgeons_Surgeons_30_645.jpg</path>
	<source>
		<database>Unknown</database>
	</source>
	<size>
		<width>1024</width>
		<height>767</height>
		<depth>3</depth>
	</size>
	<segmented>0</segmented>
	<object>
		<name>face</name>
		<pose>Unspecified</pose>
		<truncated>0</truncated>
		<difficult>0</difficult>
		<bndbox>
			<xmin>320</xmin>
			<ymin>213</ymin>
			<xmax>357</xmax>
			<ymax>261</ymax>
		</bndbox>
	</object>
	<object>
		<name>face</name>
		<pose>Unspecified</pose>
		<truncated>0</truncated>
		<difficult>0</difficult>
		<bndbox>
			<xmin>408</xmin>
			<ymin>213</ymin>
			<xmax>451</xmax>
			<ymax>264</ymax>
		</bndbox>
	</object>
	<object>
		<name>face</name>
		<pose>Unspecified</pose>
		<truncated>0</truncated>
		<difficult>0</difficult>
		<bndbox>
			<xmin>552</xmin>
			<ymin>209</ymin>
			<xmax>589</xmax>
			<ymax>255</ymax>
		</bndbox>
	</object>
	<object>
		<name>face</name>
		<pose>Unspecified</pose>
		<truncated>0</truncated>
		<difficult>0</difficult>
		<bndbox>
			<xmin>705</xmin>
			<ymin>210</ymin>
			<xmax>745</xmax>
			<ymax>261</ymax>
		</bndbox>
	</object>
</annotation>
