<annotation><folder>30--Surgeons</folder><filename>30_Surgeons_Surgeons_30_133.jpg</filename><path>./WIDER_train/images/30--Surgeons/30_Surgeons_Surgeons_30_133.jpg</path><source><database>Unknown</database></source><size><width>1024</width><height>1392</height><depth>3</depth></size><segmented>0</segmented><object><name>face</name><pose>Unspecified</pose><truncated>0</truncated><difficult>0</difficult><bndbox><xmin>215</xmin><ymin>98</ymin><xmax>394</xmax><ymax>372</ymax></bndbox></object><object><name>face</name><pose>Unspecified</pose><truncated>0</truncated><difficult>0</difficult><bndbox><xmin>579</xmin><ymin>95</ymin><xmax>739</xmax><ymax>337</ymax></bndbox></object></annotation>