<annotation>
	<folder>train</folder>
	<filename>30_Surgeons_Surgeons_30_901.jpg</filename>
	<path>D:\mask_dataset\train\30_Surgeons_Surgeons_30_901.jpg</path>
	<source>
		<database>Unknown</database>
	</source>
	<size>
		<width>1024</width>
		<height>312</height>
		<depth>3</depth>
	</size>
	<segmented>0</segmented>
	<object>
		<name>face_mask</name>
		<pose>Unspecified</pose>
		<truncated>0</truncated>
		<difficult>0</difficult>
		<bndbox>
			<xmin>696</xmin>
			<ymin>44</ymin>
			<xmax>820</xmax>
			<ymax>174</ymax>
		</bndbox>
	</object>
	<object>
		<name>face_mask</name>
		<pose>Unspecified</pose>
		<truncated>0</truncated>
		<difficult>0</difficult>
		<bndbox>
			<xmin>790</xmin>
			<ymin>26</ymin>
			<xmax>973</xmax>
			<ymax>150</ymax>
		</bndbox>
	</object>
	<object>
		<name>face_mask</name>
		<pose>Unspecified</pose>
		<truncated>0</truncated>
		<difficult>0</difficult>
		<bndbox>
			<xmin>512</xmin>
			<ymin>10</ymin>
			<xmax>654</xmax>
			<ymax>138</ymax>
		</bndbox>
	</object>
</annotation>
