<annotation><folder>30--Surgeons</folder><filename>30_Surgeons_Surgeons_30_1012.jpg</filename><path>./WIDER_train/images/30--Surgeons/30_Surgeons_Surgeons_30_1012.jpg</path><source><database>Unknown</database></source><size><width>1024</width><height>1106</height><depth>3</depth></size><segmented>0</segmented><object><name>face</name><pose>Unspecified</pose><truncated>0</truncated><difficult>0</difficult><bndbox><xmin>13</xmin><ymin>39</ymin><xmax>741</xmax><ymax>923</ymax></bndbox></object></annotation>