<annotation><folder>30--Surgeons</folder><filename>30_Surgeons_Surgeons_30_723.jpg</filename><path>./WIDER_train/images/30--Surgeons/30_Surgeons_Surgeons_30_723.jpg</path><source><database>Unknown</database></source><size><width>1024</width><height>426</height><depth>3</depth></size><segmented>0</segmented><object><name>face</name><pose>Unspecified</pose><truncated>0</truncated><difficult>0</difficult><bndbox><xmin>228</xmin><ymin>54</ymin><xmax>307</xmax><ymax>158</ymax></bndbox></object><object><name>face</name><pose>Unspecified</pose><truncated>0</truncated><difficult>0</difficult><bndbox><xmin>479</xmin><ymin>54</ymin><xmax>548</xmax><ymax>167</ymax></bndbox></object></annotation>