<annotation><folder>30--Surgeons</folder><filename>30_Surgeons_Surgeons_30_793.jpg</filename><path>./WIDER_train/images/30--Surgeons/30_Surgeons_Surgeons_30_793.jpg</path><source><database>Unknown</database></source><size><width>1024</width><height>372</height><depth>3</depth></size><segmented>0</segmented><object><name>face</name><pose>Unspecified</pose><truncated>0</truncated><difficult>0</difficult><bndbox><xmin>68</xmin><ymin>10</ymin><xmax>430</xmax><ymax>336</ymax></bndbox></object><object><name>face</name><pose>Unspecified</pose><truncated>0</truncated><difficult>0</difficult><bndbox><xmin>460</xmin><ymin>4</ymin><xmax>878</xmax><ymax>368</ymax></bndbox></object></annotation>