<annotation><folder>30--Surgeons</folder><filename>30_Surgeons_Surgeons_30_556.jpg</filename><path>./WIDER_train/images/30--Surgeons/30_Surgeons_Surgeons_30_556.jpg</path><source><database>Unknown</database></source><size><width>1024</width><height>711</height><depth>3</depth></size><segmented>0</segmented><object><name>face</name><pose>Unspecified</pose><truncated>0</truncated><difficult>0</difficult><bndbox><xmin>142</xmin><ymin>138</ymin><xmax>208</xmax><ymax>232</ymax></bndbox></object><object><name>face</name><pose>Unspecified</pose><truncated>0</truncated><difficult>0</difficult><bndbox><xmin>326</xmin><ymin>130</ymin><xmax>386</xmax><ymax>212</ymax></bndbox></object><object><name>face</name><pose>Unspecified</pose><truncated>0</truncated><difficult>0</difficult><bndbox><xmin>484</xmin><ymin>146</ymin><xmax>548</xmax><ymax>232</ymax></bndbox></object><object><name>face</name><pose>Unspecified</pose><truncated>0</truncated><difficult>0</difficult><bndbox><xmin>632</xmin><ymin>148</ymin><xmax>694</xmax><ymax>236</ymax></bndbox></object><object><name>face</name><pose>Unspecified</pose><truncated>0</truncated><difficult>0</difficult><bndbox><xmin>792</xmin><ymin>54</ymin><xmax>858</xmax><ymax>142</ymax></bndbox></object></annotation>