<annotation><folder>30--Surgeons</folder><filename>30_Surgeons_Surgeons_30_678.jpg</filename><path>./WIDER_train/images/30--Surgeons/30_Surgeons_Surgeons_30_678.jpg</path><source><database>Unknown</database></source><size><width>1024</width><height>882</height><depth>3</depth></size><segmented>0</segmented><object><name>face</name><pose>Unspecified</pose><truncated>0</truncated><difficult>0</difficult><bndbox><xmin>386</xmin><ymin>122</ymin><xmax>602</xmax><ymax>430</ymax></bndbox></object></annotation>