<annotation><folder>30--Surgeons</folder><filename>30_Surgeons_Surgeons_30_836.jpg</filename><path>./WIDER_train/images/30--Surgeons/30_Surgeons_Surgeons_30_836.jpg</path><source><database>Unknown</database></source><size><width>1024</width><height>1337</height><depth>3</depth></size><segmented>0</segmented><object><name>face</name><pose>Unspecified</pose><truncated>0</truncated><difficult>0</difficult><bndbox><xmin>355</xmin><ymin>128</ymin><xmax>577</xmax><ymax>439</ymax></bndbox></object></annotation>