<annotation><folder>30--Surgeons</folder><filename>30_Surgeons_Surgeons_30_753.jpg</filename><path>./WIDER_train/images/30--Surgeons/30_Surgeons_Surgeons_30_753.jpg</path><source><database>Unknown</database></source><size><width>1024</width><height>684</height><depth>3</depth></size><segmented>0</segmented><object><name>face</name><pose>Unspecified</pose><truncated>0</truncated><difficult>0</difficult><bndbox><xmin>232</xmin><ymin>230</ymin><xmax>374</xmax><ymax>404</ymax></bndbox></object></annotation>