<annotation><folder>30--Surgeons</folder><filename>30_Surgeons_Surgeons_30_46.jpg</filename><path>./WIDER_train/images/30--Surgeons/30_Surgeons_Surgeons_30_46.jpg</path><source><database>Unknown</database></source><size><width>1024</width><height>754</height><depth>3</depth></size><segmented>0</segmented><object><name>face</name><pose>Unspecified</pose><truncated>0</truncated><difficult>0</difficult><bndbox><xmin>290</xmin><ymin>108</ymin><xmax>416</xmax><ymax>238</ymax></bndbox></object><object><name>face</name><pose>Unspecified</pose><truncated>0</truncated><difficult>0</difficult><bndbox><xmin>636</xmin><ymin>168</ymin><xmax>758</xmax><ymax>296</ymax></bndbox></object></annotation>