<annotation><folder>30--Surgeons</folder><filename>30_Surgeons_Surgeons_30_943.jpg</filename><path>./WIDER_train/images/30--Surgeons/30_Surgeons_Surgeons_30_943.jpg</path><source><database>Unknown</database></source><size><width>1024</width><height>1274</height><depth>3</depth></size><segmented>0</segmented><object><name>face</name><pose>Unspecified</pose><truncated>0</truncated><difficult>0</difficult><bndbox><xmin>425</xmin><ymin>301</ymin><xmax>850</xmax><ymax>873</ymax></bndbox></object></annotation>