<annotation><folder>13--Interview</folder><filename>13_Interview_Interview_2_People_Visible_13_14.jpg</filename><path>./WIDER_train/images/13--Interview/13_Interview_Interview_2_People_Visible_13_14.jpg</path><source><database>Unknown</database></source><size><width>1024</width><height>1624</height><depth>3</depth></size><segmented>0</segmented><object><name>face</name><pose>Unspecified</pose><truncated>0</truncated><difficult>0</difficult><bndbox><xmin>269</xmin><ymin>311</ymin><xmax>805</xmax><ymax>1059</ymax></bndbox></object></annotation>