<annotation>
	<folder>train</folder>
	<filename>1_Handshaking_Handshaking_1_61.jpg</filename>
	<path>D:\mask_dataset\train\1_Handshaking_Handshaking_1_61.jpg</path>
	<source>
		<database>Unknown</database>
	</source>
	<size>
		<width>1024</width>
		<height>754</height>
		<depth>3</depth>
	</size>
	<segmented>0</segmented>
	<object>
		<name>face</name>
		<pose>Unspecified</pose>
		<truncated>0</truncated>
		<difficult>0</difficult>
		<bndbox>
			<xmin>618</xmin>
			<ymin>78</ymin>
			<xmax>702</xmax>
			<ymax>190</ymax>
		</bndbox>
	</object>
	<object>
		<name>face</name>
		<pose>Unspecified</pose>
		<truncated>0</truncated>
		<difficult>0</difficult>
		<bndbox>
			<xmin>782</xmin>
			<ymin>108</ymin>
			<xmax>872</xmax>
			<ymax>248</ymax>
		</bndbox>
	</object>
	<object>
		<name>face</name>
		<pose>Unspecified</pose>
		<truncated>0</truncated>
		<difficult>0</difficult>
		<bndbox>
			<xmin>144</xmin>
			<ymin>40</ymin>
			<xmax>214</xmax>
			<ymax>236</ymax>
		</bndbox>
	</object>
</annotation>
