<annotation><folder>1--Handshaking</folder><filename>1_Handshaking_Handshaking_1_374.jpg</filename><path>./WIDER_train/images/1--Handshaking/1_Handshaking_Handshaking_1_374.jpg</path><source><database>Unknown</database></source><size><width>1024</width><height>779</height><depth>3</depth></size><segmented>0</segmented><object><name>face</name><pose>Unspecified</pose><truncated>0</truncated><difficult>0</difficult><bndbox><xmin>586</xmin><ymin>184</ymin><xmax>650</xmax><ymax>278</ymax></bndbox></object><object><name>face</name><pose>Unspecified</pose><truncated>0</truncated><difficult>0</difficult><bndbox><xmin>818</xmin><ymin>124</ymin><xmax>896</xmax><ymax>256</ymax></bndbox></object><object><name>face</name><pose>Unspecified</pose><truncated>0</truncated><difficult>0</difficult><bndbox><xmin>284</xmin><ymin>152</ymin><xmax>342</xmax><ymax>282</ymax></bndbox></object><object><name>face</name><pose>Unspecified</pose><truncated>0</truncated><difficult>0</difficult><bndbox><xmin>394</xmin><ymin>170</ymin><xmax>464</xmax><ymax>274</ymax></bndbox></object></annotation>