<annotation><folder>1--Handshaking</folder><filename>1_Handshaking_Handshaking_1_288.jpg</filename><path>./WIDER_train/images/1--Handshaking/1_Handshaking_Handshaking_1_288.jpg</path><source><database>Unknown</database></source><size><width>1024</width><height>767</height><depth>3</depth></size><segmented>0</segmented><object><name>face</name><pose>Unspecified</pose><truncated>0</truncated><difficult>0</difficult><bndbox><xmin>336</xmin><ymin>82</ymin><xmax>448</xmax><ymax>244</ymax></bndbox></object></annotation>