<annotation><folder>1--Handshaking</folder><filename>1_Handshaking_Handshaking_1_575.jpg</filename><path>./WIDER_train/images/1--Handshaking/1_Handshaking_Handshaking_1_575.jpg</path><source><database>Unknown</database></source><size><width>1024</width><height>576</height><depth>3</depth></size><segmented>0</segmented><object><name>face</name><pose>Unspecified</pose><truncated>0</truncated><difficult>0</difficult><bndbox><xmin>440</xmin><ymin>110</ymin><xmax>528</xmax><ymax>238</ymax></bndbox></object><object><name>face</name><pose>Unspecified</pose><truncated>0</truncated><difficult>0</difficult><bndbox><xmin>666</xmin><ymin>48</ymin><xmax>746</xmax><ymax>212</ymax></bndbox></object></annotation>