<annotation><folder>1--Handshaking</folder><filename>1_Handshaking_Handshaking_1_409.jpg</filename><path>./WIDER_train/images/1--Handshaking/1_Handshaking_Handshaking_1_409.jpg</path><source><database>Unknown</database></source><size><width>1024</width><height>1280</height><depth>3</depth></size><segmented>0</segmented><object><name>face</name><pose>Unspecified</pose><truncated>0</truncated><difficult>0</difficult><bndbox><xmin>467</xmin><ymin>95</ymin><xmax>579</xmax><ymax>245</ymax></bndbox></object></annotation>