<annotation><folder>1--Handshaking</folder><filename>1_Handshaking_Handshaking_1_538.jpg</filename><path>./WIDER_train/images/1--Handshaking/1_Handshaking_Handshaking_1_538.jpg</path><source><database>Unknown</database></source><size><width>1024</width><height>742</height><depth>3</depth></size><segmented>0</segmented><object><name>face</name><pose>Unspecified</pose><truncated>0</truncated><difficult>0</difficult><bndbox><xmin>284</xmin><ymin>140</ymin><xmax>374</xmax><ymax>292</ymax></bndbox></object><object><name>face</name><pose>Unspecified</pose><truncated>0</truncated><difficult>0</difficult><bndbox><xmin>474</xmin><ymin>110</ymin><xmax>574</xmax><ymax>236</ymax></bndbox></object><object><name>face</name><pose>Unspecified</pose><truncated>0</truncated><difficult>0</difficult><bndbox><xmin>706</xmin><ymin>214</ymin><xmax>770</xmax><ymax>340</ymax></bndbox></object></annotation>