<annotation><folder>1--Handshaking</folder><filename>1_Handshaking_Handshaking_1_627.jpg</filename><path>./WIDER_train/images/1--Handshaking/1_Handshaking_Handshaking_1_627.jpg</path><source><database>Unknown</database></source><size><width>1024</width><height>535</height><depth>3</depth></size><segmented>0</segmented><object><name>face</name><pose>Unspecified</pose><truncated>0</truncated><difficult>0</difficult><bndbox><xmin>330</xmin><ymin>56</ymin><xmax>432</xmax><ymax>208</ymax></bndbox></object><object><name>face</name><pose>Unspecified</pose><truncated>0</truncated><difficult>0</difficult><bndbox><xmin>562</xmin><ymin>38</ymin><xmax>662</xmax><ymax>176</ymax></bndbox></object></annotation>