<annotation><folder>1--Handshaking</folder><filename>1_Handshaking_Handshaking_1_341.jpg</filename><path>./WIDER_train/images/1--Handshaking/1_Handshaking_Handshaking_1_341.jpg</path><source><database>Unknown</database></source><size><width>1024</width><height>547</height><depth>3</depth></size><segmented>0</segmented><object><name>face</name><pose>Unspecified</pose><truncated>0</truncated><difficult>0</difficult><bndbox><xmin>5</xmin><ymin>132</ymin><xmax>32</xmax><ymax>220</ymax></bndbox></object><object><name>face</name><pose>Unspecified</pose><truncated>0</truncated><difficult>0</difficult><bndbox><xmin>152</xmin><ymin>114</ymin><xmax>266</xmax><ymax>237</ymax></bndbox></object><object><name>face</name><pose>Unspecified</pose><truncated>0</truncated><difficult>0</difficult><bndbox><xmin>410</xmin><ymin>193</ymin><xmax>517</xmax><ymax>307</ymax></bndbox></object><object><name>face</name><pose>Unspecified</pose><truncated>0</truncated><difficult>0</difficult><bndbox><xmin>789</xmin><ymin>138</ymin><xmax>898</xmax><ymax>245</ymax></bndbox></object><object><name>face</name><pose>Unspecified</pose><truncated>0</truncated><difficult>0</difficult><bndbox><xmin>680</xmin><ymin>184</ymin><xmax>708</xmax><ymax>221</ymax></bndbox></object><object><name>face</name><pose>Unspecified</pose><truncated>0</truncated><difficult>0</difficult><bndbox><xmin>644</xmin><ymin>198</ymin><xmax>666</xmax><ymax>221</ymax></bndbox></object><object><name>face</name><pose>Unspecified</pose><truncated>0</truncated><difficult>0</difficult><bndbox><xmin>953</xmin><ymin>235</ymin><xmax>980</xmax><ymax>262</ymax></bndbox></object></annotation>