<annotation><folder>1--Handshaking</folder><filename>1_Handshaking_Handshaking_1_163.jpg</filename><path>./WIDER_train/images/1--Handshaking/1_Handshaking_Handshaking_1_163.jpg</path><source><database>Unknown</database></source><size><width>1024</width><height>754</height><depth>3</depth></size><segmented>0</segmented><object><name>face</name><pose>Unspecified</pose><truncated>0</truncated><difficult>0</difficult><bndbox><xmin>309</xmin><ymin>215</ymin><xmax>359</xmax><ymax>294</ymax></bndbox></object><object><name>face</name><pose>Unspecified</pose><truncated>0</truncated><difficult>0</difficult><bndbox><xmin>609</xmin><ymin>98</ymin><xmax>664</xmax><ymax>172</ymax></bndbox></object></annotation>