<annotation><folder>1--Handshaking</folder><filename>1_Handshaking_Handshaking_1_335.jpg</filename><path>./WIDER_train/images/1--Handshaking/1_Handshaking_Handshaking_1_335.jpg</path><source><database>Unknown</database></source><size><width>1024</width><height>712</height><depth>3</depth></size><segmented>0</segmented><object><name>face</name><pose>Unspecified</pose><truncated>0</truncated><difficult>0</difficult><bndbox><xmin>184</xmin><ymin>160</ymin><xmax>250</xmax><ymax>286</ymax></bndbox></object><object><name>face</name><pose>Unspecified</pose><truncated>0</truncated><difficult>0</difficult><bndbox><xmin>656</xmin><ymin>140</ymin><xmax>728</xmax><ymax>250</ymax></bndbox></object></annotation>