<annotation>
	<folder>train</folder>
	<filename>1_Handshaking_Handshaking_1_866.jpg</filename>
	<path>D:\mask_dataset\train\1_Handshaking_Handshaking_1_866.jpg</path>
	<source>
		<database>Unknown</database>
	</source>
	<size>
		<width>1024</width>
		<height>1542</height>
		<depth>3</depth>
	</size>
	<segmented>0</segmented>
	<object>
		<name>face</name>
		<pose>Unspecified</pose>
		<truncated>0</truncated>
		<difficult>0</difficult>
		<bndbox>
			<xmin>364</xmin>
			<ymin>894</ymin>
			<xmax>451</xmax>
			<ymax>993</ymax>
		</bndbox>
	</object>
	<object>
		<name>face</name>
		<pose>Unspecified</pose>
		<truncated>0</truncated>
		<difficult>0</difficult>
		<bndbox>
			<xmin>545</xmin>
			<ymin>771</ymin>
			<xmax>623</xmax>
			<ymax>879</ymax>
		</bndbox>
	</object>
</annotation>
