<annotation><folder>1--Handshaking</folder><filename>1_Handshaking_Handshaking_1_141.jpg</filename><path>./WIDER_train/images/1--Handshaking/1_Handshaking_Handshaking_1_141.jpg</path><source><database>Unknown</database></source><size><width>1024</width><height>754</height><depth>3</depth></size><segmented>0</segmented><object><name>face</name><pose>Unspecified</pose><truncated>0</truncated><difficult>0</difficult><bndbox><xmin>426</xmin><ymin>160</ymin><xmax>514</xmax><ymax>288</ymax></bndbox></object><object><name>face</name><pose>Unspecified</pose><truncated>0</truncated><difficult>0</difficult><bndbox><xmin>644</xmin><ymin>150</ymin><xmax>742</xmax><ymax>296</ymax></bndbox></object></annotation>