<annotation><folder>1--Handshaking</folder><filename>1_Handshaking_Handshaking_1_722.jpg</filename><path>./WIDER_train/images/1--Handshaking/1_Handshaking_Handshaking_1_722.jpg</path><source><database>Unknown</database></source><size><width>1024</width><height>1402</height><depth>3</depth></size><segmented>0</segmented><object><name>face</name><pose>Unspecified</pose><truncated>0</truncated><difficult>0</difficult><bndbox><xmin>178</xmin><ymin>129</ymin><xmax>841</xmax><ymax>948</ymax></bndbox></object></annotation>