<annotation><folder>1--Handshaking</folder><filename>1_Handshaking_Handshaking_1_705.jpg</filename><path>./WIDER_train/images/1--Handshaking/1_Handshaking_Handshaking_1_705.jpg</path><source><database>Unknown</database></source><size><width>1024</width><height>766</height><depth>3</depth></size><segmented>0</segmented><object><name>face</name><pose>Unspecified</pose><truncated>0</truncated><difficult>0</difficult><bndbox><xmin>222</xmin><ymin>156</ymin><xmax>320</xmax><ymax>288</ymax></bndbox></object><object><name>face</name><pose>Unspecified</pose><truncated>0</truncated><difficult>0</difficult><bndbox><xmin>640</xmin><ymin>186</ymin><xmax>740</xmax><ymax>322</ymax></bndbox></object></annotation>