<annotation>
	<folder>train</folder>
	<filename>1_Handshaking_Handshaking_1_199.jpg</filename>
	<path>D:\mask_dataset\train\1_Handshaking_Handshaking_1_199.jpg</path>
	<source>
		<database>Unknown</database>
	</source>
	<size>
		<width>1024</width>
		<height>768</height>
		<depth>3</depth>
	</size>
	<segmented>0</segmented>
	<object>
		<name>face</name>
		<pose>Unspecified</pose>
		<truncated>0</truncated>
		<difficult>0</difficult>
		<bndbox>
			<xmin>514</xmin>
			<ymin>327</ymin>
			<xmax>580</xmax>
			<ymax>443</ymax>
		</bndbox>
	</object>
	<object>
		<name>face</name>
		<pose>Unspecified</pose>
		<truncated>0</truncated>
		<difficult>0</difficult>
		<bndbox>
			<xmin>677</xmin>
			<ymin>401</ymin>
			<xmax>707</xmax>
			<ymax>442</ymax>
		</bndbox>
	</object>
</annotation>
