<annotation>
	<folder>train</folder>
	<filename>1_Handshaking_Handshaking_1_686.jpg</filename>
	<path>D:\mask_dataset\train\1_Handshaking_Handshaking_1_686.jpg</path>
	<source>
		<database>Unknown</database>
	</source>
	<size>
		<width>1024</width>
		<height>684</height>
		<depth>3</depth>
	</size>
	<segmented>0</segmented>
	<object>
		<name>face</name>
		<pose>Unspecified</pose>
		<truncated>0</truncated>
		<difficult>0</difficult>
		<bndbox>
			<xmin>272</xmin>
			<ymin>76</ymin>
			<xmax>366</xmax>
			<ymax>292</ymax>
		</bndbox>
	</object>
	<object>
		<name>face</name>
		<pose>Unspecified</pose>
		<truncated>0</truncated>
		<difficult>0</difficult>
		<bndbox>
			<xmin>714</xmin>
			<ymin>210</ymin>
			<xmax>832</xmax>
			<ymax>380</ymax>
		</bndbox>
	</object>
	<object>
		<name>face</name>
		<pose>Unspecified</pose>
		<truncated>0</truncated>
		<difficult>0</difficult>
		<bndbox>
			<xmin>48</xmin>
			<ymin>120</ymin>
			<xmax>128</xmax>
			<ymax>232</ymax>
		</bndbox>
	</object>
	<object>
		<name>face</name>
		<pose>Unspecified</pose>
		<truncated>0</truncated>
		<difficult>0</difficult>
		<bndbox>
			<xmin>436</xmin>
			<ymin>212</ymin>
			<xmax>510</xmax>
			<ymax>318</ymax>
		</bndbox>
	</object>
</annotation>
