<annotation>
	<folder>train</folder>
	<filename>1_Handshaking_Handshaking_1_234.jpg</filename>
	<path>D:\mask_dataset\train\1_Handshaking_Handshaking_1_234.jpg</path>
	<source>
		<database>Unknown</database>
	</source>
	<size>
		<width>1024</width>
		<height>768</height>
		<depth>3</depth>
	</size>
	<segmented>0</segmented>
	<object>
		<name>face</name>
		<pose>Unspecified</pose>
		<truncated>0</truncated>
		<difficult>0</difficult>
		<bndbox>
			<xmin>228</xmin>
			<ymin>94</ymin>
			<xmax>492</xmax>
			<ymax>492</ymax>
		</bndbox>
	</object>
	<object>
		<name>face</name>
		<pose>Unspecified</pose>
		<truncated>0</truncated>
		<difficult>0</difficult>
		<bndbox>
			<xmin>438</xmin>
			<ymin>32</ymin>
			<xmax>536</xmax>
			<ymax>286</ymax>
		</bndbox>
	</object>
</annotation>
