<annotation><folder>1--Handshaking</folder><filename>1_Handshaking_Handshaking_1_854.jpg</filename><path>./WIDER_train/images/1--Handshaking/1_Handshaking_Handshaking_1_854.jpg</path><source><database>Unknown</database></source><size><width>1024</width><height>684</height><depth>3</depth></size><segmented>0</segmented><object><name>face</name><pose>Unspecified</pose><truncated>0</truncated><difficult>0</difficult><bndbox><xmin>322</xmin><ymin>146</ymin><xmax>388</xmax><ymax>276</ymax></bndbox></object><object><name>face</name><pose>Unspecified</pose><truncated>0</truncated><difficult>0</difficult><bndbox><xmin>652</xmin><ymin>164</ymin><xmax>724</xmax><ymax>272</ymax></bndbox></object></annotation>