<annotation><folder>1--Handshaking</folder><filename>1_Handshaking_Handshaking_1_483.jpg</filename><path>./WIDER_train/images/1--Handshaking/1_Handshaking_Handshaking_1_483.jpg</path><source><database>Unknown</database></source><size><width>1024</width><height>683</height><depth>3</depth></size><segmented>0</segmented><object><name>face</name><pose>Unspecified</pose><truncated>0</truncated><difficult>0</difficult><bndbox><xmin>198</xmin><ymin>76</ymin><xmax>294</xmax><ymax>202</ymax></bndbox></object><object><name>face</name><pose>Unspecified</pose><truncated>0</truncated><difficult>0</difficult><bndbox><xmin>530</xmin><ymin>62</ymin><xmax>630</xmax><ymax>196</ymax></bndbox></object></annotation>