<annotation><folder>1--Handshaking</folder><filename>1_Handshaking_Handshaking_1_682.jpg</filename><path>./WIDER_train/images/1--Handshaking/1_Handshaking_Handshaking_1_682.jpg</path><source><database>Unknown</database></source><size><width>1024</width><height>767</height><depth>3</depth></size><segmented>0</segmented><object><name>face</name><pose>Unspecified</pose><truncated>0</truncated><difficult>0</difficult><bndbox><xmin>188</xmin><ymin>270</ymin><xmax>264</xmax><ymax>364</ymax></bndbox></object><object><name>face</name><pose>Unspecified</pose><truncated>0</truncated><difficult>0</difficult><bndbox><xmin>712</xmin><ymin>306</ymin><xmax>790</xmax><ymax>400</ymax></bndbox></object></annotation>