<annotation><folder>1--Handshaking</folder><filename>1_Handshaking_Handshaking_1_306.jpg</filename><path>./WIDER_train/images/1--Handshaking/1_Handshaking_Handshaking_1_306.jpg</path><source><database>Unknown</database></source><size><width>1024</width><height>683</height><depth>3</depth></size><segmented>0</segmented><object><name>face</name><pose>Unspecified</pose><truncated>0</truncated><difficult>0</difficult><bndbox><xmin>725</xmin><ymin>178</ymin><xmax>771</xmax><ymax>266</ymax></bndbox></object></annotation>