<annotation><folder>1--Handshaking</folder><filename>1_Handshaking_Handshaking_1_71.jpg</filename><path>./WIDER_train/images/1--Handshaking/1_Handshaking_Handshaking_1_71.jpg</path><source><database>Unknown</database></source><size><width>1024</width><height>754</height><depth>3</depth></size><segmented>0</segmented><object><name>face</name><pose>Unspecified</pose><truncated>0</truncated><difficult>0</difficult><bndbox><xmin>140</xmin><ymin>30</ymin><xmax>218</xmax><ymax>226</ymax></bndbox></object><object><name>face</name><pose>Unspecified</pose><truncated>0</truncated><difficult>0</difficult><bndbox><xmin>438</xmin><ymin>198</ymin><xmax>536</xmax><ymax>326</ymax></bndbox></object><object><name>face</name><pose>Unspecified</pose><truncated>0</truncated><difficult>0</difficult><bndbox><xmin>622</xmin><ymin>144</ymin><xmax>722</xmax><ymax>286</ymax></bndbox></object><object><name>face</name><pose>Unspecified</pose><truncated>0</truncated><difficult>0</difficult><bndbox><xmin>798</xmin><ymin>64</ymin><xmax>902</xmax><ymax>240</ymax></bndbox></object></annotation>