<annotation><folder>1--Handshaking</folder><filename>1_Handshaking_Handshaking_1_537.jpg</filename><path>./WIDER_train/images/1--Handshaking/1_Handshaking_Handshaking_1_537.jpg</path><source><database>Unknown</database></source><size><width>1024</width><height>565</height><depth>3</depth></size><segmented>0</segmented><object><name>face</name><pose>Unspecified</pose><truncated>0</truncated><difficult>0</difficult><bndbox><xmin>362</xmin><ymin>170</ymin><xmax>418</xmax><ymax>260</ymax></bndbox></object><object><name>face</name><pose>Unspecified</pose><truncated>0</truncated><difficult>0</difficult><bndbox><xmin>486</xmin><ymin>162</ymin><xmax>540</xmax><ymax>244</ymax></bndbox></object><object><name>face</name><pose>Unspecified</pose><truncated>0</truncated><difficult>0</difficult><bndbox><xmin>638</xmin><ymin>160</ymin><xmax>692</xmax><ymax>240</ymax></bndbox></object></annotation>