<annotation><folder>1--Handshaking</folder><filename>1_Handshaking_Handshaking_1_885.jpg</filename><path>./WIDER_train/images/1--Handshaking/1_Handshaking_Handshaking_1_885.jpg</path><source><database>Unknown</database></source><size><width>1024</width><height>695</height><depth>3</depth></size><segmented>0</segmented><object><name>face</name><pose>Unspecified</pose><truncated>0</truncated><difficult>0</difficult><bndbox><xmin>578</xmin><ymin>90</ymin><xmax>720</xmax><ymax>292</ymax></bndbox></object><object><name>face</name><pose>Unspecified</pose><truncated>0</truncated><difficult>0</difficult><bndbox><xmin>464</xmin><ymin>346</ymin><xmax>590</xmax><ymax>492</ymax></bndbox></object><object><name>face</name><pose>Unspecified</pose><truncated>0</truncated><difficult>0</difficult><bndbox><xmin>218</xmin><ymin>186</ymin><xmax>346</xmax><ymax>356</ymax></bndbox></object></annotation>