<annotation>
	<folder>train</folder>
	<filename>1_Handshaking_Handshaking_1_429.jpg</filename>
	<path>D:\mask_dataset\train\1_Handshaking_Handshaking_1_429.jpg</path>
	<source>
		<database>Unknown</database>
	</source>
	<size>
		<width>1024</width>
		<height>768</height>
		<depth>3</depth>
	</size>
	<segmented>0</segmented>
	<object>
		<name>face</name>
		<pose>Unspecified</pose>
		<truncated>0</truncated>
		<difficult>0</difficult>
		<bndbox>
			<xmin>378</xmin>
			<ymin>158</ymin>
			<xmax>680</xmax>
			<ymax>614</ymax>
		</bndbox>
	</object>
</annotation>
