<annotation>
	<folder>train</folder>
	<filename>1_Handshaking_Handshaking_1_389.jpg</filename>
	<path>D:\mask_dataset\train\1_Handshaking_Handshaking_1_389.jpg</path>
	<source>
		<database>Unknown</database>
	</source>
	<size>
		<width>1024</width>
		<height>712</height>
		<depth>3</depth>
	</size>
	<segmented>0</segmented>
	<object>
		<name>face</name>
		<pose>Unspecified</pose>
		<truncated>0</truncated>
		<difficult>0</difficult>
		<bndbox>
			<xmin>222</xmin>
			<ymin>106</ymin>
			<xmax>292</xmax>
			<ymax>237</ymax>
		</bndbox>
	</object>
	<object>
		<name>face</name>
		<pose>Unspecified</pose>
		<truncated>0</truncated>
		<difficult>0</difficult>
		<bndbox>
			<xmin>641</xmin>
			<ymin>90</ymin>
			<xmax>710</xmax>
			<ymax>220</ymax>
		</bndbox>
	</object>
</annotation>
