<annotation>
	<folder>train</folder>
	<filename>1_Handshaking_Handshaking_1_105.jpg</filename>
	<path>D:\mask_dataset\train\1_Handshaking_Handshaking_1_105.jpg</path>
	<source>
		<database>Unknown</database>
	</source>
	<size>
		<width>1024</width>
		<height>754</height>
		<depth>3</depth>
	</size>
	<segmented>0</segmented>
	<object>
		<name>face</name>
		<pose>Unspecified</pose>
		<truncated>0</truncated>
		<difficult>0</difficult>
		<bndbox>
			<xmin>178</xmin>
			<ymin>112</ymin>
			<xmax>236</xmax>
			<ymax>242</ymax>
		</bndbox>
	</object>
	<object>
		<name>face</name>
		<pose>Unspecified</pose>
		<truncated>0</truncated>
		<difficult>0</difficult>
		<bndbox>
			<xmin>400</xmin>
			<ymin>212</ymin>
			<xmax>479</xmax>
			<ymax>334</ymax>
		</bndbox>
	</object>
	<object>
		<name>face</name>
		<pose>Unspecified</pose>
		<truncated>0</truncated>
		<difficult>0</difficult>
		<bndbox>
			<xmin>673</xmin>
			<ymin>70</ymin>
			<xmax>760</xmax>
			<ymax>192</ymax>
		</bndbox>
	</object>
</annotation>
