<annotation>
	<folder>train</folder>
	<filename>1_Handshaking_Handshaking_1_531.jpg</filename>
	<path>D:\mask_dataset\train\1_Handshaking_Handshaking_1_531.jpg</path>
	<source>
		<database>Unknown</database>
	</source>
	<size>
		<width>1024</width>
		<height>681</height>
		<depth>3</depth>
	</size>
	<segmented>0</segmented>
	<object>
		<name>face</name>
		<pose>Unspecified</pose>
		<truncated>0</truncated>
		<difficult>0</difficult>
		<bndbox>
			<xmin>258</xmin>
			<ymin>56</ymin>
			<xmax>358</xmax>
			<ymax>230</ymax>
		</bndbox>
	</object>
	<object>
		<name>face</name>
		<pose>Unspecified</pose>
		<truncated>0</truncated>
		<difficult>0</difficult>
		<bndbox>
			<xmin>705</xmin>
			<ymin>78</ymin>
			<xmax>806</xmax>
			<ymax>278</ymax>
		</bndbox>
	</object>
</annotation>
