<annotation><folder>1--Handshaking</folder><filename>1_Handshaking_Handshaking_1_707.jpg</filename><path>./WIDER_train/images/1--Handshaking/1_Handshaking_Handshaking_1_707.jpg</path><source><database>Unknown</database></source><size><width>1024</width><height>858</height><depth>3</depth></size><segmented>0</segmented><object><name>face</name><pose>Unspecified</pose><truncated>0</truncated><difficult>0</difficult><bndbox><xmin>266</xmin><ymin>142</ymin><xmax>588</xmax><ymax>626</ymax></bndbox></object></annotation>