<annotation><folder>1--Handshaking</folder><filename>1_Handshaking_Handshaking_1_165.jpg</filename><path>./WIDER_train/images/1--Handshaking/1_Handshaking_Handshaking_1_165.jpg</path><source><database>Unknown</database></source><size><width>1024</width><height>713</height><depth>3</depth></size><segmented>0</segmented><object><name>face</name><pose>Unspecified</pose><truncated>0</truncated><difficult>0</difficult><bndbox><xmin>253</xmin><ymin>57</ymin><xmax>327</xmax><ymax>165</ymax></bndbox></object><object><name>face</name><pose>Unspecified</pose><truncated>0</truncated><difficult>0</difficult><bndbox><xmin>594</xmin><ymin>125</ymin><xmax>658</xmax><ymax>216</ymax></bndbox></object><object><name>face</name><pose>Unspecified</pose><truncated>0</truncated><difficult>0</difficult><bndbox><xmin>730</xmin><ymin>111</ymin><xmax>777</xmax><ymax>211</ymax></bndbox></object></annotation>