<annotation><folder>1--Handshaking</folder><filename>1_Handshaking_Handshaking_1_639.jpg</filename><path>./WIDER_train/images/1--Handshaking/1_Handshaking_Handshaking_1_639.jpg</path><source><database>Unknown</database></source><size><width>1024</width><height>769</height><depth>3</depth></size><segmented>0</segmented><object><name>face</name><pose>Unspecified</pose><truncated>0</truncated><difficult>0</difficult><bndbox><xmin>356</xmin><ymin>178</ymin><xmax>422</xmax><ymax>266</ymax></bndbox></object><object><name>face</name><pose>Unspecified</pose><truncated>0</truncated><difficult>0</difficult><bndbox><xmin>684</xmin><ymin>198</ymin><xmax>756</xmax><ymax>296</ymax></bndbox></object></annotation>