<annotation><folder>1--Handshaking</folder><filename>1_Handshaking_Handshaking_1_656.jpg</filename><path>./WIDER_train/images/1--Handshaking/1_Handshaking_Handshaking_1_656.jpg</path><source><database>Unknown</database></source><size><width>1024</width><height>567</height><depth>3</depth></size><segmented>0</segmented><object><name>face</name><pose>Unspecified</pose><truncated>0</truncated><difficult>0</difficult><bndbox><xmin>959</xmin><ymin>60</ymin><xmax>1005</xmax><ymax>115</ymax></bndbox></object><object><name>face</name><pose>Unspecified</pose><truncated>0</truncated><difficult>0</difficult><bndbox><xmin>917</xmin><ymin>96</ymin><xmax>922</xmax><ymax>104</ymax></bndbox></object><object><name>face</name><pose>Unspecified</pose><truncated>0</truncated><difficult>0</difficult><bndbox><xmin>776</xmin><ymin>31</ymin><xmax>813</xmax><ymax>83</ymax></bndbox></object><object><name>face</name><pose>Unspecified</pose><truncated>0</truncated><difficult>0</difficult><bndbox><xmin>620</xmin><ymin>41</ymin><xmax>655</xmax><ymax>87</ymax></bndbox></object><object><name>face</name><pose>Unspecified</pose><truncated>0</truncated><difficult>0</difficult><bndbox><xmin>512</xmin><ymin>33</ymin><xmax>546</xmax><ymax>73</ymax></bndbox></object><object><name>face</name><pose>Unspecified</pose><truncated>0</truncated><difficult>0</difficult><bndbox><xmin>400</xmin><ymin>60</ymin><xmax>430</xmax><ymax>101</ymax></bndbox></object><object><name>face</name><pose>Unspecified</pose><truncated>0</truncated><difficult>0</difficult><bndbox><xmin>304</xmin><ymin>41</ymin><xmax>335</xmax><ymax>79</ymax></bndbox></object><object><name>face</name><pose>Unspecified</pose><truncated>0</truncated><difficult>0</difficult><bndbox><xmin>215</xmin><ymin>41</ymin><xmax>241</xmax><ymax>78</ymax></bndbox></object><object><name>face</name><pose>Unspecified</pose><truncated>0</truncated><difficult>0</difficult><bndbox><xmin>147</xmin><ymin>84</ymin><xmax>173</xmax><ymax>120</ymax></bndbox></object><object><name>face</name><pose>Unspecified</pose><truncated>0</truncated><difficult>0</difficult><bndbox><xmin>64</xmin><ymin>77</ymin><xmax>89</xmax><ymax>110</ymax></bndbox></object><object><name>face</name><pose>Unspecified</pose><truncated>0</truncated><difficult>0</difficult><bndbox><xmin>1</xmin><ymin>35</ymin><xmax>26</xmax><ymax>67</ymax></bndbox></object></annotation>