<annotation>
	<folder>train</folder>
	<filename>1_Handshaking_Handshaking_1_254.jpg</filename>
	<path>D:\mask_dataset\train\1_Handshaking_Handshaking_1_254.jpg</path>
	<source>
		<database>Unknown</database>
	</source>
	<size>
		<width>1024</width>
		<height>682</height>
		<depth>3</depth>
	</size>
	<segmented>0</segmented>
	<object>
		<name>face_mask</name>
		<pose>Unspecified</pose>
		<truncated>0</truncated>
		<difficult>0</difficult>
		<bndbox>
			<xmin>180</xmin>
			<ymin>12</ymin>
			<xmax>758</xmax>
			<ymax>681</ymax>
		</bndbox>
	</object>
</annotation>
