<annotation><folder>1--Handshaking</folder><filename>1_Handshaking_Handshaking_1_464.jpg</filename><path>./WIDER_train/images/1--Handshaking/1_Handshaking_Handshaking_1_464.jpg</path><source><database>Unknown</database></source><size><width>1024</width><height>1098</height><depth>3</depth></size><segmented>0</segmented><object><name>face</name><pose>Unspecified</pose><truncated>0</truncated><difficult>0</difficult><bndbox><xmin>576</xmin><ymin>257</ymin><xmax>700</xmax><ymax>431</ymax></bndbox></object><object><name>face</name><pose>Unspecified</pose><truncated>0</truncated><difficult>0</difficult><bndbox><xmin>428</xmin><ymin>212</ymin><xmax>550</xmax><ymax>381</ymax></bndbox></object></annotation>