<annotation><folder>1--Handshaking</folder><filename>1_Handshaking_Handshaking_1_145.jpg</filename><path>./WIDER_train/images/1--Handshaking/1_Handshaking_Handshaking_1_145.jpg</path><source><database>Unknown</database></source><size><width>1024</width><height>936</height><depth>3</depth></size><segmented>0</segmented><object><name>face</name><pose>Unspecified</pose><truncated>0</truncated><difficult>0</difficult><bndbox><xmin>296</xmin><ymin>182</ymin><xmax>368</xmax><ymax>364</ymax></bndbox></object><object><name>face</name><pose>Unspecified</pose><truncated>0</truncated><difficult>0</difficult><bndbox><xmin>726</xmin><ymin>274</ymin><xmax>800</xmax><ymax>428</ymax></bndbox></object></annotation>