<annotation><folder>1--Handshaking</folder><filename>1_Handshaking_Handshaking_1_121.jpg</filename><path>./WIDER_train/images/1--Handshaking/1_Handshaking_Handshaking_1_121.jpg</path><source><database>Unknown</database></source><size><width>1024</width><height>682</height><depth>3</depth></size><segmented>0</segmented><object><name>face</name><pose>Unspecified</pose><truncated>0</truncated><difficult>0</difficult><bndbox><xmin>257</xmin><ymin>227</ymin><xmax>298</xmax><ymax>291</ymax></bndbox></object><object><name>face</name><pose>Unspecified</pose><truncated>0</truncated><difficult>0</difficult><bndbox><xmin>19</xmin><ymin>207</ymin><xmax>60</xmax><ymax>272</ymax></bndbox></object><object><name>face</name><pose>Unspecified</pose><truncated>0</truncated><difficult>0</difficult><bndbox><xmin>463</xmin><ymin>131</ymin><xmax>540</xmax><ymax>249</ymax></bndbox></object><object><name>face</name><pose>Unspecified</pose><truncated>0</truncated><difficult>0</difficult><bndbox><xmin>752</xmin><ymin>25</ymin><xmax>845</xmax><ymax>173</ymax></bndbox></object></annotation>