<annotation><folder>1--Handshaking</folder><filename>1_Handshaking_Handshaking_1_572.jpg</filename><path>./WIDER_train/images/1--Handshaking/1_Handshaking_Handshaking_1_572.jpg</path><source><database>Unknown</database></source><size><width>1024</width><height>993</height><depth>3</depth></size><segmented>0</segmented><object><name>face</name><pose>Unspecified</pose><truncated>0</truncated><difficult>0</difficult><bndbox><xmin>364</xmin><ymin>216</ymin><xmax>576</xmax><ymax>500</ymax></bndbox></object></annotation>