<annotation><folder>1--Handshaking</folder><filename>1_Handshaking_Handshaking_1_268.jpg</filename><path>./WIDER_train/images/1--Handshaking/1_Handshaking_Handshaking_1_268.jpg</path><source><database>Unknown</database></source><size><width>1024</width><height>576</height><depth>3</depth></size><segmented>0</segmented><object><name>face</name><pose>Unspecified</pose><truncated>0</truncated><difficult>0</difficult><bndbox><xmin>382</xmin><ymin>88</ymin><xmax>446</xmax><ymax>200</ymax></bndbox></object><object><name>face</name><pose>Unspecified</pose><truncated>0</truncated><difficult>0</difficult><bndbox><xmin>602</xmin><ymin>28</ymin><xmax>666</xmax><ymax>136</ymax></bndbox></object></annotation>