<annotation><folder>1--Handshaking</folder><filename>1_Handshaking_Handshaking_1_337.jpg</filename><path>./WIDER_train/images/1--Handshaking/1_Handshaking_Handshaking_1_337.jpg</path><source><database>Unknown</database></source><size><width>1024</width><height>775</height><depth>3</depth></size><segmented>0</segmented><object><name>face</name><pose>Unspecified</pose><truncated>0</truncated><difficult>0</difficult><bndbox><xmin>232</xmin><ymin>60</ymin><xmax>340</xmax><ymax>226</ymax></bndbox></object><object><name>face</name><pose>Unspecified</pose><truncated>0</truncated><difficult>0</difficult><bndbox><xmin>630</xmin><ymin>84</ymin><xmax>720</xmax><ymax>252</ymax></bndbox></object></annotation>