<annotation><folder>1--Handshaking</folder><filename>1_Handshaking_Handshaking_1_625.jpg</filename><path>./WIDER_train/images/1--Handshaking/1_Handshaking_Handshaking_1_625.jpg</path><source><database>Unknown</database></source><size><width>1024</width><height>1365</height><depth>3</depth></size><segmented>0</segmented><object><name>face</name><pose>Unspecified</pose><truncated>0</truncated><difficult>0</difficult><bndbox><xmin>443</xmin><ymin>155</ymin><xmax>632</xmax><ymax>454</ymax></bndbox></object></annotation>