<annotation><folder>1--Handshaking</folder><filename>1_Handshaking_Handshaking_1_542.jpg</filename><path>./WIDER_train/images/1--Handshaking/1_Handshaking_Handshaking_1_542.jpg</path><source><database>Unknown</database></source><size><width>1024</width><height>363</height><depth>3</depth></size><segmented>0</segmented><object><name>face</name><pose>Unspecified</pose><truncated>0</truncated><difficult>0</difficult><bndbox><xmin>132</xmin><ymin>44</ymin><xmax>202</xmax><ymax>138</ymax></bndbox></object><object><name>face</name><pose>Unspecified</pose><truncated>0</truncated><difficult>0</difficult><bndbox><xmin>332</xmin><ymin>26</ymin><xmax>404</xmax><ymax>134</ymax></bndbox></object><object><name>face</name><pose>Unspecified</pose><truncated>0</truncated><difficult>0</difficult><bndbox><xmin>594</xmin><ymin>60</ymin><xmax>664</xmax><ymax>154</ymax></bndbox></object><object><name>face</name><pose>Unspecified</pose><truncated>0</truncated><difficult>0</difficult><bndbox><xmin>800</xmin><ymin>144</ymin><xmax>884</xmax><ymax>274</ymax></bndbox></object></annotation>