<annotation><folder>1--Handshaking</folder><filename>1_Handshaking_Handshaking_1_765.jpg</filename><path>./WIDER_train/images/1--Handshaking/1_Handshaking_Handshaking_1_765.jpg</path><source><database>Unknown</database></source><size><width>1024</width><height>828</height><depth>3</depth></size><segmented>0</segmented><object><name>face</name><pose>Unspecified</pose><truncated>0</truncated><difficult>0</difficult><bndbox><xmin>210</xmin><ymin>142</ymin><xmax>276</xmax><ymax>252</ymax></bndbox></object><object><name>face</name><pose>Unspecified</pose><truncated>0</truncated><difficult>0</difficult><bndbox><xmin>714</xmin><ymin>116</ymin><xmax>780</xmax><ymax>250</ymax></bndbox></object></annotation>