<annotation><folder>1--Handshaking</folder><filename>1_Handshaking_Handshaking_1_113.jpg</filename><path>./WIDER_train/images/1--Handshaking/1_Handshaking_Handshaking_1_113.jpg</path><source><database>Unknown</database></source><size><width>1024</width><height>754</height><depth>3</depth></size><segmented>0</segmented><object><name>face</name><pose>Unspecified</pose><truncated>0</truncated><difficult>0</difficult><bndbox><xmin>148</xmin><ymin>158</ymin><xmax>202</xmax><ymax>276</ymax></bndbox></object><object><name>face</name><pose>Unspecified</pose><truncated>0</truncated><difficult>0</difficult><bndbox><xmin>348</xmin><ymin>86</ymin><xmax>402</xmax><ymax>214</ymax></bndbox></object><object><name>face</name><pose>Unspecified</pose><truncated>0</truncated><difficult>0</difficult><bndbox><xmin>388</xmin><ymin>190</ymin><xmax>448</xmax><ymax>264</ymax></bndbox></object><object><name>face</name><pose>Unspecified</pose><truncated>0</truncated><difficult>0</difficult><bndbox><xmin>764</xmin><ymin>124</ymin><xmax>820</xmax><ymax>236</ymax></bndbox></object></annotation>