<annotation>
	<folder>train</folder>
	<filename>1_Handshaking_Handshaking_1_65.jpg</filename>
	<path>D:\mask_dataset\train\1_Handshaking_Handshaking_1_65.jpg</path>
	<source>
		<database>Unknown</database>
	</source>
	<size>
		<width>1024</width>
		<height>754</height>
		<depth>3</depth>
	</size>
	<segmented>0</segmented>
	<object>
		<name>face</name>
		<pose>Unspecified</pose>
		<truncated>0</truncated>
		<difficult>0</difficult>
		<bndbox>
			<xmin>150</xmin>
			<ymin>198</ymin>
			<xmax>232</xmax>
			<ymax>336</ymax>
		</bndbox>
	</object>
	<object>
		<name>face</name>
		<pose>Unspecified</pose>
		<truncated>0</truncated>
		<difficult>0</difficult>
		<bndbox>
			<xmin>350</xmin>
			<ymin>226</ymin>
			<xmax>439</xmax>
			<ymax>365</ymax>
		</bndbox>
	</object>
	<object>
		<name>face</name>
		<pose>Unspecified</pose>
		<truncated>0</truncated>
		<difficult>0</difficult>
		<bndbox>
			<xmin>650</xmin>
			<ymin>326</ymin>
			<xmax>726</xmax>
			<ymax>434</ymax>
		</bndbox>
	</object>
	<object>
		<name>face</name>
		<pose>Unspecified</pose>
		<truncated>0</truncated>
		<difficult>0</difficult>
		<bndbox>
			<xmin>786</xmin>
			<ymin>150</ymin>
			<xmax>864</xmax>
			<ymax>282</ymax>
		</bndbox>
	</object>
</annotation>
