<annotation><folder>1--Handshaking</folder><filename>1_Handshaking_Handshaking_1_520.jpg</filename><path>./WIDER_train/images/1--Handshaking/1_Handshaking_Handshaking_1_520.jpg</path><source><database>Unknown</database></source><size><width>1024</width><height>1252</height><depth>3</depth></size><segmented>0</segmented><object><name>face</name><pose>Unspecified</pose><truncated>0</truncated><difficult>0</difficult><bndbox><xmin>147</xmin><ymin>310</ymin><xmax>255</xmax><ymax>486</ymax></bndbox></object><object><name>face</name><pose>Unspecified</pose><truncated>0</truncated><difficult>0</difficult><bndbox><xmin>689</xmin><ymin>318</ymin><xmax>804</xmax><ymax>484</ymax></bndbox></object></annotation>