<annotation>
	<folder>train</folder>
	<filename>1_Handshaking_Handshaking_1_174.jpg</filename>
	<path>D:\mask_dataset\train\1_Handshaking_Handshaking_1_174.jpg</path>
	<source>
		<database>Unknown</database>
	</source>
	<size>
		<width>1024</width>
		<height>754</height>
		<depth>3</depth>
	</size>
	<segmented>0</segmented>
	<object>
		<name>face</name>
		<pose>Unspecified</pose>
		<truncated>0</truncated>
		<difficult>0</difficult>
		<bndbox>
			<xmin>404</xmin>
			<ymin>82</ymin>
			<xmax>496</xmax>
			<ymax>210</ymax>
		</bndbox>
	</object>
	<object>
		<name>face</name>
		<pose>Unspecified</pose>
		<truncated>0</truncated>
		<difficult>0</difficult>
		<bndbox>
			<xmin>716</xmin>
			<ymin>75</ymin>
			<xmax>772</xmax>
			<ymax>205</ymax>
		</bndbox>
	</object>
</annotation>
