<annotation><folder>1--Handshaking</folder><filename>1_Handshaking_Handshaking_1_130.jpg</filename><path>./WIDER_train/images/1--Handshaking/1_Handshaking_Handshaking_1_130.jpg</path><source><database>Unknown</database></source><size><width>1024</width><height>754</height><depth>3</depth></size><segmented>0</segmented><object><name>face</name><pose>Unspecified</pose><truncated>0</truncated><difficult>0</difficult><bndbox><xmin>191</xmin><ymin>271</ymin><xmax>220</xmax><ymax>329</ymax></bndbox></object><object><name>face</name><pose>Unspecified</pose><truncated>0</truncated><difficult>0</difficult><bndbox><xmin>368</xmin><ymin>106</ymin><xmax>418</xmax><ymax>162</ymax></bndbox></object></annotation>