<annotation><folder>1--Handshaking</folder><filename>1_Handshaking_Handshaking_1_666.jpg</filename><path>./WIDER_train/images/1--Handshaking/1_Handshaking_Handshaking_1_666.jpg</path><source><database>Unknown</database></source><size><width>1024</width><height>768</height><depth>3</depth></size><segmented>0</segmented><object><name>face</name><pose>Unspecified</pose><truncated>0</truncated><difficult>0</difficult><bndbox><xmin>156</xmin><ymin>118</ymin><xmax>242</xmax><ymax>220</ymax></bndbox></object><object><name>face</name><pose>Unspecified</pose><truncated>0</truncated><difficult>0</difficult><bndbox><xmin>706</xmin><ymin>152</ymin><xmax>788</xmax><ymax>262</ymax></bndbox></object></annotation>