<annotation>
	<folder>train</folder>
	<filename>1_Handshaking_Handshaking_1_438.jpg</filename>
	<path>D:\mask_dataset\train\1_Handshaking_Handshaking_1_438.jpg</path>
	<source>
		<database>Unknown</database>
	</source>
	<size>
		<width>1024</width>
		<height>960</height>
		<depth>3</depth>
	</size>
	<segmented>0</segmented>
	<object>
		<name>face</name>
		<pose>Unspecified</pose>
		<truncated>0</truncated>
		<difficult>0</difficult>
		<bndbox>
			<xmin>445</xmin>
			<ymin>415</ymin>
			<xmax>513</xmax>
			<ymax>510</ymax>
		</bndbox>
	</object>
</annotation>
