<annotation>
	<folder>train</folder>
	<filename>1_Handshaking_Handshaking_1_238.jpg</filename>
	<path>D:\mask_dataset\train\1_Handshaking_Handshaking_1_238.jpg</path>
	<source>
		<database>Unknown</database>
	</source>
	<size>
		<width>1024</width>
		<height>1024</height>
		<depth>3</depth>
	</size>
	<segmented>0</segmented>
	<object>
		<name>face</name>
		<pose>Unspecified</pose>
		<truncated>0</truncated>
		<difficult>0</difficult>
		<bndbox>
			<xmin>140</xmin>
			<ymin>32</ymin>
			<xmax>312</xmax>
			<ymax>310</ymax>
		</bndbox>
	</object>
	<object>
		<name>face</name>
		<pose>Unspecified</pose>
		<truncated>0</truncated>
		<difficult>0</difficult>
		<bndbox>
			<xmin>713</xmin>
			<ymin>94</ymin>
			<xmax>856</xmax>
			<ymax>353</ymax>
		</bndbox>
	</object>
</annotation>
