<annotation>
	<folder>train</folder>
	<filename>1_Handshaking_Handshaking_1_891.jpg</filename>
	<path>D:\mask_dataset\train\1_Handshaking_Handshaking_1_891.jpg</path>
	<source>
		<database>Unknown</database>
	</source>
	<size>
		<width>1024</width>
		<height>1544</height>
		<depth>3</depth>
	</size>
	<segmented>0</segmented>
	<object>
		<name>face</name>
		<pose>Unspecified</pose>
		<truncated>0</truncated>
		<difficult>0</difficult>
		<bndbox>
			<xmin>962</xmin>
			<ymin>485</ymin>
			<xmax>1023</xmax>
			<ymax>585</ymax>
		</bndbox>
	</object>
	<object>
		<name>face</name>
		<pose>Unspecified</pose>
		<truncated>0</truncated>
		<difficult>0</difficult>
		<bndbox>
			<xmin>590</xmin>
			<ymin>557</ymin>
			<xmax>655</xmax>
			<ymax>636</ymax>
		</bndbox>
	</object>
	<object>
		<name>face</name>
		<pose>Unspecified</pose>
		<truncated>0</truncated>
		<difficult>0</difficult>
		<bndbox>
			<xmin>510</xmin>
			<ymin>535</ymin>
			<xmax>595</xmax>
			<ymax>640</ymax>
		</bndbox>
	</object>
	<object>
		<name>face</name>
		<pose>Unspecified</pose>
		<truncated>0</truncated>
		<difficult>0</difficult>
		<bndbox>
			<xmin>257</xmin>
			<ymin>516</ymin>
			<xmax>328</xmax>
			<ymax>604</ymax>
		</bndbox>
	</object>
	<object>
		<name>face</name>
		<pose>Unspecified</pose>
		<truncated>1</truncated>
		<difficult>0</difficult>
		<bndbox>
			<xmin>1</xmin>
			<ymin>583</ymin>
			<xmax>53</xmax>
			<ymax>673</ymax>
		</bndbox>
	</object>
</annotation>
