<annotation><folder>1--Handshaking</folder><filename>1_Handshaking_Handshaking_1_679.jpg</filename><path>./WIDER_train/images/1--Handshaking/1_Handshaking_Handshaking_1_679.jpg</path><source><database>Unknown</database></source><size><width>1024</width><height>768</height><depth>3</depth></size><segmented>0</segmented><object><name>face</name><pose>Unspecified</pose><truncated>0</truncated><difficult>0</difficult><bndbox><xmin>589</xmin><ymin>288</ymin><xmax>625</xmax><ymax>327</ymax></bndbox></object><object><name>face</name><pose>Unspecified</pose><truncated>0</truncated><difficult>0</difficult><bndbox><xmin>433</xmin><ymin>321</ymin><xmax>465</xmax><ymax>359</ymax></bndbox></object></annotation>