<annotation><folder>1--Handshaking</folder><filename>1_Handshaking_Handshaking_1_626.jpg</filename><path>./WIDER_train/images/1--Handshaking/1_Handshaking_Handshaking_1_626.jpg</path><source><database>Unknown</database></source><size><width>1024</width><height>658</height><depth>3</depth></size><segmented>0</segmented><object><name>face</name><pose>Unspecified</pose><truncated>0</truncated><difficult>0</difficult><bndbox><xmin>342</xmin><ymin>102</ymin><xmax>402</xmax><ymax>216</ymax></bndbox></object><object><name>face</name><pose>Unspecified</pose><truncated>0</truncated><difficult>0</difficult><bndbox><xmin>604</xmin><ymin>166</ymin><xmax>688</xmax><ymax>252</ymax></bndbox></object></annotation>