<annotation><folder>1--Handshaking</folder><filename>1_Handshaking_Handshaking_1_404.jpg</filename><path>./WIDER_train/images/1--Handshaking/1_Handshaking_Handshaking_1_404.jpg</path><source><database>Unknown</database></source><size><width>1024</width><height>721</height><depth>3</depth></size><segmented>0</segmented><object><name>face</name><pose>Unspecified</pose><truncated>0</truncated><difficult>0</difficult><bndbox><xmin>206</xmin><ymin>106</ymin><xmax>342</xmax><ymax>332</ymax></bndbox></object><object><name>face</name><pose>Unspecified</pose><truncated>0</truncated><difficult>0</difficult><bndbox><xmin>570</xmin><ymin>98</ymin><xmax>710</xmax><ymax>304</ymax></bndbox></object><object><name>face</name><pose>Unspecified</pose><truncated>0</truncated><difficult>0</difficult><bndbox><xmin>796</xmin><ymin>214</ymin><xmax>928</xmax><ymax>404</ymax></bndbox></object></annotation>