<annotation><folder>1--Handshaking</folder><filename>1_Handshaking_Handshaking_1_621.jpg</filename><path>./WIDER_train/images/1--Handshaking/1_Handshaking_Handshaking_1_621.jpg</path><source><database>Unknown</database></source><size><width>1024</width><height>848</height><depth>3</depth></size><segmented>0</segmented><object><name>face</name><pose>Unspecified</pose><truncated>0</truncated><difficult>0</difficult><bndbox><xmin>870</xmin><ymin>46</ymin><xmax>928</xmax><ymax>103</ymax></bndbox></object><object><name>face</name><pose>Unspecified</pose><truncated>0</truncated><difficult>0</difficult><bndbox><xmin>734</xmin><ymin>78</ymin><xmax>781</xmax><ymax>137</ymax></bndbox></object><object><name>face</name><pose>Unspecified</pose><truncated>0</truncated><difficult>0</difficult><bndbox><xmin>621</xmin><ymin>40</ymin><xmax>669</xmax><ymax>106</ymax></bndbox></object><object><name>face</name><pose>Unspecified</pose><truncated>0</truncated><difficult>0</difficult><bndbox><xmin>485</xmin><ymin>44</ymin><xmax>537</xmax><ymax>111</ymax></bndbox></object><object><name>face</name><pose>Unspecified</pose><truncated>0</truncated><difficult>0</difficult><bndbox><xmin>315</xmin><ymin>55</ymin><xmax>364</xmax><ymax>117</ymax></bndbox></object><object><name>face</name><pose>Unspecified</pose><truncated>0</truncated><difficult>0</difficult><bndbox><xmin>158</xmin><ymin>67</ymin><xmax>206</xmax><ymax>131</ymax></bndbox></object></annotation>