<annotation>
	<folder>train</folder>
	<filename>1_Handshaking_Handshaking_1_485.jpg</filename>
	<path>D:\mask_dataset\train\1_Handshaking_Handshaking_1_485.jpg</path>
	<source>
		<database>Unknown</database>
	</source>
	<size>
		<width>1024</width>
		<height>642</height>
		<depth>3</depth>
	</size>
	<segmented>0</segmented>
	<object>
		<name>face</name>
		<pose>Unspecified</pose>
		<truncated>0</truncated>
		<difficult>0</difficult>
		<bndbox>
			<xmin>194</xmin>
			<ymin>54</ymin>
			<xmax>264</xmax>
			<ymax>192</ymax>
		</bndbox>
	</object>
	<object>
		<name>face</name>
		<pose>Unspecified</pose>
		<truncated>0</truncated>
		<difficult>0</difficult>
		<bndbox>
			<xmin>719</xmin>
			<ymin>56</ymin>
			<xmax>794</xmax>
			<ymax>187</ymax>
		</bndbox>
	</object>
</annotation>
