<annotation><folder>1--Handshaking</folder><filename>1_Handshaking_Handshaking_1_333.jpg</filename><path>./WIDER_train/images/1--Handshaking/1_Handshaking_Handshaking_1_333.jpg</path><source><database>Unknown</database></source><size><width>1024</width><height>1024</height><depth>3</depth></size><segmented>0</segmented><object><name>face</name><pose>Unspecified</pose><truncated>0</truncated><difficult>0</difficult><bndbox><xmin>246</xmin><ymin>270</ymin><xmax>742</xmax><ymax>938</ymax></bndbox></object></annotation>