<annotation><folder>1--Handshaking</folder><filename>1_Handshaking_Handshaking_1_515.jpg</filename><path>./WIDER_train/images/1--Handshaking/1_Handshaking_Handshaking_1_515.jpg</path><source><database>Unknown</database></source><size><width>1024</width><height>517</height><depth>3</depth></size><segmented>0</segmented><object><name>face</name><pose>Unspecified</pose><truncated>0</truncated><difficult>0</difficult><bndbox><xmin>266</xmin><ymin>46</ymin><xmax>355</xmax><ymax>155</ymax></bndbox></object><object><name>face</name><pose>Unspecified</pose><truncated>0</truncated><difficult>0</difficult><bndbox><xmin>105</xmin><ymin>113</ymin><xmax>141</xmax><ymax>161</ymax></bndbox></object><object><name>face</name><pose>Unspecified</pose><truncated>0</truncated><difficult>0</difficult><bndbox><xmin>2</xmin><ymin>87</ymin><xmax>47</xmax><ymax>223</ymax></bndbox></object><object><name>face</name><pose>Unspecified</pose><truncated>0</truncated><difficult>0</difficult><bndbox><xmin>468</xmin><ymin>91</ymin><xmax>507</xmax><ymax>146</ymax></bndbox></object><object><name>face</name><pose>Unspecified</pose><truncated>0</truncated><difficult>0</difficult><bndbox><xmin>565</xmin><ymin>117</ymin><xmax>607</xmax><ymax>166</ymax></bndbox></object><object><name>face</name><pose>Unspecified</pose><truncated>0</truncated><difficult>0</difficult><bndbox><xmin>825</xmin><ymin>90</ymin><xmax>868</xmax><ymax>141</ymax></bndbox></object></annotation>