<annotation><folder>4--Dancing</folder><filename>4_Dancing_Dancing_4_237.jpg</filename><path>./WIDER_train/images/4--Dancing/4_Dancing_Dancing_4_237.jpg</path><source><database>Unknown</database></source><size><width>1024</width><height>576</height><depth>3</depth></size><segmented>0</segmented><object><name>face</name><pose>Unspecified</pose><truncated>0</truncated><difficult>0</difficult><bndbox><xmin>450</xmin><ymin>114</ymin><xmax>518</xmax><ymax>184</ymax></bndbox></object><object><name>face</name><pose>Unspecified</pose><truncated>0</truncated><difficult>0</difficult><bndbox><xmin>264</xmin><ymin>54</ymin><xmax>360</xmax><ymax>156</ymax></bndbox></object></annotation>