<annotation><folder>4--Dancing</folder><filename>4_Dancing_Dancing_4_453.jpg</filename><path>./WIDER_train/images/4--Dancing/4_Dancing_Dancing_4_453.jpg</path><source><database>Unknown</database></source><size><width>1024</width><height>953</height><depth>3</depth></size><segmented>0</segmented><object><name>face</name><pose>Unspecified</pose><truncated>0</truncated><difficult>0</difficult><bndbox><xmin>310</xmin><ymin>288</ymin><xmax>436</xmax><ymax>484</ymax></bndbox></object><object><name>face</name><pose>Unspecified</pose><truncated>0</truncated><difficult>0</difficult><bndbox><xmin>544</xmin><ymin>200</ymin><xmax>682</xmax><ymax>414</ymax></bndbox></object></annotation>