<annotation><folder>4--Dancing</folder><filename>4_Dancing_Dancing_4_75.jpg</filename><path>./WIDER_train/images/4--Dancing/4_Dancing_Dancing_4_75.jpg</path><source><database>Unknown</database></source><size><width>1024</width><height>829</height><depth>3</depth></size><segmented>0</segmented><object><name>face</name><pose>Unspecified</pose><truncated>0</truncated><difficult>0</difficult><bndbox><xmin>500</xmin><ymin>54</ymin><xmax>584</xmax><ymax>180</ymax></bndbox></object><object><name>face</name><pose>Unspecified</pose><truncated>0</truncated><difficult>0</difficult><bndbox><xmin>738</xmin><ymin>248</ymin><xmax>812</xmax><ymax>372</ymax></bndbox></object></annotation>