<annotation><folder>4--Dancing</folder><filename>4_Dancing_Dancing_4_393.jpg</filename><path>./WIDER_train/images/4--Dancing/4_Dancing_Dancing_4_393.jpg</path><source><database>Unknown</database></source><size><width>1024</width><height>1288</height><depth>3</depth></size><segmented>0</segmented><object><name>face</name><pose>Unspecified</pose><truncated>0</truncated><difficult>0</difficult><bndbox><xmin>387</xmin><ymin>279</ymin><xmax>452</xmax><ymax>377</ymax></bndbox></object><object><name>face</name><pose>Unspecified</pose><truncated>0</truncated><difficult>0</difficult><bndbox><xmin>730</xmin><ymin>216</ymin><xmax>800</xmax><ymax>319</ymax></bndbox></object></annotation>