<annotation><folder>4--Dancing</folder><filename>4_Dancing_Dancing_4_919.jpg</filename><path>./WIDER_train/images/4--Dancing/4_Dancing_Dancing_4_919.jpg</path><source><database>Unknown</database></source><size><width>1024</width><height>1492</height><depth>3</depth></size><segmented>0</segmented><object><name>face</name><pose>Unspecified</pose><truncated>0</truncated><difficult>0</difficult><bndbox><xmin>251</xmin><ymin>300</ymin><xmax>341</xmax><ymax>417</ymax></bndbox></object><object><name>face</name><pose>Unspecified</pose><truncated>0</truncated><difficult>0</difficult><bndbox><xmin>595</xmin><ymin>248</ymin><xmax>691</xmax><ymax>388</ymax></bndbox></object></annotation>