<annotation><folder>4--Dancing</folder><filename>4_Dancing_Dancing_4_215.jpg</filename><path>./WIDER_train/images/4--Dancing/4_Dancing_Dancing_4_215.jpg</path><source><database>Unknown</database></source><size><width>1024</width><height>948</height><depth>3</depth></size><segmented>0</segmented><object><name>face</name><pose>Unspecified</pose><truncated>0</truncated><difficult>0</difficult><bndbox><xmin>738</xmin><ymin>586</ymin><xmax>820</xmax><ymax>658</ymax></bndbox></object><object><name>face</name><pose>Unspecified</pose><truncated>0</truncated><difficult>0</difficult><bndbox><xmin>526</xmin><ymin>30</ymin><xmax>646</xmax><ymax>130</ymax></bndbox></object></annotation>