<annotation><folder>4--Dancing</folder><filename>4_Dancing_Dancing_4_42.jpg</filename><path>./WIDER_train/images/4--Dancing/4_Dancing_Dancing_4_42.jpg</path><source><database>Unknown</database></source><size><width>1024</width><height>686</height><depth>3</depth></size><segmented>0</segmented><object><name>face</name><pose>Unspecified</pose><truncated>0</truncated><difficult>0</difficult><bndbox><xmin>542</xmin><ymin>162</ymin><xmax>612</xmax><ymax>256</ymax></bndbox></object><object><name>face</name><pose>Unspecified</pose><truncated>0</truncated><difficult>0</difficult><bndbox><xmin>888</xmin><ymin>306</ymin><xmax>942</xmax><ymax>390</ymax></bndbox></object></annotation>