<annotation><folder>4--Dancing</folder><filename>4_Dancing_Dancing_4_182.jpg</filename><path>./WIDER_train/images/4--Dancing/4_Dancing_Dancing_4_182.jpg</path><source><database>Unknown</database></source><size><width>1024</width><height>1086</height><depth>3</depth></size><segmented>0</segmented><object><name>face</name><pose>Unspecified</pose><truncated>0</truncated><difficult>0</difficult><bndbox><xmin>208</xmin><ymin>151</ymin><xmax>276</xmax><ymax>255</ymax></bndbox></object><object><name>face</name><pose>Unspecified</pose><truncated>0</truncated><difficult>0</difficult><bndbox><xmin>460</xmin><ymin>117</ymin><xmax>538</xmax><ymax>238</ymax></bndbox></object><object><name>face</name><pose>Unspecified</pose><truncated>0</truncated><difficult>0</difficult><bndbox><xmin>702</xmin><ymin>187</ymin><xmax>766</xmax><ymax>263</ymax></bndbox></object></annotation>