<annotation><folder>4--Dancing</folder><filename>4_Dancing_Dancing_4_836.jpg</filename><path>./WIDER_train/images/4--Dancing/4_Dancing_Dancing_4_836.jpg</path><source><database>Unknown</database></source><size><width>1024</width><height>607</height><depth>3</depth></size><segmented>0</segmented><object><name>face</name><pose>Unspecified</pose><truncated>0</truncated><difficult>0</difficult><bndbox><xmin>266</xmin><ymin>258</ymin><xmax>406</xmax><ymax>476</ymax></bndbox></object><object><name>face</name><pose>Unspecified</pose><truncated>0</truncated><difficult>0</difficult><bndbox><xmin>596</xmin><ymin>108</ymin><xmax>766</xmax><ymax>322</ymax></bndbox></object></annotation>