<annotation><folder>4--Dancing</folder><filename>4_Dancing_Dancing_4_233.jpg</filename><path>./WIDER_train/images/4--Dancing/4_Dancing_Dancing_4_233.jpg</path><source><database>Unknown</database></source><size><width>1024</width><height>1499</height><depth>3</depth></size><segmented>0</segmented><object><name>face</name><pose>Unspecified</pose><truncated>0</truncated><difficult>0</difficult><bndbox><xmin>240</xmin><ymin>79</ymin><xmax>354</xmax><ymax>275</ymax></bndbox></object><object><name>face</name><pose>Unspecified</pose><truncated>0</truncated><difficult>0</difficult><bndbox><xmin>360</xmin><ymin>70</ymin><xmax>492</xmax><ymax>266</ymax></bndbox></object></annotation>