<annotation><folder>4--Dancing</folder><filename>4_Dancing_Dancing_4_835.jpg</filename><path>./WIDER_train/images/4--Dancing/4_Dancing_Dancing_4_835.jpg</path><source><database>Unknown</database></source><size><width>1024</width><height>666</height><depth>3</depth></size><segmented>0</segmented><object><name>face</name><pose>Unspecified</pose><truncated>0</truncated><difficult>0</difficult><bndbox><xmin>320</xmin><ymin>124</ymin><xmax>430</xmax><ymax>302</ymax></bndbox></object><object><name>face</name><pose>Unspecified</pose><truncated>0</truncated><difficult>0</difficult><bndbox><xmin>538</xmin><ymin>100</ymin><xmax>670</xmax><ymax>314</ymax></bndbox></object></annotation>