<annotation><folder>4--Dancing</folder><filename>4_Dancing_Dancing_4_389.jpg</filename><path>./WIDER_train/images/4--Dancing/4_Dancing_Dancing_4_389.jpg</path><source><database>Unknown</database></source><size><width>1024</width><height>1138</height><depth>3</depth></size><segmented>0</segmented><object><name>face</name><pose>Unspecified</pose><truncated>0</truncated><difficult>0</difficult><bndbox><xmin>593</xmin><ymin>100</ymin><xmax>671</xmax><ymax>229</ymax></bndbox></object><object><name>face</name><pose>Unspecified</pose><truncated>0</truncated><difficult>0</difficult><bndbox><xmin>693</xmin><ymin>167</ymin><xmax>773</xmax><ymax>280</ymax></bndbox></object></annotation>