<annotation><folder>4--Dancing</folder><filename>4_Dancing_Dancing_4_764.jpg</filename><path>./WIDER_train/images/4--Dancing/4_Dancing_Dancing_4_764.jpg</path><source><database>Unknown</database></source><size><width>1024</width><height>1484</height><depth>3</depth></size><segmented>0</segmented><object><name>face</name><pose>Unspecified</pose><truncated>0</truncated><difficult>0</difficult><bndbox><xmin>276</xmin><ymin>128</ymin><xmax>395</xmax><ymax>314</ymax></bndbox></object><object><name>face</name><pose>Unspecified</pose><truncated>0</truncated><difficult>0</difficult><bndbox><xmin>661</xmin><ymin>209</ymin><xmax>771</xmax><ymax>398</ymax></bndbox></object></annotation>