<annotation><folder>4--Dancing</folder><filename>4_Dancing_Dancing_4_690.jpg</filename><path>./WIDER_train/images/4--Dancing/4_Dancing_Dancing_4_690.jpg</path><source><database>Unknown</database></source><size><width>1024</width><height>1449</height><depth>3</depth></size><segmented>0</segmented><object><name>face</name><pose>Unspecified</pose><truncated>0</truncated><difficult>0</difficult><bndbox><xmin>170</xmin><ymin>289</ymin><xmax>283</xmax><ymax>430</ymax></bndbox></object><object><name>face</name><pose>Unspecified</pose><truncated>0</truncated><difficult>0</difficult><bndbox><xmin>311</xmin><ymin>170</ymin><xmax>418</xmax><ymax>337</ymax></bndbox></object></annotation>