<annotation><folder>4--Dancing</folder><filename>4_Dancing_Dancing_4_539.jpg</filename><path>./WIDER_train/images/4--Dancing/4_Dancing_Dancing_4_539.jpg</path><source><database>Unknown</database></source><size><width>1024</width><height>1348</height><depth>3</depth></size><segmented>0</segmented><object><name>face</name><pose>Unspecified</pose><truncated>0</truncated><difficult>0</difficult><bndbox><xmin>598</xmin><ymin>229</ymin><xmax>711</xmax><ymax>408</ymax></bndbox></object><object><name>face</name><pose>Unspecified</pose><truncated>0</truncated><difficult>0</difficult><bndbox><xmin>787</xmin><ymin>305</ymin><xmax>900</xmax><ymax>484</ymax></bndbox></object></annotation>