<annotation><folder>4--Dancing</folder><filename>4_Dancing_Dancing_4_675.jpg</filename><path>./WIDER_train/images/4--Dancing/4_Dancing_Dancing_4_675.jpg</path><source><database>Unknown</database></source><size><width>1024</width><height>692</height><depth>3</depth></size><segmented>0</segmented><object><name>face</name><pose>Unspecified</pose><truncated>0</truncated><difficult>0</difficult><bndbox><xmin>608</xmin><ymin>2</ymin><xmax>838</xmax><ymax>258</ymax></bndbox></object><object><name>face</name><pose>Unspecified</pose><truncated>0</truncated><difficult>0</difficult><bndbox><xmin>188</xmin><ymin>142</ymin><xmax>432</xmax><ymax>466</ymax></bndbox></object></annotation>