<annotation><folder>4--Dancing</folder><filename>4_Dancing_Dancing_4_5.jpg</filename><path>./WIDER_train/images/4--Dancing/4_Dancing_Dancing_4_5.jpg</path><source><database>Unknown</database></source><size><width>1024</width><height>1044</height><depth>3</depth></size><segmented>0</segmented><object><name>face</name><pose>Unspecified</pose><truncated>0</truncated><difficult>0</difficult><bndbox><xmin>255</xmin><ymin>131</ymin><xmax>351</xmax><ymax>225</ymax></bndbox></object><object><name>face</name><pose>Unspecified</pose><truncated>0</truncated><difficult>0</difficult><bndbox><xmin>471</xmin><ymin>31</ymin><xmax>540</xmax><ymax>162</ymax></bndbox></object></annotation>