<annotation><folder>4--Dancing</folder><filename>4_Dancing_Dancing_4_271.jpg</filename><path>./WIDER_train/images/4--Dancing/4_Dancing_Dancing_4_271.jpg</path><source><database>Unknown</database></source><size><width>1024</width><height>1383</height><depth>3</depth></size><segmented>0</segmented><object><name>face</name><pose>Unspecified</pose><truncated>0</truncated><difficult>0</difficult><bndbox><xmin>219</xmin><ymin>157</ymin><xmax>305</xmax><ymax>311</ymax></bndbox></object><object><name>face</name><pose>Unspecified</pose><truncated>0</truncated><difficult>0</difficult><bndbox><xmin>367</xmin><ymin>238</ymin><xmax>470</xmax><ymax>362</ymax></bndbox></object></annotation>