<annotation><folder>4--Dancing</folder><filename>4_Dancing_Dancing_4_317.jpg</filename><path>./WIDER_train/images/4--Dancing/4_Dancing_Dancing_4_317.jpg</path><source><database>Unknown</database></source><size><width>1024</width><height>820</height><depth>3</depth></size><segmented>0</segmented><object><name>face</name><pose>Unspecified</pose><truncated>0</truncated><difficult>0</difficult><bndbox><xmin>442</xmin><ymin>154</ymin><xmax>524</xmax><ymax>274</ymax></bndbox></object><object><name>face</name><pose>Unspecified</pose><truncated>0</truncated><difficult>0</difficult><bndbox><xmin>536</xmin><ymin>44</ymin><xmax>612</xmax><ymax>166</ymax></bndbox></object></annotation>