<annotation><folder>4--Dancing</folder><filename>4_Dancing_Dancing_4_51.jpg</filename><path>./WIDER_train/images/4--Dancing/4_Dancing_Dancing_4_51.jpg</path><source><database>Unknown</database></source><size><width>1024</width><height>768</height><depth>3</depth></size><segmented>0</segmented><object><name>face</name><pose>Unspecified</pose><truncated>0</truncated><difficult>0</difficult><bndbox><xmin>156</xmin><ymin>218</ymin><xmax>201</xmax><ymax>264</ymax></bndbox></object><object><name>face</name><pose>Unspecified</pose><truncated>0</truncated><difficult>0</difficult><bndbox><xmin>846</xmin><ymin>200</ymin><xmax>906</xmax><ymax>262</ymax></bndbox></object><object><name>face</name><pose>Unspecified</pose><truncated>0</truncated><difficult>0</difficult><bndbox><xmin>498</xmin><ymin>235</ymin><xmax>561</xmax><ymax>286</ymax></bndbox></object></annotation>