<annotation>
	<folder>train</folder>
	<filename>4_Dancing_Dancing_4_147.jpg</filename>
	<path>D:\mask_dataset\train\4_Dancing_Dancing_4_147.jpg</path>
	<source>
		<database>Unknown</database>
	</source>
	<size>
		<width>1024</width>
		<height>1540</height>
		<depth>3</depth>
	</size>
	<segmented>0</segmented>
	<object>
		<name>face</name>
		<pose>Unspecified</pose>
		<truncated>0</truncated>
		<difficult>0</difficult>
		<bndbox>
			<xmin>471</xmin>
			<ymin>205</ymin>
			<xmax>593</xmax>
			<ymax>332</ymax>
		</bndbox>
	</object>
	<object>
		<name>face</name>
		<pose>Unspecified</pose>
		<truncated>0</truncated>
		<difficult>0</difficult>
		<bndbox>
			<xmin>443</xmin>
			<ymin>656</ymin>
			<xmax>547</xmax>
			<ymax>805</ymax>
		</bndbox>
	</object>
</annotation>
