<annotation>
	<folder>train</folder>
	<filename>4_Dancing_Dancing_4_905.jpg</filename>
	<path>D:\mask_dataset\train\4_Dancing_Dancing_4_905.jpg</path>
	<source>
		<database>Unknown</database>
	</source>
	<size>
		<width>1024</width>
		<height>1503</height>
		<depth>3</depth>
	</size>
	<segmented>0</segmented>
	<object>
		<name>face</name>
		<pose>Unspecified</pose>
		<truncated>0</truncated>
		<difficult>0</difficult>
		<bndbox>
			<xmin>617</xmin>
			<ymin>49</ymin>
			<xmax>877</xmax>
			<ymax>346</ymax>
		</bndbox>
	</object>
	<object>
		<name>face</name>
		<pose>Unspecified</pose>
		<truncated>0</truncated>
		<difficult>0</difficult>
		<bndbox>
			<xmin>432</xmin>
			<ymin>85</ymin>
			<xmax>661</xmax>
			<ymax>406</ymax>
		</bndbox>
	</object>
	<object>
		<name>face</name>
		<pose>Unspecified</pose>
		<truncated>0</truncated>
		<difficult>0</difficult>
		<bndbox>
			<xmin>197</xmin>
			<ymin>1123</ymin>
			<xmax>243</xmax>
			<ymax>1189</ymax>
		</bndbox>
	</object>
</annotation>
