<annotation><folder>4--Dancing</folder><filename>4_Dancing_Dancing_4_197.jpg</filename><path>./WIDER_train/images/4--Dancing/4_Dancing_Dancing_4_197.jpg</path><source><database>Unknown</database></source><size><width>1024</width><height>817</height><depth>3</depth></size><segmented>0</segmented><object><name>face</name><pose>Unspecified</pose><truncated>0</truncated><difficult>0</difficult><bndbox><xmin>358</xmin><ymin>22</ymin><xmax>432</xmax><ymax>118</ymax></bndbox></object><object><name>face</name><pose>Unspecified</pose><truncated>0</truncated><difficult>0</difficult><bndbox><xmin>730</xmin><ymin>60</ymin><xmax>804</xmax><ymax>144</ymax></bndbox></object></annotation>