<annotation><folder>4--Dancing</folder><filename>4_Dancing_Dancing_4_68.jpg</filename><path>./WIDER_train/images/4--Dancing/4_Dancing_Dancing_4_68.jpg</path><source><database>Unknown</database></source><size><width>1024</width><height>873</height><depth>3</depth></size><segmented>0</segmented><object><name>face</name><pose>Unspecified</pose><truncated>0</truncated><difficult>0</difficult><bndbox><xmin>402</xmin><ymin>349</ymin><xmax>439</xmax><ymax>402</ymax></bndbox></object><object><name>face</name><pose>Unspecified</pose><truncated>0</truncated><difficult>0</difficult><bndbox><xmin>650</xmin><ymin>337</ymin><xmax>683</xmax><ymax>385</ymax></bndbox></object><object><name>face</name><pose>Unspecified</pose><truncated>0</truncated><difficult>0</difficult><bndbox><xmin>875</xmin><ymin>318</ymin><xmax>908</xmax><ymax>367</ymax></bndbox></object></annotation>