<annotation><folder>4--Dancing</folder><filename>4_Dancing_Dancing_4_392.jpg</filename><path>./WIDER_train/images/4--Dancing/4_Dancing_Dancing_4_392.jpg</path><source><database>Unknown</database></source><size><width>1024</width><height>1053</height><depth>3</depth></size><segmented>0</segmented><object><name>face</name><pose>Unspecified</pose><truncated>0</truncated><difficult>0</difficult><bndbox><xmin>234</xmin><ymin>185</ymin><xmax>320</xmax><ymax>310</ymax></bndbox></object><object><name>face</name><pose>Unspecified</pose><truncated>0</truncated><difficult>0</difficult><bndbox><xmin>555</xmin><ymin>80</ymin><xmax>635</xmax><ymax>189</ymax></bndbox></object></annotation>