<annotation><folder>4--Dancing</folder><filename>4_Dancing_Dancing_4_826.jpg</filename><path>./WIDER_train/images/4--Dancing/4_Dancing_Dancing_4_826.jpg</path><source><database>Unknown</database></source><size><width>1024</width><height>1576</height><depth>3</depth></size><segmented>0</segmented><object><name>face</name><pose>Unspecified</pose><truncated>0</truncated><difficult>0</difficult><bndbox><xmin>228</xmin><ymin>105</ymin><xmax>339</xmax><ymax>277</ymax></bndbox></object><object><name>face</name><pose>Unspecified</pose><truncated>0</truncated><difficult>0</difficult><bndbox><xmin>578</xmin><ymin>114</ymin><xmax>692</xmax><ymax>280</ymax></bndbox></object></annotation>