<annotation><folder>4--Dancing</folder><filename>4_Dancing_Dancing_4_64.jpg</filename><path>./WIDER_train/images/4--Dancing/4_Dancing_Dancing_4_64.jpg</path><source><database>Unknown</database></source><size><width>1024</width><height>692</height><depth>3</depth></size><segmented>0</segmented><object><name>face</name><pose>Unspecified</pose><truncated>0</truncated><difficult>0</difficult><bndbox><xmin>387</xmin><ymin>166</ymin><xmax>431</xmax><ymax>230</ymax></bndbox></object><object><name>face</name><pose>Unspecified</pose><truncated>0</truncated><difficult>0</difficult><bndbox><xmin>535</xmin><ymin>170</ymin><xmax>584</xmax><ymax>230</ymax></bndbox></object></annotation>