<annotation><folder>4--Dancing</folder><filename>4_Dancing_Dancing_4_907.jpg</filename><path>./WIDER_train/images/4--Dancing/4_Dancing_Dancing_4_907.jpg</path><source><database>Unknown</database></source><size><width>1024</width><height>948</height><depth>3</depth></size><segmented>0</segmented><object><name>face</name><pose>Unspecified</pose><truncated>0</truncated><difficult>0</difficult><bndbox><xmin>2</xmin><ymin>219</ymin><xmax>180</xmax><ymax>425</ymax></bndbox></object><object><name>face</name><pose>Unspecified</pose><truncated>0</truncated><difficult>0</difficult><bndbox><xmin>407</xmin><ymin>259</ymin><xmax>555</xmax><ymax>456</ymax></bndbox></object><object><name>face</name><pose>Unspecified</pose><truncated>0</truncated><difficult>0</difficult><bndbox><xmin>706</xmin><ymin>266</ymin><xmax>863</xmax><ymax>460</ymax></bndbox></object><object><name>face</name><pose>Unspecified</pose><truncated>0</truncated><difficult>0</difficult><bndbox><xmin>957</xmin><ymin>187</ymin><xmax>1024</xmax><ymax>418</ymax></bndbox></object><object><name>face</name><pose>Unspecified</pose><truncated>0</truncated><difficult>0</difficult><bndbox><xmin>943</xmin><ymin>114</ymin><xmax>979</xmax><ymax>166</ymax></bndbox></object></annotation>