<annotation><folder>4--Dancing</folder><filename>4_Dancing_Dancing_4_433.jpg</filename><path>./WIDER_train/images/4--Dancing/4_Dancing_Dancing_4_433.jpg</path><source><database>Unknown</database></source><size><width>1024</width><height>680</height><depth>3</depth></size><segmented>0</segmented><object><name>face</name><pose>Unspecified</pose><truncated>0</truncated><difficult>0</difficult><bndbox><xmin>290</xmin><ymin>90</ymin><xmax>323</xmax><ymax>146</ymax></bndbox></object><object><name>face</name><pose>Unspecified</pose><truncated>0</truncated><difficult>0</difficult><bndbox><xmin>697</xmin><ymin>42</ymin><xmax>742</xmax><ymax>98</ymax></bndbox></object></annotation>