<annotation><folder>4--Dancing</folder><filename>4_Dancing_Dancing_4_626.jpg</filename><path>./WIDER_train/images/4--Dancing/4_Dancing_Dancing_4_626.jpg</path><source><database>Unknown</database></source><size><width>1024</width><height>677</height><depth>3</depth></size><segmented>0</segmented><object><name>face</name><pose>Unspecified</pose><truncated>0</truncated><difficult>0</difficult><bndbox><xmin>366</xmin><ymin>80</ymin><xmax>514</xmax><ymax>366</ymax></bndbox></object><object><name>face</name><pose>Unspecified</pose><truncated>0</truncated><difficult>0</difficult><bndbox><xmin>540</xmin><ymin>96</ymin><xmax>718</xmax><ymax>384</ymax></bndbox></object></annotation>