<annotation><folder>4--Dancing</folder><filename>4_Dancing_Dancing_4_326.jpg</filename><path>./WIDER_train/images/4--Dancing/4_Dancing_Dancing_4_326.jpg</path><source><database>Unknown</database></source><size><width>1024</width><height>1670</height><depth>3</depth></size><segmented>0</segmented><object><name>face</name><pose>Unspecified</pose><truncated>0</truncated><difficult>0</difficult><bndbox><xmin>411</xmin><ymin>222</ymin><xmax>525</xmax><ymax>395</ymax></bndbox></object><object><name>face</name><pose>Unspecified</pose><truncated>0</truncated><difficult>0</difficult><bndbox><xmin>457</xmin><ymin>49</ymin><xmax>578</xmax><ymax>222</ymax></bndbox></object></annotation>