<annotation><folder>4--Dancing</folder><filename>4_Dancing_Dancing_4_933.jpg</filename><path>./WIDER_train/images/4--Dancing/4_Dancing_Dancing_4_933.jpg</path><source><database>Unknown</database></source><size><width>1024</width><height>1022</height><depth>3</depth></size><segmented>0</segmented><object><name>face</name><pose>Unspecified</pose><truncated>0</truncated><difficult>0</difficult><bndbox><xmin>162</xmin><ymin>378</ymin><xmax>360</xmax><ymax>534</ymax></bndbox></object><object><name>face</name><pose>Unspecified</pose><truncated>0</truncated><difficult>0</difficult><bndbox><xmin>428</xmin><ymin>210</ymin><xmax>616</xmax><ymax>448</ymax></bndbox></object></annotation>