<annotation><folder>4--Dancing</folder><filename>4_Dancing_Dancing_4_613.jpg</filename><path>./WIDER_train/images/4--Dancing/4_Dancing_Dancing_4_613.jpg</path><source><database>Unknown</database></source><size><width>1024</width><height>653</height><depth>3</depth></size><segmented>0</segmented><object><name>face</name><pose>Unspecified</pose><truncated>0</truncated><difficult>0</difficult><bndbox><xmin>361</xmin><ymin>349</ymin><xmax>407</xmax><ymax>412</ymax></bndbox></object><object><name>face</name><pose>Unspecified</pose><truncated>0</truncated><difficult>0</difficult><bndbox><xmin>547</xmin><ymin>111</ymin><xmax>596</xmax><ymax>168</ymax></bndbox></object><object><name>face</name><pose>Unspecified</pose><truncated>0</truncated><difficult>0</difficult><bndbox><xmin>599</xmin><ymin>246</ymin><xmax>651</xmax><ymax>319</ymax></bndbox></object></annotation>