<annotation><folder>4--Dancing</folder><filename>4_Dancing_Dancing_4_512.jpg</filename><path>./WIDER_train/images/4--Dancing/4_Dancing_Dancing_4_512.jpg</path><source><database>Unknown</database></source><size><width>1024</width><height>960</height><depth>3</depth></size><segmented>0</segmented><object><name>face</name><pose>Unspecified</pose><truncated>0</truncated><difficult>0</difficult><bndbox><xmin>188</xmin><ymin>160</ymin><xmax>252</xmax><ymax>272</ymax></bndbox></object><object><name>face</name><pose>Unspecified</pose><truncated>0</truncated><difficult>0</difficult><bndbox><xmin>522</xmin><ymin>248</ymin><xmax>588</xmax><ymax>356</ymax></bndbox></object></annotation>