<annotation><folder>4--Dancing</folder><filename>4_Dancing_Dancing_4_355.jpg</filename><path>./WIDER_train/images/4--Dancing/4_Dancing_Dancing_4_355.jpg</path><source><database>Unknown</database></source><size><width>1024</width><height>786</height><depth>3</depth></size><segmented>0</segmented><object><name>face</name><pose>Unspecified</pose><truncated>0</truncated><difficult>0</difficult><bndbox><xmin>102</xmin><ymin>178</ymin><xmax>194</xmax><ymax>296</ymax></bndbox></object><object><name>face</name><pose>Unspecified</pose><truncated>0</truncated><difficult>0</difficult><bndbox><xmin>808</xmin><ymin>62</ymin><xmax>912</xmax><ymax>194</ymax></bndbox></object><object><name>face</name><pose>Unspecified</pose><truncated>0</truncated><difficult>0</difficult><bndbox><xmin>454</xmin><ymin>118</ymin><xmax>540</xmax><ymax>258</ymax></bndbox></object><object><name>face</name><pose>Unspecified</pose><truncated>0</truncated><difficult>0</difficult><bndbox><xmin>6</xmin><ymin>130</ymin><xmax>68</xmax><ymax>244</ymax></bndbox></object></annotation>