<annotation><folder>4--Dancing</folder><filename>4_Dancing_Dancing_4_774.jpg</filename><path>./WIDER_train/images/4--Dancing/4_Dancing_Dancing_4_774.jpg</path><source><database>Unknown</database></source><size><width>1024</width><height>1366</height><depth>3</depth></size><segmented>0</segmented><object><name>face</name><pose>Unspecified</pose><truncated>0</truncated><difficult>0</difficult><bndbox><xmin>184</xmin><ymin>379</ymin><xmax>256</xmax><ymax>472</ymax></bndbox></object><object><name>face</name><pose>Unspecified</pose><truncated>0</truncated><difficult>0</difficult><bndbox><xmin>349</xmin><ymin>371</ymin><xmax>424</xmax><ymax>462</ymax></bndbox></object><object><name>face</name><pose>Unspecified</pose><truncated>0</truncated><difficult>0</difficult><bndbox><xmin>509</xmin><ymin>427</ymin><xmax>576</xmax><ymax>507</ymax></bndbox></object><object><name>face</name><pose>Unspecified</pose><truncated>0</truncated><difficult>0</difficult><bndbox><xmin>752</xmin><ymin>344</ymin><xmax>816</xmax><ymax>445</ymax></bndbox></object><object><name>face</name><pose>Unspecified</pose><truncated>0</truncated><difficult>0</difficult><bndbox><xmin>659</xmin><ymin>1048</ymin><xmax>734</xmax><ymax>1152</ymax></bndbox></object></annotation>