<annotation><folder>4--Dancing</folder><filename>4_Dancing_Dancing_4_348.jpg</filename><path>./WIDER_train/images/4--Dancing/4_Dancing_Dancing_4_348.jpg</path><source><database>Unknown</database></source><size><width>1024</width><height>1468</height><depth>3</depth></size><segmented>0</segmented><object><name>face</name><pose>Unspecified</pose><truncated>0</truncated><difficult>0</difficult><bndbox><xmin>519</xmin><ymin>184</ymin><xmax>605</xmax><ymax>319</ymax></bndbox></object><object><name>face</name><pose>Unspecified</pose><truncated>0</truncated><difficult>0</difficult><bndbox><xmin>258</xmin><ymin>92</ymin><xmax>381</xmax><ymax>253</ymax></bndbox></object></annotation>