<annotation><folder>4--Dancing</folder><filename>4_Dancing_Dancing_4_70.jpg</filename><path>./WIDER_train/images/4--Dancing/4_Dancing_Dancing_4_70.jpg</path><source><database>Unknown</database></source><size><width>1024</width><height>640</height><depth>3</depth></size><segmented>0</segmented><object><name>face</name><pose>Unspecified</pose><truncated>0</truncated><difficult>0</difficult><bndbox><xmin>85</xmin><ymin>155</ymin><xmax>114</xmax><ymax>191</ymax></bndbox></object><object><name>face</name><pose>Unspecified</pose><truncated>0</truncated><difficult>0</difficult><bndbox><xmin>168</xmin><ymin>170</ymin><xmax>206</xmax><ymax>204</ymax></bndbox></object><object><name>face</name><pose>Unspecified</pose><truncated>0</truncated><difficult>0</difficult><bndbox><xmin>325</xmin><ymin>175</ymin><xmax>351</xmax><ymax>209</ymax></bndbox></object><object><name>face</name><pose>Unspecified</pose><truncated>0</truncated><difficult>0</difficult><bndbox><xmin>360</xmin><ymin>207</ymin><xmax>385</xmax><ymax>237</ymax></bndbox></object><object><name>face</name><pose>Unspecified</pose><truncated>0</truncated><difficult>0</difficult><bndbox><xmin>398</xmin><ymin>205</ymin><xmax>421</xmax><ymax>237</ymax></bndbox></object><object><name>face</name><pose>Unspecified</pose><truncated>0</truncated><difficult>0</difficult><bndbox><xmin>517</xmin><ymin>177</ymin><xmax>540</xmax><ymax>209</ymax></bndbox></object><object><name>face</name><pose>Unspecified</pose><truncated>0</truncated><difficult>0</difficult><bndbox><xmin>575</xmin><ymin>166</ymin><xmax>600</xmax><ymax>198</ymax></bndbox></object><object><name>face</name><pose>Unspecified</pose><truncated>0</truncated><difficult>0</difficult><bndbox><xmin>507</xmin><ymin>266</ymin><xmax>534</xmax><ymax>299</ymax></bndbox></object><object><name>face</name><pose>Unspecified</pose><truncated>0</truncated><difficult>0</difficult><bndbox><xmin>622</xmin><ymin>221</ymin><xmax>650</xmax><ymax>251</ymax></bndbox></object><object><name>face</name><pose>Unspecified</pose><truncated>0</truncated><difficult>0</difficult><bndbox><xmin>665</xmin><ymin>180</ymin><xmax>696</xmax><ymax>206</ymax></bndbox></object><object><name>face</name><pose>Unspecified</pose><truncated>0</truncated><difficult>0</difficult><bndbox><xmin>780</xmin><ymin>166</ymin><xmax>807</xmax><ymax>199</ymax></bndbox></object><object><name>face</name><pose>Unspecified</pose><truncated>0</truncated><difficult>0</difficult><bndbox><xmin>829</xmin><ymin>191</ymin><xmax>861</xmax><ymax>230</ymax></bndbox></object><object><name>face</name><pose>Unspecified</pose><truncated>0</truncated><difficult>0</difficult><bndbox><xmin>910</xmin><ymin>178</ymin><xmax>938</xmax><ymax>215</ymax></bndbox></object></annotation>