<annotation>
	<folder>train</folder>
	<filename>4_Dancing_Dancing_4_431.jpg</filename>
	<path>/home/daniel/Data/Dataset/FaceMaskNew/train/4_Dancing_Dancing_4_431.jpg</path>
	<source>
		<database>Unknown</database>
	</source>
	<size>
		<width>1024</width>
		<height>680</height>
		<depth>3</depth>
	</size>
	<segmented>0</segmented>
	<object>
		<name>face</name>
		<pose>Unspecified</pose>
		<truncated>0</truncated>
		<difficult>0</difficult>
		<bndbox>
			<xmin>687</xmin>
			<ymin>119</ymin>
			<xmax>724</xmax>
			<ymax>158</ymax>
		</bndbox>
	</object>
</annotation>
