<annotation><folder>4--Dancing</folder><filename>4_Dancing_Dancing_4_22.jpg</filename><path>./WIDER_train/images/4--Dancing/4_Dancing_Dancing_4_22.jpg</path><source><database>Unknown</database></source><size><width>1024</width><height>1371</height><depth>3</depth></size><segmented>0</segmented><object><name>face</name><pose>Unspecified</pose><truncated>0</truncated><difficult>0</difficult><bndbox><xmin>217</xmin><ymin>86</ymin><xmax>305</xmax><ymax>246</ymax></bndbox></object><object><name>face</name><pose>Unspecified</pose><truncated>0</truncated><difficult>0</difficult><bndbox><xmin>647</xmin><ymin>211</ymin><xmax>738</xmax><ymax>326</ymax></bndbox></object></annotation>