<annotation><folder>4--Dancing</folder><filename>4_Dancing_Dancing_4_688.jpg</filename><path>./WIDER_train/images/4--Dancing/4_Dancing_Dancing_4_688.jpg</path><source><database>Unknown</database></source><size><width>1024</width><height>1495</height><depth>3</depth></size><segmented>0</segmented><object><name>face</name><pose>Unspecified</pose><truncated>0</truncated><difficult>0</difficult><bndbox><xmin>315</xmin><ymin>423</ymin><xmax>408</xmax><ymax>551</ymax></bndbox></object><object><name>face</name><pose>Unspecified</pose><truncated>0</truncated><difficult>0</difficult><bndbox><xmin>738</xmin><ymin>554</ymin><xmax>808</xmax><ymax>677</ymax></bndbox></object></annotation>