<annotation><folder>4--Dancing</folder><filename>4_Dancing_Dancing_4_180.jpg</filename><path>./WIDER_train/images/4--Dancing/4_Dancing_Dancing_4_180.jpg</path><source><database>Unknown</database></source><size><width>1024</width><height>757</height><depth>3</depth></size><segmented>0</segmented><object><name>face</name><pose>Unspecified</pose><truncated>0</truncated><difficult>0</difficult><bndbox><xmin>268</xmin><ymin>166</ymin><xmax>318</xmax><ymax>208</ymax></bndbox></object><object><name>face</name><pose>Unspecified</pose><truncated>0</truncated><difficult>0</difficult><bndbox><xmin>616</xmin><ymin>128</ymin><xmax>667</xmax><ymax>194</ymax></bndbox></object></annotation>