<annotation><folder>4--Dancing</folder><filename>4_Dancing_Dancing_4_369.jpg</filename><path>./WIDER_train/images/4--Dancing/4_Dancing_Dancing_4_369.jpg</path><source><database>Unknown</database></source><size><width>1024</width><height>750</height><depth>3</depth></size><segmented>0</segmented><object><name>face</name><pose>Unspecified</pose><truncated>0</truncated><difficult>0</difficult><bndbox><xmin>168</xmin><ymin>236</ymin><xmax>252</xmax><ymax>334</ymax></bndbox></object><object><name>face</name><pose>Unspecified</pose><truncated>0</truncated><difficult>0</difficult><bndbox><xmin>328</xmin><ymin>226</ymin><xmax>398</xmax><ymax>324</ymax></bndbox></object><object><name>face</name><pose>Unspecified</pose><truncated>0</truncated><difficult>0</difficult><bndbox><xmin>482</xmin><ymin>232</ymin><xmax>558</xmax><ymax>326</ymax></bndbox></object><object><name>face</name><pose>Unspecified</pose><truncated>0</truncated><difficult>0</difficult><bndbox><xmin>618</xmin><ymin>228</ymin><xmax>686</xmax><ymax>330</ymax></bndbox></object><object><name>face</name><pose>Unspecified</pose><truncated>0</truncated><difficult>0</difficult><bndbox><xmin>778</xmin><ymin>232</ymin><xmax>852</xmax><ymax>336</ymax></bndbox></object></annotation>