<annotation><folder>4--Dancing</folder><filename>4_Dancing_Dancing_4_49.jpg</filename><path>./WIDER_train/images/4--Dancing/4_Dancing_Dancing_4_49.jpg</path><source><database>Unknown</database></source><size><width>1024</width><height>1536</height><depth>3</depth></size><segmented>0</segmented><object><name>face</name><pose>Unspecified</pose><truncated>0</truncated><difficult>0</difficult><bndbox><xmin>344</xmin><ymin>347</ymin><xmax>428</xmax><ymax>485</ymax></bndbox></object><object><name>face</name><pose>Unspecified</pose><truncated>0</truncated><difficult>0</difficult><bndbox><xmin>539</xmin><ymin>353</ymin><xmax>629</xmax><ymax>470</ymax></bndbox></object></annotation>