<annotation><folder>4--Dancing</folder><filename>4_Dancing_Dancing_4_258.jpg</filename><path>./WIDER_train/images/4--Dancing/4_Dancing_Dancing_4_258.jpg</path><source><database>Unknown</database></source><size><width>1024</width><height>722</height><depth>3</depth></size><segmented>0</segmented><object><name>face</name><pose>Unspecified</pose><truncated>0</truncated><difficult>0</difficult><bndbox><xmin>306</xmin><ymin>68</ymin><xmax>368</xmax><ymax>152</ymax></bndbox></object><object><name>face</name><pose>Unspecified</pose><truncated>0</truncated><difficult>0</difficult><bndbox><xmin>606</xmin><ymin>58</ymin><xmax>658</xmax><ymax>162</ymax></bndbox></object></annotation>