<annotation>
	<folder>train</folder>
	<filename>4_Dancing_Dancing_4_152.jpg</filename>
	<path>/home/daniel/Data/Dataset/FaceMaskNew/train/4_Dancing_Dancing_4_152.jpg</path>
	<source>
		<database>Unknown</database>
	</source>
	<size>
		<width>1024</width>
		<height>683</height>
		<depth>3</depth>
	</size>
	<segmented>0</segmented>
	<object>
		<name>face</name>
		<pose>Unspecified</pose>
		<truncated>0</truncated>
		<difficult>0</difficult>
		<bndbox>
			<xmin>439</xmin>
			<ymin>178</ymin>
			<xmax>481</xmax>
			<ymax>239</ymax>
		</bndbox>
	</object>
	<object>
		<name>face</name>
		<pose>Unspecified</pose>
		<truncated>0</truncated>
		<difficult>0</difficult>
		<bndbox>
			<xmin>562</xmin>
			<ymin>118</ymin>
			<xmax>603</xmax>
			<ymax>178</ymax>
		</bndbox>
	</object>
</annotation>
