<annotation><folder>4--Dancing</folder><filename>4_Dancing_Dancing_4_43.jpg</filename><path>./WIDER_train/images/4--Dancing/4_Dancing_Dancing_4_43.jpg</path><source><database>Unknown</database></source><size><width>1024</width><height>740</height><depth>3</depth></size><segmented>0</segmented><object><name>face</name><pose>Unspecified</pose><truncated>0</truncated><difficult>0</difficult><bndbox><xmin>94</xmin><ymin>108</ymin><xmax>150</xmax><ymax>181</ymax></bndbox></object><object><name>face</name><pose>Unspecified</pose><truncated>0</truncated><difficult>0</difficult><bndbox><xmin>243</xmin><ymin>115</ymin><xmax>307</xmax><ymax>193</ymax></bndbox></object><object><name>face</name><pose>Unspecified</pose><truncated>0</truncated><difficult>0</difficult><bndbox><xmin>342</xmin><ymin>109</ymin><xmax>397</xmax><ymax>170</ymax></bndbox></object><object><name>face</name><pose>Unspecified</pose><truncated>0</truncated><difficult>0</difficult><bndbox><xmin>466</xmin><ymin>103</ymin><xmax>523</xmax><ymax>181</ymax></bndbox></object><object><name>face</name><pose>Unspecified</pose><truncated>0</truncated><difficult>0</difficult><bndbox><xmin>518</xmin><ymin>127</ymin><xmax>555</xmax><ymax>190</ymax></bndbox></object><object><name>face</name><pose>Unspecified</pose><truncated>0</truncated><difficult>0</difficult><bndbox><xmin>629</xmin><ymin>102</ymin><xmax>680</xmax><ymax>171</ymax></bndbox></object><object><name>face</name><pose>Unspecified</pose><truncated>0</truncated><difficult>0</difficult><bndbox><xmin>734</xmin><ymin>123</ymin><xmax>784</xmax><ymax>188</ymax></bndbox></object></annotation>