<annotation><folder>4--Dancing</folder><filename>4_Dancing_Dancing_4_177.jpg</filename><path>./WIDER_train/images/4--Dancing/4_Dancing_Dancing_4_177.jpg</path><source><database>Unknown</database></source><size><width>1024</width><height>1529</height><depth>3</depth></size><segmented>0</segmented><object><name>face</name><pose>Unspecified</pose><truncated>0</truncated><difficult>0</difficult><bndbox><xmin>355</xmin><ymin>370</ymin><xmax>468</xmax><ymax>501</ymax></bndbox></object><object><name>face</name><pose>Unspecified</pose><truncated>0</truncated><difficult>0</difficult><bndbox><xmin>463</xmin><ymin>305</ymin><xmax>559</xmax><ymax>451</ymax></bndbox></object></annotation>