<annotation><folder>4--Dancing</folder><filename>4_Dancing_Dancing_4_737.jpg</filename><path>./WIDER_train/images/4--Dancing/4_Dancing_Dancing_4_737.jpg</path><source><database>Unknown</database></source><size><width>1024</width><height>834</height><depth>3</depth></size><segmented>0</segmented><object><name>face</name><pose>Unspecified</pose><truncated>0</truncated><difficult>0</difficult><bndbox><xmin>64</xmin><ymin>142</ymin><xmax>144</xmax><ymax>258</ymax></bndbox></object><object><name>face</name><pose>Unspecified</pose><truncated>0</truncated><difficult>0</difficult><bndbox><xmin>254</xmin><ymin>78</ymin><xmax>314</xmax><ymax>158</ymax></bndbox></object><object><name>face</name><pose>Unspecified</pose><truncated>0</truncated><difficult>0</difficult><bndbox><xmin>454</xmin><ymin>122</ymin><xmax>506</xmax><ymax>200</ymax></bndbox></object><object><name>face</name><pose>Unspecified</pose><truncated>0</truncated><difficult>0</difficult><bndbox><xmin>462</xmin><ymin>266</ymin><xmax>536</xmax><ymax>356</ymax></bndbox></object><object><name>face</name><pose>Unspecified</pose><truncated>0</truncated><difficult>0</difficult><bndbox><xmin>710</xmin><ymin>42</ymin><xmax>768</xmax><ymax>124</ymax></bndbox></object><object><name>face</name><pose>Unspecified</pose><truncated>0</truncated><difficult>0</difficult><bndbox><xmin>776</xmin><ymin>182</ymin><xmax>864</xmax><ymax>284</ymax></bndbox></object></annotation>