<annotation><folder>4--Dancing</folder><filename>4_Dancing_Dancing_4_85.jpg</filename><path>./WIDER_train/images/4--Dancing/4_Dancing_Dancing_4_85.jpg</path><source><database>Unknown</database></source><size><width>1024</width><height>606</height><depth>3</depth></size><segmented>0</segmented><object><name>face</name><pose>Unspecified</pose><truncated>0</truncated><difficult>0</difficult><bndbox><xmin>440</xmin><ymin>154</ymin><xmax>530</xmax><ymax>312</ymax></bndbox></object><object><name>face</name><pose>Unspecified</pose><truncated>0</truncated><difficult>0</difficult><bndbox><xmin>554</xmin><ymin>178</ymin><xmax>630</xmax><ymax>318</ymax></bndbox></object></annotation>