<annotation>
	<folder>train</folder>
	<filename>4_Dancing_Dancing_4_1008.jpg</filename>
	<path>D:\mask_dataset\train\4_Dancing_Dancing_4_1008.jpg</path>
	<source>
		<database>Unknown</database>
	</source>
	<size>
		<width>1024</width>
		<height>640</height>
		<depth>3</depth>
	</size>
	<segmented>0</segmented>
	<object>
		<name>face</name>
		<pose>Unspecified</pose>
		<truncated>0</truncated>
		<difficult>0</difficult>
		<bndbox>
			<xmin>412</xmin>
			<ymin>39</ymin>
			<xmax>452</xmax>
			<ymax>100</ymax>
		</bndbox>
	</object>
	<object>
		<name>face</name>
		<pose>Unspecified</pose>
		<truncated>0</truncated>
		<difficult>0</difficult>
		<bndbox>
			<xmin>474</xmin>
			<ymin>62</ymin>
			<xmax>518</xmax>
			<ymax>125</ymax>
		</bndbox>
	</object>
</annotation>
