<annotation><folder>4--Dancing</folder><filename>4_Dancing_Dancing_4_33.jpg</filename><path>./WIDER_train/images/4--Dancing/4_Dancing_Dancing_4_33.jpg</path><source><database>Unknown</database></source><size><width>1024</width><height>1004</height><depth>3</depth></size><segmented>0</segmented><object><name>face</name><pose>Unspecified</pose><truncated>0</truncated><difficult>0</difficult><bndbox><xmin>304</xmin><ymin>282</ymin><xmax>410</xmax><ymax>394</ymax></bndbox></object><object><name>face</name><pose>Unspecified</pose><truncated>0</truncated><difficult>0</difficult><bndbox><xmin>140</xmin><ymin>606</ymin><xmax>274</xmax><ymax>700</ymax></bndbox></object></annotation>