<annotation><folder>4--Dancing</folder><filename>4_Dancing_Dancing_4_637.jpg</filename><path>./WIDER_train/images/4--Dancing/4_Dancing_Dancing_4_637.jpg</path><source><database>Unknown</database></source><size><width>1024</width><height>640</height><depth>3</depth></size><segmented>0</segmented><object><name>face</name><pose>Unspecified</pose><truncated>0</truncated><difficult>0</difficult><bndbox><xmin>524</xmin><ymin>68</ymin><xmax>602</xmax><ymax>172</ymax></bndbox></object><object><name>face</name><pose>Unspecified</pose><truncated>0</truncated><difficult>0</difficult><bndbox><xmin>426</xmin><ymin>142</ymin><xmax>512</xmax><ymax>232</ymax></bndbox></object></annotation>