<annotation><folder>4--Dancing</folder><filename>4_Dancing_Dancing_4_820.jpg</filename><path>./WIDER_train/images/4--Dancing/4_Dancing_Dancing_4_820.jpg</path><source><database>Unknown</database></source><size><width>1024</width><height>1397</height><depth>3</depth></size><segmented>0</segmented><object><name>face</name><pose>Unspecified</pose><truncated>0</truncated><difficult>0</difficult><bndbox><xmin>614</xmin><ymin>262</ymin><xmax>726</xmax><ymax>418</ymax></bndbox></object><object><name>face</name><pose>Unspecified</pose><truncated>0</truncated><difficult>0</difficult><bndbox><xmin>789</xmin><ymin>478</ymin><xmax>926</xmax><ymax>584</ymax></bndbox></object></annotation>