<annotation><folder>4--Dancing</folder><filename>4_Dancing_Dancing_4_95.jpg</filename><path>./WIDER_train/images/4--Dancing/4_Dancing_Dancing_4_95.jpg</path><source><database>Unknown</database></source><size><width>1024</width><height>768</height><depth>3</depth></size><segmented>0</segmented><object><name>face</name><pose>Unspecified</pose><truncated>0</truncated><difficult>0</difficult><bndbox><xmin>251</xmin><ymin>211</ymin><xmax>291</xmax><ymax>261</ymax></bndbox></object><object><name>face</name><pose>Unspecified</pose><truncated>0</truncated><difficult>0</difficult><bndbox><xmin>308</xmin><ymin>215</ymin><xmax>347</xmax><ymax>273</ymax></bndbox></object><object><name>face</name><pose>Unspecified</pose><truncated>0</truncated><difficult>0</difficult><bndbox><xmin>608</xmin><ymin>228</ymin><xmax>644</xmax><ymax>277</ymax></bndbox></object><object><name>face</name><pose>Unspecified</pose><truncated>0</truncated><difficult>0</difficult><bndbox><xmin>808</xmin><ymin>221</ymin><xmax>840</xmax><ymax>267</ymax></bndbox></object></annotation>