<annotation><folder>4--Dancing</folder><filename>4_Dancing_Dancing_4_178.jpg</filename><path>./WIDER_train/images/4--Dancing/4_Dancing_Dancing_4_178.jpg</path><source><database>Unknown</database></source><size><width>1024</width><height>703</height><depth>3</depth></size><segmented>0</segmented><object><name>face</name><pose>Unspecified</pose><truncated>0</truncated><difficult>0</difficult><bndbox><xmin>192</xmin><ymin>210</ymin><xmax>229</xmax><ymax>256</ymax></bndbox></object><object><name>face</name><pose>Unspecified</pose><truncated>0</truncated><difficult>0</difficult><bndbox><xmin>515</xmin><ymin>138</ymin><xmax>552</xmax><ymax>189</ymax></bndbox></object></annotation>