<annotation><folder>4--Dancing</folder><filename>4_Dancing_Dancing_4_27.jpg</filename><path>./WIDER_train/images/4--Dancing/4_Dancing_Dancing_4_27.jpg</path><source><database>Unknown</database></source><size><width>1024</width><height>640</height><depth>3</depth></size><segmented>0</segmented><object><name>face</name><pose>Unspecified</pose><truncated>0</truncated><difficult>0</difficult><bndbox><xmin>486</xmin><ymin>126</ymin><xmax>542</xmax><ymax>194</ymax></bndbox></object><object><name>face</name><pose>Unspecified</pose><truncated>0</truncated><difficult>0</difficult><bndbox><xmin>594</xmin><ymin>90</ymin><xmax>648</xmax><ymax>168</ymax></bndbox></object></annotation>