<annotation><folder>4--Dancing</folder><filename>4_Dancing_Dancing_4_483.jpg</filename><path>./WIDER_train/images/4--Dancing/4_Dancing_Dancing_4_483.jpg</path><source><database>Unknown</database></source><size><width>1024</width><height>882</height><depth>3</depth></size><segmented>0</segmented><object><name>face</name><pose>Unspecified</pose><truncated>0</truncated><difficult>0</difficult><bndbox><xmin>370</xmin><ymin>204</ymin><xmax>466</xmax><ymax>332</ymax></bndbox></object><object><name>face</name><pose>Unspecified</pose><truncated>0</truncated><difficult>0</difficult><bndbox><xmin>704</xmin><ymin>528</ymin><xmax>768</xmax><ymax>614</ymax></bndbox></object></annotation>