<annotation>
	<folder>train</folder>
	<filename>4_Dancing_Dancing_4_275.jpg</filename>
	<path>D:\mask_dataset\train\4_Dancing_Dancing_4_275.jpg</path>
	<source>
		<database>Unknown</database>
	</source>
	<size>
		<width>1024</width>
		<height>839</height>
		<depth>3</depth>
	</size>
	<segmented>0</segmented>
	<object>
		<name>face</name>
		<pose>Unspecified</pose>
		<truncated>0</truncated>
		<difficult>0</difficult>
		<bndbox>
			<xmin>226</xmin>
			<ymin>176</ymin>
			<xmax>272</xmax>
			<ymax>237</ymax>
		</bndbox>
	</object>
	<object>
		<name>face</name>
		<pose>Unspecified</pose>
		<truncated>0</truncated>
		<difficult>0</difficult>
		<bndbox>
			<xmin>589</xmin>
			<ymin>220</ymin>
			<xmax>661</xmax>
			<ymax>315</ymax>
		</bndbox>
	</object>
</annotation>
