<annotation><folder>4--Dancing</folder><filename>4_Dancing_Dancing_4_860.jpg</filename><path>./WIDER_train/images/4--Dancing/4_Dancing_Dancing_4_860.jpg</path><source><database>Unknown</database></source><size><width>1024</width><height>1542</height><depth>3</depth></size><segmented>0</segmented><object><name>face</name><pose>Unspecified</pose><truncated>0</truncated><difficult>0</difficult><bndbox><xmin>452</xmin><ymin>271</ymin><xmax>551</xmax><ymax>407</ymax></bndbox></object><object><name>face</name><pose>Unspecified</pose><truncated>0</truncated><difficult>0</difficult><bndbox><xmin>660</xmin><ymin>310</ymin><xmax>786</xmax><ymax>424</ymax></bndbox></object></annotation>