<annotation><folder>4--Dancing</folder><filename>4_Dancing_Dancing_4_953.jpg</filename><path>./WIDER_train/images/4--Dancing/4_Dancing_Dancing_4_953.jpg</path><source><database>Unknown</database></source><size><width>1024</width><height>1661</height><depth>3</depth></size><segmented>0</segmented><object><name>face</name><pose>Unspecified</pose><truncated>0</truncated><difficult>0</difficult><bndbox><xmin>518</xmin><ymin>256</ymin><xmax>677</xmax><ymax>489</ymax></bndbox></object><object><name>face</name><pose>Unspecified</pose><truncated>0</truncated><difficult>0</difficult><bndbox><xmin>655</xmin><ymin>107</ymin><xmax>820</xmax><ymax>382</ymax></bndbox></object></annotation>