<annotation><folder>4--Dancing</folder><filename>4_Dancing_Dancing_4_138.jpg</filename><path>./WIDER_train/images/4--Dancing/4_Dancing_Dancing_4_138.jpg</path><source><database>Unknown</database></source><size><width>1024</width><height>640</height><depth>3</depth></size><segmented>0</segmented><object><name>face</name><pose>Unspecified</pose><truncated>0</truncated><difficult>0</difficult><bndbox><xmin>354</xmin><ymin>52</ymin><xmax>468</xmax><ymax>218</ymax></bndbox></object><object><name>face</name><pose>Unspecified</pose><truncated>0</truncated><difficult>0</difficult><bndbox><xmin>648</xmin><ymin>210</ymin><xmax>824</xmax><ymax>346</ymax></bndbox></object></annotation>