<annotation><folder>4--Dancing</folder><filename>4_Dancing_Dancing_4_502.jpg</filename><path>./WIDER_train/images/4--Dancing/4_Dancing_Dancing_4_502.jpg</path><source><database>Unknown</database></source><size><width>1024</width><height>640</height><depth>3</depth></size><segmented>0</segmented><object><name>face</name><pose>Unspecified</pose><truncated>0</truncated><difficult>0</difficult><bndbox><xmin>80</xmin><ymin>218</ymin><xmax>254</xmax><ymax>402</ymax></bndbox></object><object><name>face</name><pose>Unspecified</pose><truncated>0</truncated><difficult>0</difficult><bndbox><xmin>468</xmin><ymin>22</ymin><xmax>632</xmax><ymax>268</ymax></bndbox></object></annotation>