<annotation>
	<folder>train</folder>
	<filename>4_Dancing_Dancing_4_61.jpg</filename>
	<path>/home/daniel/Data/Dataset/FaceMaskNew/train/4_Dancing_Dancing_4_61.jpg</path>
	<source>
		<database>Unknown</database>
	</source>
	<size>
		<width>1024</width>
		<height>640</height>
		<depth>3</depth>
	</size>
	<segmented>0</segmented>
	<object>
		<name>face</name>
		<pose>Unspecified</pose>
		<truncated>0</truncated>
		<difficult>0</difficult>
		<bndbox>
			<xmin>263</xmin>
			<ymin>107</ymin>
			<xmax>313</xmax>
			<ymax>178</ymax>
		</bndbox>
	</object>
	<object>
		<name>face</name>
		<pose>Unspecified</pose>
		<truncated>0</truncated>
		<difficult>0</difficult>
		<bndbox>
			<xmin>742</xmin>
			<ymin>98</ymin>
			<xmax>807</xmax>
			<ymax>190</ymax>
		</bndbox>
	</object>
</annotation>
