<annotation><folder>31--Waiter_Waitress</folder><filename>31_Waiter_Waitress_Waiter_Waitress_31_615.jpg</filename><path>./WIDER_train/images/31--Waiter_Waitress/31_Waiter_Waitress_Waiter_Waitress_31_615.jpg</path><source><database>Unknown</database></source><size><width>1024</width><height>1537</height><depth>3</depth></size><segmented>0</segmented><object><name>face</name><pose>Unspecified</pose><truncated>0</truncated><difficult>0</difficult><bndbox><xmin>616</xmin><ymin>162</ymin><xmax>856</xmax><ymax>498</ymax></bndbox></object></annotation>