<annotation><folder>31--Waiter_Waitress</folder><filename>31_Waiter_Waitress_Waiter_Waitress_31_608.jpg</filename><path>./WIDER_train/images/31--Waiter_Waitress/31_Waiter_Waitress_Waiter_Waitress_31_608.jpg</path><source><database>Unknown</database></source><size><width>1024</width><height>1388</height><depth>3</depth></size><segmented>0</segmented><object><name>face</name><pose>Unspecified</pose><truncated>0</truncated><difficult>0</difficult><bndbox><xmin>504</xmin><ymin>179</ymin><xmax>791</xmax><ymax>553</ymax></bndbox></object></annotation>