<annotation>
	<folder>train</folder>
	<filename>31_Waiter_Waitress_Waiter_Waitress_31_109.jpg</filename>
	<path>D:\mask_dataset\train\31_Waiter_Waitress_Waiter_Waitress_31_109.jpg</path>
	<source>
		<database>Unknown</database>
	</source>
	<size>
		<width>1024</width>
		<height>952</height>
		<depth>3</depth>
	</size>
	<segmented>0</segmented>
	<object>
		<name>face</name>
		<pose>Unspecified</pose>
		<truncated>0</truncated>
		<difficult>0</difficult>
		<bndbox>
			<xmin>534</xmin>
			<ymin>144</ymin>
			<xmax>706</xmax>
			<ymax>362</ymax>
		</bndbox>
	</object>
</annotation>
