<annotation><folder>31--Waiter_Waitress</folder><filename>31_Waiter_Waitress_Waiter_Waitress_31_873.jpg</filename><path>./WIDER_train/images/31--Waiter_Waitress/31_Waiter_Waitress_Waiter_Waitress_31_873.jpg</path><source><database>Unknown</database></source><size><width>1024</width><height>768</height><depth>3</depth></size><segmented>0</segmented><object><name>face</name><pose>Unspecified</pose><truncated>0</truncated><difficult>0</difficult><bndbox><xmin>8</xmin><ymin>26</ymin><xmax>96</xmax><ymax>222</ymax></bndbox></object><object><name>face</name><pose>Unspecified</pose><truncated>0</truncated><difficult>0</difficult><bndbox><xmin>128</xmin><ymin>28</ymin><xmax>246</xmax><ymax>212</ymax></bndbox></object><object><name>face</name><pose>Unspecified</pose><truncated>0</truncated><difficult>0</difficult><bndbox><xmin>264</xmin><ymin>60</ymin><xmax>374</xmax><ymax>216</ymax></bndbox></object><object><name>face</name><pose>Unspecified</pose><truncated>0</truncated><difficult>0</difficult><bndbox><xmin>420</xmin><ymin>98</ymin><xmax>526</xmax><ymax>246</ymax></bndbox></object><object><name>face</name><pose>Unspecified</pose><truncated>0</truncated><difficult>0</difficult><bndbox><xmin>578</xmin><ymin>36</ymin><xmax>684</xmax><ymax>180</ymax></bndbox></object><object><name>face</name><pose>Unspecified</pose><truncated>0</truncated><difficult>0</difficult><bndbox><xmin>920</xmin><ymin>52</ymin><xmax>1020</xmax><ymax>200</ymax></bndbox></object></annotation>