<annotation><folder>31--Waiter_Waitress</folder><filename>31_Waiter_Waitress_Waiter_Waitress_31_616.jpg</filename><path>./WIDER_train/images/31--Waiter_Waitress/31_Waiter_Waitress_Waiter_Waitress_31_616.jpg</path><source><database>Unknown</database></source><size><width>1024</width><height>896</height><depth>3</depth></size><segmented>0</segmented><object><name>face</name><pose>Unspecified</pose><truncated>0</truncated><difficult>0</difficult><bndbox><xmin>350</xmin><ymin>124</ymin><xmax>488</xmax><ymax>284</ymax></bndbox></object><object><name>face</name><pose>Unspecified</pose><truncated>0</truncated><difficult>0</difficult><bndbox><xmin>662</xmin><ymin>4</ymin><xmax>802</xmax><ymax>136</ymax></bndbox></object></annotation>