<annotation><folder>31--Waiter_Waitress</folder><filename>31_Waiter_Waitress_Waiter_Waitress_31_879.jpg</filename><path>./WIDER_train/images/31--Waiter_Waitress/31_Waiter_Waitress_Waiter_Waitress_31_879.jpg</path><source><database>Unknown</database></source><size><width>1024</width><height>1392</height><depth>3</depth></size><segmented>0</segmented><object><name>face</name><pose>Unspecified</pose><truncated>0</truncated><difficult>0</difficult><bndbox><xmin>307</xmin><ymin>198</ymin><xmax>560</xmax><ymax>535</ymax></bndbox></object></annotation>