<annotation><folder>31--Waiter_Waitress</folder><filename>31_Waiter_Waitress_Waiter_Waitress_31_198.jpg</filename><path>./WIDER_train/images/31--Waiter_Waitress/31_Waiter_Waitress_Waiter_Waitress_31_198.jpg</path><source><database>Unknown</database></source><size><width>1024</width><height>1408</height><depth>3</depth></size><segmented>0</segmented><object><name>face</name><pose>Unspecified</pose><truncated>0</truncated><difficult>0</difficult><bndbox><xmin>559</xmin><ymin>55</ymin><xmax>691</xmax><ymax>239</ymax></bndbox></object><object><name>face</name><pose>Unspecified</pose><truncated>0</truncated><difficult>0</difficult><bndbox><xmin>231</xmin><ymin>226</ymin><xmax>355</xmax><ymax>361</ymax></bndbox></object><object><name>face</name><pose>Unspecified</pose><truncated>0</truncated><difficult>0</difficult><bndbox><xmin>702</xmin><ymin>749</ymin><xmax>790</xmax><ymax>862</ymax></bndbox></object><object><name>face</name><pose>Unspecified</pose><truncated>0</truncated><difficult>0</difficult><bndbox><xmin>823</xmin><ymin>820</ymin><xmax>900</xmax><ymax>911</ymax></bndbox></object></annotation>