<annotation>
	<folder>train</folder>
	<filename>31_Waiter_Waitress_Waiter_Waitress_31_843.jpg</filename>
	<path>/home/daniel/Data/Dataset/FaceMaskNew/train/31_Waiter_Waitress_Waiter_Waitress_31_843.jpg</path>
	<source>
		<database>Unknown</database>
	</source>
	<size>
		<width>1024</width>
		<height>1366</height>
		<depth>3</depth>
	</size>
	<segmented>0</segmented>
	<object>
		<name>face</name>
		<pose>Unspecified</pose>
		<truncated>0</truncated>
		<difficult>0</difficult>
		<bndbox>
			<xmin>363</xmin>
			<ymin>286</ymin>
			<xmax>531</xmax>
			<ymax>488</ymax>
		</bndbox>
	</object>
</annotation>
