<annotation>
	<folder>train</folder>
	<filename>31_Waiter_Waitress_Waiter_Waitress_31_377.jpg</filename>
	<path>/home/daniel/Data/Dataset/FaceMaskNew/train/31_Waiter_Waitress_Waiter_Waitress_31_377.jpg</path>
	<source>
		<database>Unknown</database>
	</source>
	<size>
		<width>1024</width>
		<height>577</height>
		<depth>3</depth>
	</size>
	<segmented>0</segmented>
	<object>
		<name>face</name>
		<pose>Unspecified</pose>
		<truncated>0</truncated>
		<difficult>0</difficult>
		<bndbox>
			<xmin>116</xmin>
			<ymin>20</ymin>
			<xmax>250</xmax>
			<ymax>220</ymax>
		</bndbox>
	</object>
	<object>
		<name>face</name>
		<pose>Unspecified</pose>
		<truncated>0</truncated>
		<difficult>0</difficult>
		<bndbox>
			<xmin>754</xmin>
			<ymin>160</ymin>
			<xmax>834</xmax>
			<ymax>286</ymax>
		</bndbox>
	</object>
</annotation>
