<annotation>
	<folder>train</folder>
	<filename>31_Waiter_Waitress_Waiter_Waitress_31_137.jpg</filename>
	<path>D:\mask_dataset\train\31_Waiter_Waitress_Waiter_Waitress_31_137.jpg</path>
	<source>
		<database>Unknown</database>
	</source>
	<size>
		<width>1024</width>
		<height>472</height>
		<depth>3</depth>
	</size>
	<segmented>0</segmented>
	<object>
		<name>face</name>
		<pose>Unspecified</pose>
		<truncated>0</truncated>
		<difficult>0</difficult>
		<bndbox>
			<xmin>160</xmin>
			<ymin>118</ymin>
			<xmax>206</xmax>
			<ymax>171</ymax>
		</bndbox>
	</object>
	<object>
		<name>face</name>
		<pose>Unspecified</pose>
		<truncated>0</truncated>
		<difficult>0</difficult>
		<bndbox>
			<xmin>781</xmin>
			<ymin>117</ymin>
			<xmax>845</xmax>
			<ymax>194</ymax>
		</bndbox>
	</object>
</annotation>
