<annotation><folder>31--Waiter_Waitress</folder><filename>31_Waiter_Waitress_Waiter_Waitress_31_242.jpg</filename><path>./WIDER_train/images/31--Waiter_Waitress/31_Waiter_Waitress_Waiter_Waitress_31_242.jpg</path><source><database>Unknown</database></source><size><width>1024</width><height>788</height><depth>3</depth></size><segmented>0</segmented><object><name>face</name><pose>Unspecified</pose><truncated>0</truncated><difficult>0</difficult><bndbox><xmin>220</xmin><ymin>72</ymin><xmax>322</xmax><ymax>238</ymax></bndbox></object><object><name>face</name><pose>Unspecified</pose><truncated>0</truncated><difficult>0</difficult><bndbox><xmin>730</xmin><ymin>304</ymin><xmax>828</xmax><ymax>474</ymax></bndbox></object></annotation>