<annotation>
	<folder>train</folder>
	<filename>31_Waiter_Waitress_Waiter_Waitress_31_914.jpg</filename>
	<path>D:\mask_dataset\train\31_Waiter_Waitress_Waiter_Waitress_31_914.jpg</path>
	<source>
		<database>Unknown</database>
	</source>
	<size>
		<width>1024</width>
		<height>1536</height>
		<depth>3</depth>
	</size>
	<segmented>0</segmented>
	<object>
		<name>face</name>
		<pose>Unspecified</pose>
		<truncated>0</truncated>
		<difficult>0</difficult>
		<bndbox>
			<xmin>333</xmin>
			<ymin>399</ymin>
			<xmax>468</xmax>
			<ymax>573</ymax>
		</bndbox>
	</object>
	<object>
		<name>face</name>
		<pose>Unspecified</pose>
		<truncated>0</truncated>
		<difficult>0</difficult>
		<bndbox>
			<xmin>766</xmin>
			<ymin>51</ymin>
			<xmax>949</xmax>
			<ymax>291</ymax>
		</bndbox>
	</object>
</annotation>
