<annotation><folder>31--Waiter_Waitress</folder><filename>31_Waiter_Waitress_Waiter_Waitress_31_745.jpg</filename><path>./WIDER_train/images/31--Waiter_Waitress/31_Waiter_Waitress_Waiter_Waitress_31_745.jpg</path><source><database>Unknown</database></source><size><width>1024</width><height>1371</height><depth>3</depth></size><segmented>0</segmented><object><name>face</name><pose>Unspecified</pose><truncated>0</truncated><difficult>0</difficult><bndbox><xmin>689</xmin><ymin>515</ymin><xmax>826</xmax><ymax>657</ymax></bndbox></object></annotation>