<annotation>
	<folder>train</folder>
	<filename>31_Waiter_Waitress_Waiter_Waitress_31_501.jpg</filename>
	<path>D:\mask_dataset\train\31_Waiter_Waitress_Waiter_Waitress_31_501.jpg</path>
	<source>
		<database>Unknown</database>
	</source>
	<size>
		<width>1024</width>
		<height>768</height>
		<depth>3</depth>
	</size>
	<segmented>0</segmented>
	<object>
		<name>face</name>
		<pose>Unspecified</pose>
		<truncated>0</truncated>
		<difficult>0</difficult>
		<bndbox>
			<xmin>315</xmin>
			<ymin>66</ymin>
			<xmax>451</xmax>
			<ymax>234</ymax>
		</bndbox>
	</object>
	<object>
		<name>face</name>
		<pose>Unspecified</pose>
		<truncated>0</truncated>
		<difficult>0</difficult>
		<bndbox>
			<xmin>626</xmin>
			<ymin>156</ymin>
			<xmax>757</xmax>
			<ymax>300</ymax>
		</bndbox>
	</object>
</annotation>
