<annotation>
	<folder>train</folder>
	<filename>32_Worker_Laborer_Worker_Laborer_32_17.jpg</filename>
	<path>D:\mask_dataset\train\32_Worker_Laborer_Worker_Laborer_32_17.jpg</path>
	<source>
		<database>Unknown</database>
	</source>
	<size>
		<width>1024</width>
		<height>606</height>
		<depth>3</depth>
	</size>
	<segmented>0</segmented>
	<object>
		<name>face</name>
		<pose>Unspecified</pose>
		<truncated>0</truncated>
		<difficult>0</difficult>
		<bndbox>
			<xmin>179</xmin>
			<ymin>103</ymin>
			<xmax>213</xmax>
			<ymax>145</ymax>
		</bndbox>
	</object>
	<object>
		<name>face</name>
		<pose>Unspecified</pose>
		<truncated>0</truncated>
		<difficult>0</difficult>
		<bndbox>
			<xmin>392</xmin>
			<ymin>129</ymin>
			<xmax>431</xmax>
			<ymax>176</ymax>
		</bndbox>
	</object>
	<object>
		<name>face</name>
		<pose>Unspecified</pose>
		<truncated>0</truncated>
		<difficult>0</difficult>
		<bndbox>
			<xmin>581</xmin>
			<ymin>144</ymin>
			<xmax>624</xmax>
			<ymax>189</ymax>
		</bndbox>
	</object>
</annotation>
