<annotation>
	<folder>train</folder>
	<filename>32_Worker_Laborer_Worker_Laborer_32_21.jpg</filename>
	<path>D:\mask_dataset\train\32_Worker_Laborer_Worker_Laborer_32_21.jpg</path>
	<source>
		<database>Unknown</database>
	</source>
	<size>
		<width>1024</width>
		<height>767</height>
		<depth>3</depth>
	</size>
	<segmented>0</segmented>
	<object>
		<name>face</name>
		<pose>Unspecified</pose>
		<truncated>0</truncated>
		<difficult>0</difficult>
		<bndbox>
			<xmin>213</xmin>
			<ymin>306</ymin>
			<xmax>466</xmax>
			<ymax>679</ymax>
		</bndbox>
	</object>
	<object>
		<name>face</name>
		<pose>Unspecified</pose>
		<truncated>0</truncated>
		<difficult>0</difficult>
		<bndbox>
			<xmin>490</xmin>
			<ymin>106</ymin>
			<xmax>780</xmax>
			<ymax>521</ymax>
		</bndbox>
	</object>
</annotation>
