<annotation><folder>32--Worker_Laborer</folder><filename>32_Worker_Laborer_Worker_Laborer_32_317.jpg</filename><path>./WIDER_train/images/32--Worker_Laborer/32_Worker_Laborer_Worker_Laborer_32_317.jpg</path><source><database>Unknown</database></source><size><width>1024</width><height>754</height><depth>3</depth></size><segmented>0</segmented><object><name>face</name><pose>Unspecified</pose><truncated>0</truncated><difficult>0</difficult><bndbox><xmin>552</xmin><ymin>178</ymin><xmax>786</xmax><ymax>488</ymax></bndbox></object></annotation>