<annotation><folder>32--Worker_Laborer</folder><filename>32_Worker_Laborer_Worker_Laborer_32_341.jpg</filename><path>./WIDER_train/images/32--Worker_Laborer/32_Worker_Laborer_Worker_Laborer_32_341.jpg</path><source><database>Unknown</database></source><size><width>1024</width><height>1546</height><depth>3</depth></size><segmented>0</segmented><object><name>face</name><pose>Unspecified</pose><truncated>0</truncated><difficult>0</difficult><bndbox><xmin>471</xmin><ymin>350</ymin><xmax>646</xmax><ymax>589</ymax></bndbox></object></annotation>