<annotation>
	<folder>train</folder>
	<filename>32_Worker_Laborer_Worker_Laborer_32_277.jpg</filename>
	<path>D:\mask_dataset\train\32_Worker_Laborer_Worker_Laborer_32_277.jpg</path>
	<source>
		<database>Unknown</database>
	</source>
	<size>
		<width>1024</width>
		<height>1307</height>
		<depth>3</depth>
	</size>
	<segmented>0</segmented>
	<object>
		<name>face_mask</name>
		<pose>Unspecified</pose>
		<truncated>0</truncated>
		<difficult>0</difficult>
		<bndbox>
			<xmin>271</xmin>
			<ymin>240</ymin>
			<xmax>634</xmax>
			<ymax>738</ymax>
		</bndbox>
	</object>
</annotation>
