<annotation><folder>32--Worker_Laborer</folder><filename>32_Worker_Laborer_Worker_Laborer_32_24.jpg</filename><path>./WIDER_train/images/32--Worker_Laborer/32_Worker_Laborer_Worker_Laborer_32_24.jpg</path><source><database>Unknown</database></source><size><width>1024</width><height>1396</height><depth>3</depth></size><segmented>0</segmented><object><name>face</name><pose>Unspecified</pose><truncated>0</truncated><difficult>0</difficult><bndbox><xmin>645</xmin><ymin>202</ymin><xmax>754</xmax><ymax>346</ymax></bndbox></object></annotation>