<annotation><folder>32--Worker_Laborer</folder><filename>32_Worker_Laborer_Worker_Laborer_32_213.jpg</filename><path>./WIDER_train/images/32--Worker_Laborer/32_Worker_Laborer_Worker_Laborer_32_213.jpg</path><source><database>Unknown</database></source><size><width>1024</width><height>922</height><depth>3</depth></size><segmented>0</segmented><object><name>face</name><pose>Unspecified</pose><truncated>0</truncated><difficult>0</difficult><bndbox><xmin>664</xmin><ymin>92</ymin><xmax>832</xmax><ymax>314</ymax></bndbox></object></annotation>