<annotation><folder>13--Interview</folder><filename>13_Interview_Interview_Sequences_13_364.jpg</filename><path>./WIDER_train/images/13--Interview/13_Interview_Interview_Sequences_13_364.jpg</path><source><database>Unknown</database></source><size><width>1024</width><height>689</height><depth>3</depth></size><segmented>0</segmented><object><name>face</name><pose>Unspecified</pose><truncated>0</truncated><difficult>0</difficult><bndbox><xmin>439</xmin><ymin>191</ymin><xmax>504</xmax><ymax>274</ymax></bndbox></object><object><name>face</name><pose>Unspecified</pose><truncated>0</truncated><difficult>0</difficult><bndbox><xmin>551</xmin><ymin>234</ymin><xmax>593</xmax><ymax>287</ymax></bndbox></object><object><name>face</name><pose>Unspecified</pose><truncated>0</truncated><difficult>0</difficult><bndbox><xmin>937</xmin><ymin>380</ymin><xmax>972</xmax><ymax>431</ymax></bndbox></object></annotation>