<annotation><folder>13--Interview</folder><filename>13_Interview_Interview_On_Location_13_999.jpg</filename><path>./WIDER_train/images/13--Interview/13_Interview_Interview_On_Location_13_999.jpg</path><source><database>Unknown</database></source><size><width>1024</width><height>1364</height><depth>3</depth></size><segmented>0</segmented><object><name>face</name><pose>Unspecified</pose><truncated>0</truncated><difficult>0</difficult><bndbox><xmin>544</xmin><ymin>344</ymin><xmax>765</xmax><ymax>640</ymax></bndbox></object><object><name>face</name><pose>Unspecified</pose><truncated>0</truncated><difficult>0</difficult><bndbox><xmin>197</xmin><ymin>291</ymin><xmax>474</xmax><ymax>643</ymax></bndbox></object></annotation>