<annotation><folder>13--Interview</folder><filename>13_Interview_Interview_Sequences_13_603.jpg</filename><path>./WIDER_train/images/13--Interview/13_Interview_Interview_Sequences_13_603.jpg</path><source><database>Unknown</database></source><size><width>1024</width><height>546</height><depth>3</depth></size><segmented>0</segmented><object><name>face</name><pose>Unspecified</pose><truncated>0</truncated><difficult>0</difficult><bndbox><xmin>568</xmin><ymin>106</ymin><xmax>754</xmax><ymax>336</ymax></bndbox></object><object><name>face</name><pose>Unspecified</pose><truncated>0</truncated><difficult>0</difficult><bndbox><xmin>162</xmin><ymin>6</ymin><xmax>402</xmax><ymax>340</ymax></bndbox></object></annotation>