<annotation>
	<folder>train</folder>
	<filename>13_Interview_Interview_Sequences_13_1003.jpg</filename>
	<path>D:\mask_dataset\train\13_Interview_Interview_Sequences_13_1003.jpg</path>
	<source>
		<database>Unknown</database>
	</source>
	<size>
		<width>1024</width>
		<height>850</height>
		<depth>3</depth>
	</size>
	<segmented>0</segmented>
	<object>
		<name>face</name>
		<pose>Unspecified</pose>
		<truncated>0</truncated>
		<difficult>0</difficult>
		<bndbox>
			<xmin>330</xmin>
			<ymin>133</ymin>
			<xmax>634</xmax>
			<ymax>520</ymax>
		</bndbox>
	</object>
	<object>
		<name>face</name>
		<pose>Unspecified</pose>
		<truncated>0</truncated>
		<difficult>0</difficult>
		<bndbox>
			<xmin>156</xmin>
			<ymin>357</ymin>
			<xmax>205</xmax>
			<ymax>430</ymax>
		</bndbox>
	</object>
	<object>
		<name>face</name>
		<pose>Unspecified</pose>
		<truncated>0</truncated>
		<difficult>0</difficult>
		<bndbox>
			<xmin>241</xmin>
			<ymin>75</ymin>
			<xmax>279</xmax>
			<ymax>126</ymax>
		</bndbox>
	</object>
	<object>
		<name>face</name>
		<pose>Unspecified</pose>
		<truncated>0</truncated>
		<difficult>0</difficult>
		<bndbox>
			<xmin>704</xmin>
			<ymin>109</ymin>
			<xmax>724</xmax>
			<ymax>137</ymax>
		</bndbox>
	</object>
	<object>
		<name>face</name>
		<pose>Unspecified</pose>
		<truncated>0</truncated>
		<difficult>0</difficult>
		<bndbox>
			<xmin>773</xmin>
			<ymin>58</ymin>
			<xmax>802</xmax>
			<ymax>103</ymax>
		</bndbox>
	</object>
</annotation>
