<annotation><folder>13--Interview</folder><filename>13_Interview_Interview_Sequences_13_915.jpg</filename><path>./WIDER_train/images/13--Interview/13_Interview_Interview_Sequences_13_915.jpg</path><source><database>Unknown</database></source><size><width>1024</width><height>502</height><depth>3</depth></size><segmented>0</segmented><object><name>face</name><pose>Unspecified</pose><truncated>0</truncated><difficult>0</difficult><bndbox><xmin>222</xmin><ymin>56</ymin><xmax>380</xmax><ymax>184</ymax></bndbox></object><object><name>face</name><pose>Unspecified</pose><truncated>0</truncated><difficult>0</difficult><bndbox><xmin>622</xmin><ymin>48</ymin><xmax>786</xmax><ymax>184</ymax></bndbox></object></annotation>