<annotation>
	<folder>train</folder>
	<filename>13_Interview_Interview_Sequences_13_643.jpg</filename>
	<path>D:\mask_dataset\train\13_Interview_Interview_Sequences_13_643.jpg</path>
	<source>
		<database>Unknown</database>
	</source>
	<size>
		<width>1024</width>
		<height>679</height>
		<depth>3</depth>
	</size>
	<segmented>0</segmented>
	<object>
		<name>face</name>
		<pose>Unspecified</pose>
		<truncated>0</truncated>
		<difficult>0</difficult>
		<bndbox>
			<xmin>259</xmin>
			<ymin>123</ymin>
			<xmax>333</xmax>
			<ymax>246</ymax>
		</bndbox>
	</object>
	<object>
		<name>face</name>
		<pose>Unspecified</pose>
		<truncated>0</truncated>
		<difficult>0</difficult>
		<bndbox>
			<xmin>361</xmin>
			<ymin>310</ymin>
			<xmax>418</xmax>
			<ymax>385</ymax>
		</bndbox>
	</object>
	<object>
		<name>face</name>
		<pose>Unspecified</pose>
		<truncated>0</truncated>
		<difficult>0</difficult>
		<bndbox>
			<xmin>487</xmin>
			<ymin>137</ymin>
			<xmax>563</xmax>
			<ymax>233</ymax>
		</bndbox>
	</object>
	<object>
		<name>face</name>
		<pose>Unspecified</pose>
		<truncated>0</truncated>
		<difficult>0</difficult>
		<bndbox>
			<xmin>892</xmin>
			<ymin>358</ymin>
			<xmax>938</xmax>
			<ymax>401</ymax>
		</bndbox>
	</object>
</annotation>
