<annotation><folder>13--Interview</folder><filename>13_Interview_Interview_Sequences_13_12.jpg</filename><path>./WIDER_train/images/13--Interview/13_Interview_Interview_Sequences_13_12.jpg</path><source><database>Unknown</database></source><size><width>1024</width><height>575</height><depth>3</depth></size><segmented>0</segmented><object><name>face</name><pose>Unspecified</pose><truncated>0</truncated><difficult>0</difficult><bndbox><xmin>506</xmin><ymin>104</ymin><xmax>652</xmax><ymax>322</ymax></bndbox></object></annotation>