<annotation><folder>13--Interview</folder><filename>13_Interview_Interview_Sequences_13_259.jpg</filename><path>./WIDER_train/images/13--Interview/13_Interview_Interview_Sequences_13_259.jpg</path><source><database>Unknown</database></source><size><width>1024</width><height>540</height><depth>3</depth></size><segmented>0</segmented><object><name>face</name><pose>Unspecified</pose><truncated>0</truncated><difficult>0</difficult><bndbox><xmin>434</xmin><ymin>42</ymin><xmax>538</xmax><ymax>194</ymax></bndbox></object><object><name>face</name><pose>Unspecified</pose><truncated>0</truncated><difficult>0</difficult><bndbox><xmin>804</xmin><ymin>58</ymin><xmax>914</xmax><ymax>224</ymax></bndbox></object><object><name>face</name><pose>Unspecified</pose><truncated>0</truncated><difficult>0</difficult><bndbox><xmin>114</xmin><ymin>58</ymin><xmax>216</xmax><ymax>198</ymax></bndbox></object></annotation>