<annotation><folder>13--Interview</folder><filename>13_Interview_Interview_Sequences_13_271.jpg</filename><path>./WIDER_train/images/13--Interview/13_Interview_Interview_Sequences_13_271.jpg</path><source><database>Unknown</database></source><size><width>1024</width><height>342</height><depth>3</depth></size><segmented>0</segmented><object><name>face</name><pose>Unspecified</pose><truncated>0</truncated><difficult>0</difficult><bndbox><xmin>696</xmin><ymin>42</ymin><xmax>862</xmax><ymax>302</ymax></bndbox></object><object><name>face</name><pose>Unspecified</pose><truncated>0</truncated><difficult>0</difficult><bndbox><xmin>164</xmin><ymin>8</ymin><xmax>356</xmax><ymax>302</ymax></bndbox></object></annotation>