<annotation><folder>13--Interview</folder><filename>13_Interview_Interview_On_Location_13_1043.jpg</filename><path>./WIDER_train/images/13--Interview/13_Interview_Interview_On_Location_13_1043.jpg</path><source><database>Unknown</database></source><size><width>1024</width><height>1369</height><depth>3</depth></size><segmented>0</segmented><object><name>face</name><pose>Unspecified</pose><truncated>0</truncated><difficult>0</difficult><bndbox><xmin>85</xmin><ymin>283</ymin><xmax>337</xmax><ymax>619</ymax></bndbox></object><object><name>face</name><pose>Unspecified</pose><truncated>0</truncated><difficult>0</difficult><bndbox><xmin>646</xmin><ymin>244</ymin><xmax>813</xmax><ymax>471</ymax></bndbox></object><object><name>face</name><pose>Unspecified</pose><truncated>0</truncated><difficult>0</difficult><bndbox><xmin>430</xmin><ymin>1004</ymin><xmax>497</xmax><ymax>1096</ymax></bndbox></object><object><name>face</name><pose>Unspecified</pose><truncated>0</truncated><difficult>0</difficult><bndbox><xmin>911</xmin><ymin>905</ymin><xmax>965</xmax><ymax>980</ymax></bndbox></object><object><name>face</name><pose>Unspecified</pose><truncated>0</truncated><difficult>0</difficult><bndbox><xmin>907</xmin><ymin>1192</ymin><xmax>964</xmax><ymax>1274</ymax></bndbox></object></annotation>