<annotation><folder>13--Interview</folder><filename>13_Interview_Interview_On_Location_13_932.jpg</filename><path>./WIDER_train/images/13--Interview/13_Interview_Interview_On_Location_13_932.jpg</path><source><database>Unknown</database></source><size><width>1024</width><height>1536</height><depth>3</depth></size><segmented>0</segmented><object><name>face</name><pose>Unspecified</pose><truncated>0</truncated><difficult>0</difficult><bndbox><xmin>432</xmin><ymin>387</ymin><xmax>516</xmax><ymax>504</ymax></bndbox></object><object><name>face</name><pose>Unspecified</pose><truncated>0</truncated><difficult>0</difficult><bndbox><xmin>646</xmin><ymin>330</ymin><xmax>736</xmax><ymax>459</ymax></bndbox></object></annotation>