<annotation><folder>13--Interview</folder><filename>13_Interview_Interview_Sequences_13_642.jpg</filename><path>./WIDER_train/images/13--Interview/13_Interview_Interview_Sequences_13_642.jpg</path><source><database>Unknown</database></source><size><width>1024</width><height>591</height><depth>3</depth></size><segmented>0</segmented><object><name>face</name><pose>Unspecified</pose><truncated>0</truncated><difficult>0</difficult><bndbox><xmin>856</xmin><ymin>198</ymin><xmax>908</xmax><ymax>278</ymax></bndbox></object><object><name>face</name><pose>Unspecified</pose><truncated>0</truncated><difficult>0</difficult><bndbox><xmin>226</xmin><ymin>120</ymin><xmax>468</xmax><ymax>430</ymax></bndbox></object></annotation>