<annotation>
	<folder>train</folder>
	<filename>13_Interview_Interview_Sequences_13_218.jpg</filename>
	<path>D:\mask_dataset\train\13_Interview_Interview_Sequences_13_218.jpg</path>
	<source>
		<database>Unknown</database>
	</source>
	<size>
		<width>1024</width>
		<height>340</height>
		<depth>3</depth>
	</size>
	<segmented>0</segmented>
	<object>
		<name>face</name>
		<pose>Unspecified</pose>
		<truncated>0</truncated>
		<difficult>0</difficult>
		<bndbox>
			<xmin>156</xmin>
			<ymin>42</ymin>
			<xmax>246</xmax>
			<ymax>190</ymax>
		</bndbox>
	</object>
	<object>
		<name>face</name>
		<pose>Unspecified</pose>
		<truncated>0</truncated>
		<difficult>0</difficult>
		<bndbox>
			<xmin>730</xmin>
			<ymin>52</ymin>
			<xmax>844</xmax>
			<ymax>214</ymax>
		</bndbox>
	</object>
</annotation>
