<annotation><folder>13--Interview</folder><filename>13_Interview_Interview_On_Location_13_817.jpg</filename><path>./WIDER_train/images/13--Interview/13_Interview_Interview_On_Location_13_817.jpg</path><source><database>Unknown</database></source><size><width>1024</width><height>768</height><depth>3</depth></size><segmented>0</segmented><object><name>face</name><pose>Unspecified</pose><truncated>0</truncated><difficult>0</difficult><bndbox><xmin>39</xmin><ymin>243</ymin><xmax>103</xmax><ymax>334</ymax></bndbox></object><object><name>face</name><pose>Unspecified</pose><truncated>0</truncated><difficult>0</difficult><bndbox><xmin>542</xmin><ymin>266</ymin><xmax>581</xmax><ymax>303</ymax></bndbox></object><object><name>face</name><pose>Unspecified</pose><truncated>0</truncated><difficult>0</difficult><bndbox><xmin>778</xmin><ymin>391</ymin><xmax>826</xmax><ymax>443</ymax></bndbox></object><object><name>face</name><pose>Unspecified</pose><truncated>0</truncated><difficult>0</difficult><bndbox><xmin>943</xmin><ymin>427</ymin><xmax>978</xmax><ymax>507</ymax></bndbox></object></annotation>