<annotation><folder>13--Interview</folder><filename>13_Interview_Interview_Sequences_13_935.jpg</filename><path>./WIDER_train/images/13--Interview/13_Interview_Interview_Sequences_13_935.jpg</path><source><database>Unknown</database></source><size><width>1024</width><height>417</height><depth>3</depth></size><segmented>0</segmented><object><name>face</name><pose>Unspecified</pose><truncated>0</truncated><difficult>0</difficult><bndbox><xmin>648</xmin><ymin>44</ymin><xmax>730</xmax><ymax>194</ymax></bndbox></object><object><name>face</name><pose>Unspecified</pose><truncated>0</truncated><difficult>0</difficult><bndbox><xmin>240</xmin><ymin>116</ymin><xmax>322</xmax><ymax>236</ymax></bndbox></object></annotation>