<annotation><folder>13--Interview</folder><filename>13_Interview_Interview_Sequences_13_57.jpg</filename><path>./WIDER_train/images/13--Interview/13_Interview_Interview_Sequences_13_57.jpg</path><source><database>Unknown</database></source><size><width>1024</width><height>574</height><depth>3</depth></size><segmented>0</segmented><object><name>face</name><pose>Unspecified</pose><truncated>0</truncated><difficult>0</difficult><bndbox><xmin>209</xmin><ymin>98</ymin><xmax>366</xmax><ymax>304</ymax></bndbox></object><object><name>face</name><pose>Unspecified</pose><truncated>0</truncated><difficult>0</difficult><bndbox><xmin>628</xmin><ymin>89</ymin><xmax>772</xmax><ymax>290</ymax></bndbox></object><object><name>face</name><pose>Unspecified</pose><truncated>0</truncated><difficult>0</difficult><bndbox><xmin>143</xmin><ymin>57</ymin><xmax>192</xmax><ymax>117</ymax></bndbox></object></annotation>