<annotation>
	<folder>train</folder>
	<filename>13_Interview_Interview_Sequences_13_395.jpg</filename>
	<path>D:\mask_dataset\train\13_Interview_Interview_Sequences_13_395.jpg</path>
	<source>
		<database>Unknown</database>
	</source>
	<size>
		<width>1024</width>
		<height>684</height>
		<depth>3</depth>
	</size>
	<segmented>0</segmented>
	<object>
		<name>face</name>
		<pose>Unspecified</pose>
		<truncated>0</truncated>
		<difficult>0</difficult>
		<bndbox>
			<xmin>200</xmin>
			<ymin>160</ymin>
			<xmax>297</xmax>
			<ymax>307</ymax>
		</bndbox>
	</object>
	<object>
		<name>face</name>
		<pose>Unspecified</pose>
		<truncated>0</truncated>
		<difficult>0</difficult>
		<bndbox>
			<xmin>512</xmin>
			<ymin>182</ymin>
			<xmax>612</xmax>
			<ymax>306</ymax>
		</bndbox>
	</object>
	<object>
		<name>face</name>
		<pose>Unspecified</pose>
		<truncated>0</truncated>
		<difficult>0</difficult>
		<bndbox>
			<xmin>711</xmin>
			<ymin>148</ymin>
			<xmax>812</xmax>
			<ymax>290</ymax>
		</bndbox>
	</object>
</annotation>
