<annotation>
	<folder>train</folder>
	<filename>13_Interview_Interview_Sequences_13_1013.jpg</filename>
	<path>D:\mask_dataset\train\13_Interview_Interview_Sequences_13_1013.jpg</path>
	<source>
		<database>Unknown</database>
	</source>
	<size>
		<width>1024</width>
		<height>1028</height>
		<depth>3</depth>
	</size>
	<segmented>0</segmented>
	<object>
		<name>face</name>
		<pose>Unspecified</pose>
		<truncated>0</truncated>
		<difficult>0</difficult>
		<bndbox>
			<xmin>522</xmin>
			<ymin>175</ymin>
			<xmax>808</xmax>
			<ymax>596</ymax>
		</bndbox>
	</object>
	<object>
		<name>face</name>
		<pose>Unspecified</pose>
		<truncated>0</truncated>
		<difficult>0</difficult>
		<bndbox>
			<xmin>590</xmin>
			<ymin>526</ymin>
			<xmax>722</xmax>
			<ymax>769</ymax>
		</bndbox>
	</object>
	<object>
		<name>face</name>
		<pose>Unspecified</pose>
		<truncated>0</truncated>
		<difficult>0</difficult>
		<bndbox>
			<xmin>718</xmin>
			<ymin>669</ymin>
			<xmax>772</xmax>
			<ymax>751</ymax>
		</bndbox>
	</object>
	<object>
		<name>face</name>
		<pose>Unspecified</pose>
		<truncated>0</truncated>
		<difficult>0</difficult>
		<bndbox>
			<xmin>805</xmin>
			<ymin>605</ymin>
			<xmax>860</xmax>
			<ymax>697</ymax>
		</bndbox>
	</object>
</annotation>
