<annotation><folder>13--Interview</folder><filename>13_Interview_Interview_Sequences_13_487.jpg</filename><path>./WIDER_train/images/13--Interview/13_Interview_Interview_Sequences_13_487.jpg</path><source><database>Unknown</database></source><size><width>1024</width><height>713</height><depth>3</depth></size><segmented>0</segmented><object><name>face</name><pose>Unspecified</pose><truncated>0</truncated><difficult>0</difficult><bndbox><xmin>208</xmin><ymin>156</ymin><xmax>326</xmax><ymax>316</ymax></bndbox></object></annotation>