<annotation>
	<folder>train</folder>
	<filename>13_Interview_Interview_On_Location_13_1000.jpg</filename>
	<path>D:\mask_dataset\train\13_Interview_Interview_On_Location_13_1000.jpg</path>
	<source>
		<database>Unknown</database>
	</source>
	<size>
		<width>1024</width>
		<height>1536</height>
		<depth>3</depth>
	</size>
	<segmented>0</segmented>
	<object>
		<name>face</name>
		<pose>Unspecified</pose>
		<truncated>0</truncated>
		<difficult>0</difficult>
		<bndbox>
			<xmin>467</xmin>
			<ymin>240</ymin>
			<xmax>576</xmax>
			<ymax>380</ymax>
		</bndbox>
	</object>
	<object>
		<name>face</name>
		<pose>Unspecified</pose>
		<truncated>0</truncated>
		<difficult>0</difficult>
		<bndbox>
			<xmin>705</xmin>
			<ymin>675</ymin>
			<xmax>740</xmax>
			<ymax>727</ymax>
		</bndbox>
	</object>
	<object>
		<name>face</name>
		<pose>Unspecified</pose>
		<truncated>0</truncated>
		<difficult>0</difficult>
		<bndbox>
			<xmin>844</xmin>
			<ymin>680</ymin>
			<xmax>880</xmax>
			<ymax>731</ymax>
		</bndbox>
	</object>
</annotation>
