<annotation><folder>13--Interview</folder><filename>13_Interview_Interview_Sequences_13_360.jpg</filename><path>./WIDER_train/images/13--Interview/13_Interview_Interview_Sequences_13_360.jpg</path><source><database>Unknown</database></source><size><width>1024</width><height>428</height><depth>3</depth></size><segmented>0</segmented><object><name>face</name><pose>Unspecified</pose><truncated>0</truncated><difficult>0</difficult><bndbox><xmin>330</xmin><ymin>120</ymin><xmax>442</xmax><ymax>288</ymax></bndbox></object><object><name>face</name><pose>Unspecified</pose><truncated>0</truncated><difficult>0</difficult><bndbox><xmin>532</xmin><ymin>114</ymin><xmax>670</xmax><ymax>316</ymax></bndbox></object></annotation>