<annotation><folder>13--Interview</folder><filename>13_Interview_Interview_Sequences_13_24.jpg</filename><path>./WIDER_train/images/13--Interview/13_Interview_Interview_Sequences_13_24.jpg</path><source><database>Unknown</database></source><size><width>1024</width><height>576</height><depth>3</depth></size><segmented>0</segmented><object><name>face</name><pose>Unspecified</pose><truncated>0</truncated><difficult>0</difficult><bndbox><xmin>187</xmin><ymin>76</ymin><xmax>245</xmax><ymax>159</ymax></bndbox></object><object><name>face</name><pose>Unspecified</pose><truncated>0</truncated><difficult>0</difficult><bndbox><xmin>802</xmin><ymin>115</ymin><xmax>850</xmax><ymax>176</ymax></bndbox></object></annotation>