<annotation><folder>13--Interview</folder><filename>13_Interview_Interview_Sequences_13_888.jpg</filename><path>./WIDER_train/images/13--Interview/13_Interview_Interview_Sequences_13_888.jpg</path><source><database>Unknown</database></source><size><width>1024</width><height>512</height><depth>3</depth></size><segmented>0</segmented><object><name>face</name><pose>Unspecified</pose><truncated>0</truncated><difficult>0</difficult><bndbox><xmin>866</xmin><ymin>94</ymin><xmax>946</xmax><ymax>230</ymax></bndbox></object><object><name>face</name><pose>Unspecified</pose><truncated>0</truncated><difficult>0</difficult><bndbox><xmin>112</xmin><ymin>80</ymin><xmax>272</xmax><ymax>354</ymax></bndbox></object></annotation>