<annotation><folder>13--Interview</folder><filename>13_Interview_Interview_On_Location_13_1025.jpg</filename><path>./WIDER_train/images/13--Interview/13_Interview_Interview_On_Location_13_1025.jpg</path><source><database>Unknown</database></source><size><width>1024</width><height>682</height><depth>3</depth></size><segmented>0</segmented><object><name>face</name><pose>Unspecified</pose><truncated>0</truncated><difficult>0</difficult><bndbox><xmin>44</xmin><ymin>70</ymin><xmax>170</xmax><ymax>224</ymax></bndbox></object><object><name>face</name><pose>Unspecified</pose><truncated>0</truncated><difficult>0</difficult><bndbox><xmin>264</xmin><ymin>58</ymin><xmax>376</xmax><ymax>206</ymax></bndbox></object><object><name>face</name><pose>Unspecified</pose><truncated>0</truncated><difficult>0</difficult><bndbox><xmin>450</xmin><ymin>58</ymin><xmax>578</xmax><ymax>228</ymax></bndbox></object><object><name>face</name><pose>Unspecified</pose><truncated>0</truncated><difficult>0</difficult><bndbox><xmin>146</xmin><ymin>296</ymin><xmax>302</xmax><ymax>504</ymax></bndbox></object><object><name>face</name><pose>Unspecified</pose><truncated>0</truncated><difficult>0</difficult><bndbox><xmin>438</xmin><ymin>258</ymin><xmax>554</xmax><ymax>434</ymax></bndbox></object><object><name>face</name><pose>Unspecified</pose><truncated>0</truncated><difficult>0</difficult><bndbox><xmin>448</xmin><ymin>494</ymin><xmax>582</xmax><ymax>670</ymax></bndbox></object><object><name>face</name><pose>Unspecified</pose><truncated>0</truncated><difficult>0</difficult><bndbox><xmin>662</xmin><ymin>488</ymin><xmax>786</xmax><ymax>678</ymax></bndbox></object><object><name>face</name><pose>Unspecified</pose><truncated>0</truncated><difficult>0</difficult><bndbox><xmin>852</xmin><ymin>498</ymin><xmax>962</xmax><ymax>666</ymax></bndbox></object><object><name>face</name><pose>Unspecified</pose><truncated>0</truncated><difficult>0</difficult><bndbox><xmin>680</xmin><ymin>94</ymin><xmax>952</xmax><ymax>428</ymax></bndbox></object></annotation>