<annotation><folder>13--Interview</folder><filename>13_Interview_Interview_On_Location_13_816.jpg</filename><path>./WIDER_train/images/13--Interview/13_Interview_Interview_On_Location_13_816.jpg</path><source><database>Unknown</database></source><size><width>1024</width><height>1407</height><depth>3</depth></size><segmented>0</segmented><object><name>face</name><pose>Unspecified</pose><truncated>0</truncated><difficult>0</difficult><bndbox><xmin>313</xmin><ymin>475</ymin><xmax>782</xmax><ymax>1054</ymax></bndbox></object></annotation>