<annotation><folder>13--Interview</folder><filename>13_Interview_Interview_Sequences_13_339.jpg</filename><path>./WIDER_train/images/13--Interview/13_Interview_Interview_Sequences_13_339.jpg</path><source><database>Unknown</database></source><size><width>1024</width><height>359</height><depth>3</depth></size><segmented>0</segmented><object><name>face</name><pose>Unspecified</pose><truncated>0</truncated><difficult>0</difficult><bndbox><xmin>654</xmin><ymin>46</ymin><xmax>770</xmax><ymax>218</ymax></bndbox></object><object><name>face</name><pose>Unspecified</pose><truncated>0</truncated><difficult>0</difficult><bndbox><xmin>280</xmin><ymin>54</ymin><xmax>392</xmax><ymax>208</ymax></bndbox></object></annotation>