<annotation><folder>13--Interview</folder><filename>13_Interview_Interview_On_Location_13_806.jpg</filename><path>./WIDER_train/images/13--Interview/13_Interview_Interview_On_Location_13_806.jpg</path><source><database>Unknown</database></source><size><width>1024</width><height>1536</height><depth>3</depth></size><segmented>0</segmented><object><name>face</name><pose>Unspecified</pose><truncated>0</truncated><difficult>0</difficult><bndbox><xmin>465</xmin><ymin>204</ymin><xmax>582</xmax><ymax>414</ymax></bndbox></object></annotation>