<annotation><folder>13--Interview</folder><filename>13_Interview_Interview_Sequences_13_725.jpg</filename><path>./WIDER_train/images/13--Interview/13_Interview_Interview_Sequences_13_725.jpg</path><source><database>Unknown</database></source><size><width>1024</width><height>1294</height><depth>3</depth></size><segmented>0</segmented><object><name>face</name><pose>Unspecified</pose><truncated>0</truncated><difficult>0</difficult><bndbox><xmin>15</xmin><ymin>23</ymin><xmax>490</xmax><ymax>637</ymax></bndbox></object><object><name>face</name><pose>Unspecified</pose><truncated>0</truncated><difficult>0</difficult><bndbox><xmin>448</xmin><ymin>180</ymin><xmax>969</xmax><ymax>805</ymax></bndbox></object></annotation>