<annotation><folder>13--Interview</folder><filename>13_Interview_Interview_Sequences_13_1034.jpg</filename><path>./WIDER_train/images/13--Interview/13_Interview_Interview_Sequences_13_1034.jpg</path><source><database>Unknown</database></source><size><width>1024</width><height>683</height><depth>3</depth></size><segmented>0</segmented><object><name>face</name><pose>Unspecified</pose><truncated>0</truncated><difficult>0</difficult><bndbox><xmin>162</xmin><ymin>96</ymin><xmax>386</xmax><ymax>430</ymax></bndbox></object><object><name>face</name><pose>Unspecified</pose><truncated>0</truncated><difficult>0</difficult><bndbox><xmin>618</xmin><ymin>148</ymin><xmax>862</xmax><ymax>496</ymax></bndbox></object></annotation>