<annotation><folder>13--Interview</folder><filename>13_Interview_Interview_Sequences_13_431.jpg</filename><path>./WIDER_train/images/13--Interview/13_Interview_Interview_Sequences_13_431.jpg</path><source><database>Unknown</database></source><size><width>1024</width><height>626</height><depth>3</depth></size><segmented>0</segmented><object><name>face</name><pose>Unspecified</pose><truncated>0</truncated><difficult>0</difficult><bndbox><xmin>156</xmin><ymin>194</ymin><xmax>282</xmax><ymax>394</ymax></bndbox></object><object><name>face</name><pose>Unspecified</pose><truncated>0</truncated><difficult>0</difficult><bndbox><xmin>462</xmin><ymin>80</ymin><xmax>614</xmax><ymax>332</ymax></bndbox></object><object><name>face</name><pose>Unspecified</pose><truncated>0</truncated><difficult>0</difficult><bndbox><xmin>770</xmin><ymin>246</ymin><xmax>916</xmax><ymax>396</ymax></bndbox></object></annotation>