<annotation><folder>13--Interview</folder><filename>13_Interview_Interview_Sequences_13_335.jpg</filename><path>./WIDER_train/images/13--Interview/13_Interview_Interview_Sequences_13_335.jpg</path><source><database>Unknown</database></source><size><width>1024</width><height>407</height><depth>3</depth></size><segmented>0</segmented><object><name>face</name><pose>Unspecified</pose><truncated>0</truncated><difficult>0</difficult><bndbox><xmin>308</xmin><ymin>43</ymin><xmax>393</xmax><ymax>154</ymax></bndbox></object><object><name>face</name><pose>Unspecified</pose><truncated>0</truncated><difficult>0</difficult><bndbox><xmin>480</xmin><ymin>67</ymin><xmax>533</xmax><ymax>133</ymax></bndbox></object><object><name>face</name><pose>Unspecified</pose><truncated>0</truncated><difficult>0</difficult><bndbox><xmin>806</xmin><ymin>107</ymin><xmax>859</xmax><ymax>181</ymax></bndbox></object></annotation>