<annotation><folder>13--Interview</folder><filename>13_Interview_Interview_On_Location_13_1013.jpg</filename><path>./WIDER_train/images/13--Interview/13_Interview_Interview_On_Location_13_1013.jpg</path><source><database>Unknown</database></source><size><width>1024</width><height>1369</height><depth>3</depth></size><segmented>0</segmented><object><name>face</name><pose>Unspecified</pose><truncated>0</truncated><difficult>0</difficult><bndbox><xmin>289</xmin><ymin>348</ymin><xmax>463</xmax><ymax>602</ymax></bndbox></object><object><name>face</name><pose>Unspecified</pose><truncated>0</truncated><difficult>0</difficult><bndbox><xmin>569</xmin><ymin>294</ymin><xmax>783</xmax><ymax>569</ymax></bndbox></object></annotation>