<annotation><folder>13--Interview</folder><filename>13_Interview_Interview_On_Location_13_868.jpg</filename><path>./WIDER_train/images/13--Interview/13_Interview_Interview_On_Location_13_868.jpg</path><source><database>Unknown</database></source><size><width>1024</width><height>1447</height><depth>3</depth></size><segmented>0</segmented><object><name>face</name><pose>Unspecified</pose><truncated>0</truncated><difficult>0</difficult><bndbox><xmin>781</xmin><ymin>249</ymin><xmax>922</xmax><ymax>444</ymax></bndbox></object><object><name>face</name><pose>Unspecified</pose><truncated>0</truncated><difficult>0</difficult><bndbox><xmin>88</xmin><ymin>144</ymin><xmax>255</xmax><ymax>379</ymax></bndbox></object></annotation>