<annotation>
	<folder>train</folder>
	<filename>13_Interview_Interview_Sequences_13_755.jpg</filename>
	<path>D:\mask_dataset\train\13_Interview_Interview_Sequences_13_755.jpg</path>
	<source>
		<database>Unknown</database>
	</source>
	<size>
		<width>1024</width>
		<height>675</height>
		<depth>3</depth>
	</size>
	<segmented>0</segmented>
	<object>
		<name>face</name>
		<pose>Unspecified</pose>
		<truncated>0</truncated>
		<difficult>0</difficult>
		<bndbox>
			<xmin>263</xmin>
			<ymin>146</ymin>
			<xmax>404</xmax>
			<ymax>345</ymax>
		</bndbox>
	</object>
</annotation>
