<annotation><folder>13--Interview</folder><filename>13_Interview_Interview_On_Location_13_855.jpg</filename><path>./WIDER_train/images/13--Interview/13_Interview_Interview_On_Location_13_855.jpg</path><source><database>Unknown</database></source><size><width>1024</width><height>672</height><depth>3</depth></size><segmented>0</segmented><object><name>face</name><pose>Unspecified</pose><truncated>0</truncated><difficult>0</difficult><bndbox><xmin>488</xmin><ymin>246</ymin><xmax>596</xmax><ymax>388</ymax></bndbox></object><object><name>face</name><pose>Unspecified</pose><truncated>0</truncated><difficult>0</difficult><bndbox><xmin>416</xmin><ymin>158</ymin><xmax>522</xmax><ymax>284</ymax></bndbox></object><object><name>face</name><pose>Unspecified</pose><truncated>0</truncated><difficult>0</difficult><bndbox><xmin>572</xmin><ymin>90</ymin><xmax>664</xmax><ymax>220</ymax></bndbox></object></annotation>