<annotation><folder>13--Interview</folder><filename>13_Interview_Interview_Sequences_13_898.jpg</filename><path>./WIDER_train/images/13--Interview/13_Interview_Interview_Sequences_13_898.jpg</path><source><database>Unknown</database></source><size><width>1024</width><height>577</height><depth>3</depth></size><segmented>0</segmented><object><name>face</name><pose>Unspecified</pose><truncated>0</truncated><difficult>0</difficult><bndbox><xmin>378</xmin><ymin>58</ymin><xmax>592</xmax><ymax>372</ymax></bndbox></object></annotation>