<annotation><folder>13--Interview</folder><filename>13_Interview_Interview_Sequences_13_582.jpg</filename><path>./WIDER_train/images/13--Interview/13_Interview_Interview_Sequences_13_582.jpg</path><source><database>Unknown</database></source><size><width>1024</width><height>417</height><depth>3</depth></size><segmented>0</segmented><object><name>face</name><pose>Unspecified</pose><truncated>0</truncated><difficult>0</difficult><bndbox><xmin>363</xmin><ymin>92</ymin><xmax>451</xmax><ymax>193</ymax></bndbox></object><object><name>face</name><pose>Unspecified</pose><truncated>0</truncated><difficult>0</difficult><bndbox><xmin>550</xmin><ymin>88</ymin><xmax>631</xmax><ymax>188</ymax></bndbox></object><object><name>face</name><pose>Unspecified</pose><truncated>0</truncated><difficult>0</difficult><bndbox><xmin>606</xmin><ymin>54</ymin><xmax>668</xmax><ymax>130</ymax></bndbox></object></annotation>