<annotation><folder>13--Interview</folder><filename>13_Interview_Interview_Sequences_13_82.jpg</filename><path>./WIDER_train/images/13--Interview/13_Interview_Interview_Sequences_13_82.jpg</path><source><database>Unknown</database></source><size><width>1024</width><height>565</height><depth>3</depth></size><segmented>0</segmented><object><name>face</name><pose>Unspecified</pose><truncated>0</truncated><difficult>0</difficult><bndbox><xmin>348</xmin><ymin>98</ymin><xmax>426</xmax><ymax>206</ymax></bndbox></object><object><name>face</name><pose>Unspecified</pose><truncated>0</truncated><difficult>0</difficult><bndbox><xmin>602</xmin><ymin>86</ymin><xmax>700</xmax><ymax>200</ymax></bndbox></object></annotation>