<annotation><folder>13--Interview</folder><filename>13_Interview_Interview_Sequences_13_331.jpg</filename><path>./WIDER_train/images/13--Interview/13_Interview_Interview_Sequences_13_331.jpg</path><source><database>Unknown</database></source><size><width>1024</width><height>745</height><depth>3</depth></size><segmented>0</segmented><object><name>face</name><pose>Unspecified</pose><truncated>0</truncated><difficult>0</difficult><bndbox><xmin>542</xmin><ymin>24</ymin><xmax>694</xmax><ymax>224</ymax></bndbox></object><object><name>face</name><pose>Unspecified</pose><truncated>0</truncated><difficult>0</difficult><bndbox><xmin>360</xmin><ymin>170</ymin><xmax>500</xmax><ymax>346</ymax></bndbox></object></annotation>