<annotation><folder>13--Interview</folder><filename>13_Interview_Interview_Sequences_13_207.jpg</filename><path>./WIDER_train/images/13--Interview/13_Interview_Interview_Sequences_13_207.jpg</path><source><database>Unknown</database></source><size><width>1024</width><height>545</height><depth>3</depth></size><segmented>0</segmented><object><name>face</name><pose>Unspecified</pose><truncated>0</truncated><difficult>0</difficult><bndbox><xmin>162</xmin><ymin>144</ymin><xmax>354</xmax><ymax>414</ymax></bndbox></object><object><name>face</name><pose>Unspecified</pose><truncated>0</truncated><difficult>0</difficult><bndbox><xmin>624</xmin><ymin>100</ymin><xmax>810</xmax><ymax>344</ymax></bndbox></object></annotation>