<annotation><folder>13--Interview</folder><filename>13_Interview_Interview_Sequences_13_895.jpg</filename><path>./WIDER_train/images/13--Interview/13_Interview_Interview_Sequences_13_895.jpg</path><source><database>Unknown</database></source><size><width>1024</width><height>545</height><depth>3</depth></size><segmented>0</segmented><object><name>face</name><pose>Unspecified</pose><truncated>0</truncated><difficult>0</difficult><bndbox><xmin>258</xmin><ymin>120</ymin><xmax>384</xmax><ymax>314</ymax></bndbox></object><object><name>face</name><pose>Unspecified</pose><truncated>0</truncated><difficult>0</difficult><bndbox><xmin>546</xmin><ymin>56</ymin><xmax>656</xmax><ymax>254</ymax></bndbox></object></annotation>