<annotation><folder>13--Interview</folder><filename>13_Interview_Interview_On_Location_13_1014.jpg</filename><path>./WIDER_train/images/13--Interview/13_Interview_Interview_On_Location_13_1014.jpg</path><source><database>Unknown</database></source><size><width>1024</width><height>930</height><depth>3</depth></size><segmented>0</segmented><object><name>face</name><pose>Unspecified</pose><truncated>0</truncated><difficult>0</difficult><bndbox><xmin>130</xmin><ymin>32</ymin><xmax>210</xmax><ymax>142</ymax></bndbox></object><object><name>face</name><pose>Unspecified</pose><truncated>0</truncated><difficult>0</difficult><bndbox><xmin>670</xmin><ymin>94</ymin><xmax>792</xmax><ymax>264</ymax></bndbox></object><object><name>face</name><pose>Unspecified</pose><truncated>0</truncated><difficult>0</difficult><bndbox><xmin>158</xmin><ymin>382</ymin><xmax>234</xmax><ymax>510</ymax></bndbox></object><object><name>face</name><pose>Unspecified</pose><truncated>0</truncated><difficult>0</difficult><bndbox><xmin>100</xmin><ymin>678</ymin><xmax>288</xmax><ymax>914</ymax></bndbox></object><object><name>face</name><pose>Unspecified</pose><truncated>0</truncated><difficult>0</difficult><bndbox><xmin>510</xmin><ymin>400</ymin><xmax>894</xmax><ymax>916</ymax></bndbox></object></annotation>