<annotation><folder>13--Interview</folder><filename>13_Interview_Interview_Sequences_13_403.jpg</filename><path>./WIDER_train/images/13--Interview/13_Interview_Interview_Sequences_13_403.jpg</path><source><database>Unknown</database></source><size><width>1024</width><height>926</height><depth>3</depth></size><segmented>0</segmented><object><name>face</name><pose>Unspecified</pose><truncated>0</truncated><difficult>0</difficult><bndbox><xmin>530</xmin><ymin>278</ymin><xmax>674</xmax><ymax>504</ymax></bndbox></object><object><name>face</name><pose>Unspecified</pose><truncated>0</truncated><difficult>0</difficult><bndbox><xmin>664</xmin><ymin>102</ymin><xmax>876</xmax><ymax>440</ymax></bndbox></object><object><name>face</name><pose>Unspecified</pose><truncated>0</truncated><difficult>0</difficult><bndbox><xmin>120</xmin><ymin>118</ymin><xmax>372</xmax><ymax>450</ymax></bndbox></object></annotation>