<annotation><folder>13--Interview</folder><filename>13_Interview_Interview_Sequences_13_805.jpg</filename><path>./WIDER_train/images/13--Interview/13_Interview_Interview_Sequences_13_805.jpg</path><source><database>Unknown</database></source><size><width>1024</width><height>768</height><depth>3</depth></size><segmented>0</segmented><object><name>face</name><pose>Unspecified</pose><truncated>0</truncated><difficult>0</difficult><bndbox><xmin>210</xmin><ymin>210</ymin><xmax>278</xmax><ymax>310</ymax></bndbox></object><object><name>face</name><pose>Unspecified</pose><truncated>0</truncated><difficult>0</difficult><bndbox><xmin>454</xmin><ymin>112</ymin><xmax>604</xmax><ymax>306</ymax></bndbox></object><object><name>face</name><pose>Unspecified</pose><truncated>0</truncated><difficult>0</difficult><bndbox><xmin>676</xmin><ymin>212</ymin><xmax>746</xmax><ymax>330</ymax></bndbox></object></annotation>