<annotation><folder>13--Interview</folder><filename>13_Interview_Interview_Sequences_13_962.jpg</filename><path>./WIDER_train/images/13--Interview/13_Interview_Interview_Sequences_13_962.jpg</path><source><database>Unknown</database></source><size><width>1024</width><height>342</height><depth>3</depth></size><segmented>0</segmented><object><name>face</name><pose>Unspecified</pose><truncated>0</truncated><difficult>0</difficult><bndbox><xmin>310</xmin><ymin>50</ymin><xmax>420</xmax><ymax>216</ymax></bndbox></object><object><name>face</name><pose>Unspecified</pose><truncated>0</truncated><difficult>0</difficult><bndbox><xmin>440</xmin><ymin>72</ymin><xmax>562</xmax><ymax>242</ymax></bndbox></object><object><name>face</name><pose>Unspecified</pose><truncated>0</truncated><difficult>0</difficult><bndbox><xmin>750</xmin><ymin>46</ymin><xmax>862</xmax><ymax>220</ymax></bndbox></object></annotation>