<annotation><folder>13--Interview</folder><filename>13_Interview_Interview_On_Location_13_761.jpg</filename><path>./WIDER_train/images/13--Interview/13_Interview_Interview_On_Location_13_761.jpg</path><source><database>Unknown</database></source><size><width>1024</width><height>1145</height><depth>3</depth></size><segmented>0</segmented><object><name>face</name><pose>Unspecified</pose><truncated>0</truncated><difficult>0</difficult><bndbox><xmin>279</xmin><ymin>208</ymin><xmax>773</xmax><ymax>883</ymax></bndbox></object></annotation>