<annotation><folder>13--Interview</folder><filename>13_Interview_Interview_Sequences_13_704.jpg</filename><path>./WIDER_train/images/13--Interview/13_Interview_Interview_Sequences_13_704.jpg</path><source><database>Unknown</database></source><size><width>1024</width><height>564</height><depth>3</depth></size><segmented>0</segmented><object><name>face</name><pose>Unspecified</pose><truncated>0</truncated><difficult>0</difficult><bndbox><xmin>262</xmin><ymin>112</ymin><xmax>374</xmax><ymax>258</ymax></bndbox></object><object><name>face</name><pose>Unspecified</pose><truncated>0</truncated><difficult>0</difficult><bndbox><xmin>836</xmin><ymin>58</ymin><xmax>902</xmax><ymax>162</ymax></bndbox></object></annotation>