<annotation><folder>13--Interview</folder><filename>13_Interview_Interview_On_Location_13_915.jpg</filename><path>./WIDER_train/images/13--Interview/13_Interview_Interview_On_Location_13_915.jpg</path><source><database>Unknown</database></source><size><width>1024</width><height>1499</height><depth>3</depth></size><segmented>0</segmented><object><name>face</name><pose>Unspecified</pose><truncated>0</truncated><difficult>0</difficult><bndbox><xmin>635</xmin><ymin>489</ymin><xmax>857</xmax><ymax>767</ymax></bndbox></object><object><name>face</name><pose>Unspecified</pose><truncated>0</truncated><difficult>0</difficult><bndbox><xmin>415</xmin><ymin>287</ymin><xmax>634</xmax><ymax>591</ymax></bndbox></object></annotation>