<annotation><folder>13--Interview</folder><filename>13_Interview_Interview_Sequences_13_705.jpg</filename><path>./WIDER_train/images/13--Interview/13_Interview_Interview_Sequences_13_705.jpg</path><source><database>Unknown</database></source><size><width>1024</width><height>459</height><depth>3</depth></size><segmented>0</segmented><object><name>face</name><pose>Unspecified</pose><truncated>0</truncated><difficult>0</difficult><bndbox><xmin>210</xmin><ymin>144</ymin><xmax>434</xmax><ymax>426</ymax></bndbox></object><object><name>face</name><pose>Unspecified</pose><truncated>0</truncated><difficult>0</difficult><bndbox><xmin>560</xmin><ymin>14</ymin><xmax>810</xmax><ymax>302</ymax></bndbox></object></annotation>