<annotation><folder>13--Interview</folder><filename>13_Interview_Interview_Sequences_13_875.jpg</filename><path>./WIDER_train/images/13--Interview/13_Interview_Interview_Sequences_13_875.jpg</path><source><database>Unknown</database></source><size><width>1024</width><height>335</height><depth>3</depth></size><segmented>0</segmented><object><name>face</name><pose>Unspecified</pose><truncated>0</truncated><difficult>0</difficult><bndbox><xmin>236</xmin><ymin>44</ymin><xmax>410</xmax><ymax>278</ymax></bndbox></object><object><name>face</name><pose>Unspecified</pose><truncated>0</truncated><difficult>0</difficult><bndbox><xmin>800</xmin><ymin>48</ymin><xmax>864</xmax><ymax>134</ymax></bndbox></object></annotation>