<annotation><folder>13--Interview</folder><filename>13_Interview_Interview_On_Location_13_982.jpg</filename><path>./WIDER_train/images/13--Interview/13_Interview_Interview_On_Location_13_982.jpg</path><source><database>Unknown</database></source><size><width>1024</width><height>686</height><depth>3</depth></size><segmented>0</segmented><object><name>face</name><pose>Unspecified</pose><truncated>0</truncated><difficult>0</difficult><bndbox><xmin>152</xmin><ymin>202</ymin><xmax>262</xmax><ymax>354</ymax></bndbox></object><object><name>face</name><pose>Unspecified</pose><truncated>0</truncated><difficult>0</difficult><bndbox><xmin>680</xmin><ymin>144</ymin><xmax>792</xmax><ymax>318</ymax></bndbox></object></annotation>