<annotation><folder>13--Interview</folder><filename>13_Interview_Interview_On_Location_13_836.jpg</filename><path>./WIDER_train/images/13--Interview/13_Interview_Interview_On_Location_13_836.jpg</path><source><database>Unknown</database></source><size><width>1024</width><height>680</height><depth>3</depth></size><segmented>0</segmented><object><name>face</name><pose>Unspecified</pose><truncated>0</truncated><difficult>0</difficult><bndbox><xmin>364</xmin><ymin>74</ymin><xmax>474</xmax><ymax>244</ymax></bndbox></object><object><name>face</name><pose>Unspecified</pose><truncated>0</truncated><difficult>0</difficult><bndbox><xmin>428</xmin><ymin>228</ymin><xmax>568</xmax><ymax>404</ymax></bndbox></object></annotation>