<annotation><folder>13--Interview</folder><filename>13_Interview_Interview_Sequences_13_173.jpg</filename><path>./WIDER_train/images/13--Interview/13_Interview_Interview_Sequences_13_173.jpg</path><source><database>Unknown</database></source><size><width>1024</width><height>764</height><depth>3</depth></size><segmented>0</segmented><object><name>face</name><pose>Unspecified</pose><truncated>0</truncated><difficult>0</difficult><bndbox><xmin>272</xmin><ymin>296</ymin><xmax>412</xmax><ymax>512</ymax></bndbox></object><object><name>face</name><pose>Unspecified</pose><truncated>0</truncated><difficult>0</difficult><bndbox><xmin>456</xmin><ymin>162</ymin><xmax>576</xmax><ymax>336</ymax></bndbox></object><object><name>face</name><pose>Unspecified</pose><truncated>0</truncated><difficult>0</difficult><bndbox><xmin>698</xmin><ymin>190</ymin><xmax>860</xmax><ymax>430</ymax></bndbox></object></annotation>