<annotation>
	<folder>train</folder>
	<filename>13_Interview_Interview_Sequences_13_520.jpg</filename>
	<path>D:\mask_dataset\train\13_Interview_Interview_Sequences_13_520.jpg</path>
	<source>
		<database>Unknown</database>
	</source>
	<size>
		<width>1024</width>
		<height>698</height>
		<depth>3</depth>
	</size>
	<segmented>0</segmented>
	<object>
		<name>face</name>
		<pose>Unspecified</pose>
		<truncated>0</truncated>
		<difficult>0</difficult>
		<bndbox>
			<xmin>222</xmin>
			<ymin>144</ymin>
			<xmax>294</xmax>
			<ymax>234</ymax>
		</bndbox>
	</object>
	<object>
		<name>face</name>
		<pose>Unspecified</pose>
		<truncated>0</truncated>
		<difficult>0</difficult>
		<bndbox>
			<xmin>320</xmin>
			<ymin>144</ymin>
			<xmax>392</xmax>
			<ymax>254</ymax>
		</bndbox>
	</object>
	<object>
		<name>face</name>
		<pose>Unspecified</pose>
		<truncated>0</truncated>
		<difficult>0</difficult>
		<bndbox>
			<xmin>772</xmin>
			<ymin>200</ymin>
			<xmax>868</xmax>
			<ymax>320</ymax>
		</bndbox>
	</object>
</annotation>
