<annotation><folder>13--Interview</folder><filename>13_Interview_Interview_Sequences_13_657.jpg</filename><path>./WIDER_train/images/13--Interview/13_Interview_Interview_Sequences_13_657.jpg</path><source><database>Unknown</database></source><size><width>1024</width><height>682</height><depth>3</depth></size><segmented>0</segmented><object><name>face</name><pose>Unspecified</pose><truncated>0</truncated><difficult>0</difficult><bndbox><xmin>406</xmin><ymin>82</ymin><xmax>604</xmax><ymax>350</ymax></bndbox></object></annotation>