<annotation><folder>13--Interview</folder><filename>13_Interview_Interview_Sequences_13_870.jpg</filename><path>./WIDER_train/images/13--Interview/13_Interview_Interview_Sequences_13_870.jpg</path><source><database>Unknown</database></source><size><width>1024</width><height>1385</height><depth>3</depth></size><segmented>0</segmented><object><name>face</name><pose>Unspecified</pose><truncated>0</truncated><difficult>0</difficult><bndbox><xmin>68</xmin><ymin>340</ymin><xmax>441</xmax><ymax>859</ymax></bndbox></object><object><name>face</name><pose>Unspecified</pose><truncated>0</truncated><difficult>0</difficult><bndbox><xmin>581</xmin><ymin>316</ymin><xmax>989</xmax><ymax>840</ymax></bndbox></object></annotation>