<annotation><folder>13--Interview</folder><filename>13_Interview_Interview_Sequences_13_67.jpg</filename><path>./WIDER_train/images/13--Interview/13_Interview_Interview_Sequences_13_67.jpg</path><source><database>Unknown</database></source><size><width>1024</width><height>576</height><depth>3</depth></size><segmented>0</segmented><object><name>face</name><pose>Unspecified</pose><truncated>0</truncated><difficult>0</difficult><bndbox><xmin>366</xmin><ymin>121</ymin><xmax>406</xmax><ymax>168</ymax></bndbox></object><object><name>face</name><pose>Unspecified</pose><truncated>0</truncated><difficult>0</difficult><bndbox><xmin>546</xmin><ymin>96</ymin><xmax>733</xmax><ymax>314</ymax></bndbox></object></annotation>