<annotation><folder>13--Interview</folder><filename>13_Interview_Interview_Sequences_13_823.jpg</filename><path>./WIDER_train/images/13--Interview/13_Interview_Interview_Sequences_13_823.jpg</path><source><database>Unknown</database></source><size><width>1024</width><height>683</height><depth>3</depth></size><segmented>0</segmented><object><name>face</name><pose>Unspecified</pose><truncated>0</truncated><difficult>0</difficult><bndbox><xmin>428</xmin><ymin>70</ymin><xmax>568</xmax><ymax>238</ymax></bndbox></object></annotation>