<annotation>
	<folder>train</folder>
	<filename>13_Interview_Interview_Sequences_13_509.jpg</filename>
	<path>D:\mask_dataset\train\13_Interview_Interview_Sequences_13_509.jpg</path>
	<source>
		<database>Unknown</database>
	</source>
	<size>
		<width>1024</width>
		<height>576</height>
		<depth>3</depth>
	</size>
	<segmented>0</segmented>
	<object>
		<name>face</name>
		<pose>Unspecified</pose>
		<truncated>0</truncated>
		<difficult>0</difficult>
		<bndbox>
			<xmin>636</xmin>
			<ymin>176</ymin>
			<xmax>808</xmax>
			<ymax>418</ymax>
		</bndbox>
	</object>
</annotation>
