<annotation><folder>13--Interview</folder><filename>13_Interview_Interview_Sequences_13_818.jpg</filename><path>./WIDER_train/images/13--Interview/13_Interview_Interview_Sequences_13_818.jpg</path><source><database>Unknown</database></source><size><width>1024</width><height>452</height><depth>3</depth></size><segmented>0</segmented><object><name>face</name><pose>Unspecified</pose><truncated>0</truncated><difficult>0</difficult><bndbox><xmin>446</xmin><ymin>64</ymin><xmax>502</xmax><ymax>148</ymax></bndbox></object><object><name>face</name><pose>Unspecified</pose><truncated>0</truncated><difficult>0</difficult><bndbox><xmin>190</xmin><ymin>54</ymin><xmax>262</xmax><ymax>152</ymax></bndbox></object></annotation>