<annotation><folder>13--Interview</folder><filename>13_Interview_Interview_On_Location_13_780.jpg</filename><path>./WIDER_train/images/13--Interview/13_Interview_Interview_On_Location_13_780.jpg</path><source><database>Unknown</database></source><size><width>1024</width><height>685</height><depth>3</depth></size><segmented>0</segmented><object><name>face</name><pose>Unspecified</pose><truncated>0</truncated><difficult>0</difficult><bndbox><xmin>782</xmin><ymin>82</ymin><xmax>876</xmax><ymax>278</ymax></bndbox></object><object><name>face</name><pose>Unspecified</pose><truncated>0</truncated><difficult>0</difficult><bndbox><xmin>260</xmin><ymin>152</ymin><xmax>404</xmax><ymax>340</ymax></bndbox></object></annotation>