<annotation><folder>13--Interview</folder><filename>13_Interview_Interview_Sequences_13_1043.jpg</filename><path>./WIDER_train/images/13--Interview/13_Interview_Interview_Sequences_13_1043.jpg</path><source><database>Unknown</database></source><size><width>1024</width><height>1283</height><depth>3</depth></size><segmented>0</segmented><object><name>face</name><pose>Unspecified</pose><truncated>0</truncated><difficult>0</difficult><bndbox><xmin>508</xmin><ymin>218</ymin><xmax>663</xmax><ymax>438</ymax></bndbox></object><object><name>face</name><pose>Unspecified</pose><truncated>0</truncated><difficult>0</difficult><bndbox><xmin>295</xmin><ymin>285</ymin><xmax>453</xmax><ymax>478</ymax></bndbox></object></annotation>