<annotation><folder>13--Interview</folder><filename>13_Interview_Interview_Sequences_13_235.jpg</filename><path>./WIDER_train/images/13--Interview/13_Interview_Interview_Sequences_13_235.jpg</path><source><database>Unknown</database></source><size><width>1024</width><height>483</height><depth>3</depth></size><segmented>0</segmented><object><name>face</name><pose>Unspecified</pose><truncated>0</truncated><difficult>0</difficult><bndbox><xmin>14</xmin><ymin>90</ymin><xmax>184</xmax><ymax>466</ymax></bndbox></object><object><name>face</name><pose>Unspecified</pose><truncated>0</truncated><difficult>0</difficult><bndbox><xmin>268</xmin><ymin>82</ymin><xmax>458</xmax><ymax>466</ymax></bndbox></object><object><name>face</name><pose>Unspecified</pose><truncated>0</truncated><difficult>0</difficult><bndbox><xmin>528</xmin><ymin>72</ymin><xmax>680</xmax><ymax>464</ymax></bndbox></object></annotation>