<annotation><folder>13--Interview</folder><filename>13_Interview_Interview_Sequences_13_389.jpg</filename><path>./WIDER_train/images/13--Interview/13_Interview_Interview_Sequences_13_389.jpg</path><source><database>Unknown</database></source><size><width>1024</width><height>364</height><depth>3</depth></size><segmented>0</segmented><object><name>face</name><pose>Unspecified</pose><truncated>0</truncated><difficult>0</difficult><bndbox><xmin>198</xmin><ymin>68</ymin><xmax>278</xmax><ymax>198</ymax></bndbox></object><object><name>face</name><pose>Unspecified</pose><truncated>0</truncated><difficult>0</difficult><bndbox><xmin>644</xmin><ymin>48</ymin><xmax>758</xmax><ymax>212</ymax></bndbox></object></annotation>