<annotation><folder>13--Interview</folder><filename>13_Interview_Interview_Sequences_13_596.jpg</filename><path>./WIDER_train/images/13--Interview/13_Interview_Interview_Sequences_13_596.jpg</path><source><database>Unknown</database></source><size><width>1024</width><height>871</height><depth>3</depth></size><segmented>0</segmented><object><name>face</name><pose>Unspecified</pose><truncated>0</truncated><difficult>0</difficult><bndbox><xmin>616</xmin><ymin>118</ymin><xmax>732</xmax><ymax>280</ymax></bndbox></object></annotation>