<annotation><folder>13--Interview</folder><filename>13_Interview_Interview_Sequences_13_392.jpg</filename><path>./WIDER_train/images/13--Interview/13_Interview_Interview_Sequences_13_392.jpg</path><source><database>Unknown</database></source><size><width>1024</width><height>683</height><depth>3</depth></size><segmented>0</segmented><object><name>face</name><pose>Unspecified</pose><truncated>0</truncated><difficult>0</difficult><bndbox><xmin>446</xmin><ymin>196</ymin><xmax>526</xmax><ymax>294</ymax></bndbox></object><object><name>face</name><pose>Unspecified</pose><truncated>0</truncated><difficult>0</difficult><bndbox><xmin>842</xmin><ymin>78</ymin><xmax>904</xmax><ymax>152</ymax></bndbox></object><object><name>face</name><pose>Unspecified</pose><truncated>0</truncated><difficult>0</difficult><bndbox><xmin>58</xmin><ymin>344</ymin><xmax>128</xmax><ymax>448</ymax></bndbox></object></annotation>