<annotation><folder>16--Award_Ceremony</folder><filename>16_Award_Ceremony_Awards_Ceremony_16_192.jpg</filename><path>./WIDER_train/images/16--Award_Ceremony/16_Award_Ceremony_Awards_Ceremony_16_192.jpg</path><source><database>Unknown</database></source><size><width>1024</width><height>680</height><depth>3</depth></size><segmented>0</segmented><object><name>face</name><pose>Unspecified</pose><truncated>0</truncated><difficult>0</difficult><bndbox><xmin>282</xmin><ymin>146</ymin><xmax>370</xmax><ymax>262</ymax></bndbox></object><object><name>face</name><pose>Unspecified</pose><truncated>0</truncated><difficult>0</difficult><bndbox><xmin>492</xmin><ymin>256</ymin><xmax>590</xmax><ymax>362</ymax></bndbox></object><object><name>face</name><pose>Unspecified</pose><truncated>0</truncated><difficult>0</difficult><bndbox><xmin>658</xmin><ymin>22</ymin><xmax>764</xmax><ymax>182</ymax></bndbox></object><object><name>face</name><pose>Unspecified</pose><truncated>0</truncated><difficult>0</difficult><bndbox><xmin>900</xmin><ymin>8</ymin><xmax>1018</xmax><ymax>144</ymax></bndbox></object></annotation>