<annotation><folder>51--Dresses</folder><filename>51_Dresses_wearingdress_51_655.jpg</filename><path>./WIDER_train/images/51--Dresses/51_Dresses_wearingdress_51_655.jpg</path><source><database>Unknown</database></source><size><width>1024</width><height>853</height><depth>3</depth></size><segmented>0</segmented><object><name>face</name><pose>Unspecified</pose><truncated>0</truncated><difficult>0</difficult><bndbox><xmin>122</xmin><ymin>108</ymin><xmax>320</xmax><ymax>360</ymax></bndbox></object><object><name>face</name><pose>Unspecified</pose><truncated>0</truncated><difficult>0</difficult><bndbox><xmin>748</xmin><ymin>54</ymin><xmax>818</xmax><ymax>158</ymax></bndbox></object></annotation>