<annotation><folder>51--Dresses</folder><filename>51_Dresses_wearingdress_51_816.jpg</filename><path>./WIDER_train/images/51--Dresses/51_Dresses_wearingdress_51_816.jpg</path><source><database>Unknown</database></source><size><width>1024</width><height>1024</height><depth>3</depth></size><segmented>0</segmented><object><name>face</name><pose>Unspecified</pose><truncated>0</truncated><difficult>0</difficult><bndbox><xmin>154</xmin><ymin>36</ymin><xmax>230</xmax><ymax>138</ymax></bndbox></object><object><name>face</name><pose>Unspecified</pose><truncated>0</truncated><difficult>0</difficult><bndbox><xmin>658</xmin><ymin>58</ymin><xmax>788</xmax><ymax>232</ymax></bndbox></object></annotation>