<annotation><folder>51--Dresses</folder><filename>51_Dresses_wearingdress_51_822.jpg</filename><path>./WIDER_train/images/51--Dresses/51_Dresses_wearingdress_51_822.jpg</path><source><database>Unknown</database></source><size><width>1024</width><height>978</height><depth>3</depth></size><segmented>0</segmented><object><name>face</name><pose>Unspecified</pose><truncated>0</truncated><difficult>0</difficult><bndbox><xmin>240</xmin><ymin>56</ymin><xmax>318</xmax><ymax>166</ymax></bndbox></object><object><name>face</name><pose>Unspecified</pose><truncated>0</truncated><difficult>0</difficult><bndbox><xmin>666</xmin><ymin>44</ymin><xmax>728</xmax><ymax>152</ymax></bndbox></object><object><name>face</name><pose>Unspecified</pose><truncated>0</truncated><difficult>0</difficult><bndbox><xmin>762</xmin><ymin>48</ymin><xmax>842</xmax><ymax>166</ymax></bndbox></object></annotation>