<annotation><folder>51--Dresses</folder><filename>51_Dresses_wearingdress_51_552.jpg</filename><path>./WIDER_train/images/51--Dresses/51_Dresses_wearingdress_51_552.jpg</path><source><database>Unknown</database></source><size><width>1024</width><height>1024</height><depth>3</depth></size><segmented>0</segmented><object><name>face</name><pose>Unspecified</pose><truncated>0</truncated><difficult>0</difficult><bndbox><xmin>168</xmin><ymin>76</ymin><xmax>250</xmax><ymax>188</ymax></bndbox></object></annotation>