<annotation>
	<folder>train</folder>
	<filename>51_Dresses_wearingdress_51_530.jpg</filename>
	<path>D:\mask_dataset\train\51_Dresses_wearingdress_51_530.jpg</path>
	<source>
		<database>Unknown</database>
	</source>
	<size>
		<width>1024</width>
		<height>840</height>
		<depth>3</depth>
	</size>
	<segmented>0</segmented>
	<object>
		<name>face</name>
		<pose>Unspecified</pose>
		<truncated>0</truncated>
		<difficult>0</difficult>
		<bndbox>
			<xmin>626</xmin>
			<ymin>188</ymin>
			<xmax>920</xmax>
			<ymax>562</ymax>
		</bndbox>
	</object>
	<object>
		<name>face</name>
		<pose>Unspecified</pose>
		<truncated>0</truncated>
		<difficult>0</difficult>
		<bndbox>
			<xmin>145</xmin>
			<ymin>59</ymin>
			<xmax>216</xmax>
			<ymax>147</ymax>
		</bndbox>
	</object>
</annotation>
