<annotation>
	<folder>train</folder>
	<filename>51_Dresses_wearingdress_51_762.jpg</filename>
	<path>D:\mask_dataset\train\51_Dresses_wearingdress_51_762.jpg</path>
	<source>
		<database>Unknown</database>
	</source>
	<size>
		<width>1024</width>
		<height>1365</height>
		<depth>3</depth>
	</size>
	<segmented>0</segmented>
	<object>
		<name>face</name>
		<pose>Unspecified</pose>
		<truncated>0</truncated>
		<difficult>0</difficult>
		<bndbox>
			<xmin>443</xmin>
			<ymin>80</ymin>
			<xmax>563</xmax>
			<ymax>243</ymax>
		</bndbox>
	</object>
	<object>
		<name>face</name>
		<pose>Unspecified</pose>
		<truncated>1</truncated>
		<difficult>0</difficult>
		<bndbox>
			<xmin>659</xmin>
			<ymin>1</ymin>
			<xmax>774</xmax>
			<ymax>123</ymax>
		</bndbox>
	</object>
</annotation>
