<annotation><folder>51--Dresses</folder><filename>51_Dresses_wearingdress_51_467.jpg</filename><path>./WIDER_train/images/51--Dresses/51_Dresses_wearingdress_51_467.jpg</path><source><database>Unknown</database></source><size><width>1024</width><height>768</height><depth>3</depth></size><segmented>0</segmented><object><name>face</name><pose>Unspecified</pose><truncated>0</truncated><difficult>0</difficult><bndbox><xmin>258</xmin><ymin>102</ymin><xmax>410</xmax><ymax>306</ymax></bndbox></object></annotation>