<annotation><folder>51--Dresses</folder><filename>51_Dresses_wearingdress_51_634.jpg</filename><path>./WIDER_train/images/51--Dresses/51_Dresses_wearingdress_51_634.jpg</path><source><database>Unknown</database></source><size><width>1024</width><height>659</height><depth>3</depth></size><segmented>0</segmented><object><name>face</name><pose>Unspecified</pose><truncated>0</truncated><difficult>0</difficult><bndbox><xmin>881</xmin><ymin>22</ymin><xmax>921</xmax><ymax>82</ymax></bndbox></object><object><name>face</name><pose>Unspecified</pose><truncated>0</truncated><difficult>0</difficult><bndbox><xmin>581</xmin><ymin>66</ymin><xmax>629</xmax><ymax>128</ymax></bndbox></object><object><name>face</name><pose>Unspecified</pose><truncated>0</truncated><difficult>0</difficult><bndbox><xmin>353</xmin><ymin>69</ymin><xmax>404</xmax><ymax>115</ymax></bndbox></object><object><name>face</name><pose>Unspecified</pose><truncated>0</truncated><difficult>0</difficult><bndbox><xmin>72</xmin><ymin>10</ymin><xmax>120</xmax><ymax>71</ymax></bndbox></object></annotation>