<annotation><folder>51--Dresses</folder><filename>51_Dresses_wearingdress_51_809.jpg</filename><path>./WIDER_train/images/51--Dresses/51_Dresses_wearingdress_51_809.jpg</path><source><database>Unknown</database></source><size><width>1024</width><height>820</height><depth>3</depth></size><segmented>0</segmented><object><name>face</name><pose>Unspecified</pose><truncated>0</truncated><difficult>0</difficult><bndbox><xmin>218</xmin><ymin>44</ymin><xmax>278</xmax><ymax>140</ymax></bndbox></object><object><name>face</name><pose>Unspecified</pose><truncated>0</truncated><difficult>0</difficult><bndbox><xmin>726</xmin><ymin>58</ymin><xmax>816</xmax><ymax>182</ymax></bndbox></object></annotation>