<annotation><folder>51--Dresses</folder><filename>51_Dresses_wearingdress_51_550.jpg</filename><path>./WIDER_train/images/51--Dresses/51_Dresses_wearingdress_51_550.jpg</path><source><database>Unknown</database></source><size><width>1024</width><height>1076</height><depth>3</depth></size><segmented>0</segmented><object><name>face</name><pose>Unspecified</pose><truncated>0</truncated><difficult>0</difficult><bndbox><xmin>206</xmin><ymin>59</ymin><xmax>279</xmax><ymax>156</ymax></bndbox></object><object><name>face</name><pose>Unspecified</pose><truncated>0</truncated><difficult>0</difficult><bndbox><xmin>726</xmin><ymin>63</ymin><xmax>804</xmax><ymax>162</ymax></bndbox></object></annotation>