<annotation><folder>51--Dresses</folder><filename>51_Dresses_wearingdress_51_446.jpg</filename><path>./WIDER_train/images/51--Dresses/51_Dresses_wearingdress_51_446.jpg</path><source><database>Unknown</database></source><size><width>1024</width><height>1024</height><depth>3</depth></size><segmented>0</segmented><object><name>face</name><pose>Unspecified</pose><truncated>0</truncated><difficult>0</difficult><bndbox><xmin>182</xmin><ymin>40</ymin><xmax>266</xmax><ymax>154</ymax></bndbox></object><object><name>face</name><pose>Unspecified</pose><truncated>0</truncated><difficult>0</difficult><bndbox><xmin>754</xmin><ymin>72</ymin><xmax>914</xmax><ymax>298</ymax></bndbox></object></annotation>