<annotation><folder>51--Dresses</folder><filename>51_Dresses_wearingdress_51_956.jpg</filename><path>./WIDER_train/images/51--Dresses/51_Dresses_wearingdress_51_956.jpg</path><source><database>Unknown</database></source><size><width>1024</width><height>947</height><depth>3</depth></size><segmented>0</segmented><object><name>face</name><pose>Unspecified</pose><truncated>0</truncated><difficult>0</difficult><bndbox><xmin>206</xmin><ymin>40</ymin><xmax>282</xmax><ymax>144</ymax></bndbox></object><object><name>face</name><pose>Unspecified</pose><truncated>0</truncated><difficult>0</difficult><bndbox><xmin>760</xmin><ymin>32</ymin><xmax>878</xmax><ymax>224</ymax></bndbox></object></annotation>