<annotation>
	<folder>train</folder>
	<filename>51_Dresses_wearingdress_51_996.jpg</filename>
	<path>D:\mask_dataset\train\51_Dresses_wearingdress_51_996.jpg</path>
	<source>
		<database>Unknown</database>
	</source>
	<size>
		<width>1024</width>
		<height>748</height>
		<depth>3</depth>
	</size>
	<segmented>0</segmented>
	<object>
		<name>face</name>
		<pose>Unspecified</pose>
		<truncated>0</truncated>
		<difficult>0</difficult>
		<bndbox>
			<xmin>904</xmin>
			<ymin>28</ymin>
			<xmax>945</xmax>
			<ymax>87</ymax>
		</bndbox>
	</object>
	<object>
		<name>face</name>
		<pose>Unspecified</pose>
		<truncated>0</truncated>
		<difficult>0</difficult>
		<bndbox>
			<xmin>640</xmin>
			<ymin>44</ymin>
			<xmax>696</xmax>
			<ymax>130</ymax>
		</bndbox>
	</object>
	<object>
		<name>face</name>
		<pose>Unspecified</pose>
		<truncated>0</truncated>
		<difficult>0</difficult>
		<bndbox>
			<xmin>546</xmin>
			<ymin>118</ymin>
			<xmax>591</xmax>
			<ymax>171</ymax>
		</bndbox>
	</object>
	<object>
		<name>face</name>
		<pose>Unspecified</pose>
		<truncated>0</truncated>
		<difficult>0</difficult>
		<bndbox>
			<xmin>158</xmin>
			<ymin>89</ymin>
			<xmax>330</xmax>
			<ymax>316</ymax>
		</bndbox>
	</object>
</annotation>
