<annotation>
	<folder>train</folder>
	<filename>51_Dresses_wearingdress_51_582.jpg</filename>
	<path>D:\mask_dataset\train\51_Dresses_wearingdress_51_582.jpg</path>
	<source>
		<database>Unknown</database>
	</source>
	<size>
		<width>1024</width>
		<height>1024</height>
		<depth>3</depth>
	</size>
	<segmented>0</segmented>
	<object>
		<name>face</name>
		<pose>Unspecified</pose>
		<truncated>0</truncated>
		<difficult>0</difficult>
		<bndbox>
			<xmin>696</xmin>
			<ymin>125</ymin>
			<xmax>896</xmax>
			<ymax>398</ymax>
		</bndbox>
	</object>
	<object>
		<name>face</name>
		<pose>Unspecified</pose>
		<truncated>0</truncated>
		<difficult>0</difficult>
		<bndbox>
			<xmin>277</xmin>
			<ymin>61</ymin>
			<xmax>358</xmax>
			<ymax>170</ymax>
		</bndbox>
	</object>
</annotation>
