<annotation><folder>51--Dresses</folder><filename>51_Dresses_wearingdress_51_509.jpg</filename><path>./WIDER_train/images/51--Dresses/51_Dresses_wearingdress_51_509.jpg</path><source><database>Unknown</database></source><size><width>1024</width><height>978</height><depth>3</depth></size><segmented>0</segmented><object><name>face</name><pose>Unspecified</pose><truncated>0</truncated><difficult>0</difficult><bndbox><xmin>202</xmin><ymin>72</ymin><xmax>280</xmax><ymax>178</ymax></bndbox></object><object><name>face</name><pose>Unspecified</pose><truncated>0</truncated><difficult>0</difficult><bndbox><xmin>728</xmin><ymin>60</ymin><xmax>800</xmax><ymax>170</ymax></bndbox></object></annotation>