<annotation><folder>51--Dresses</folder><filename>51_Dresses_wearingdress_51_548.jpg</filename><path>./WIDER_train/images/51--Dresses/51_Dresses_wearingdress_51_548.jpg</path><source><database>Unknown</database></source><size><width>1024</width><height>1408</height><depth>3</depth></size><segmented>0</segmented><object><name>face</name><pose>Unspecified</pose><truncated>0</truncated><difficult>0</difficult><bndbox><xmin>182</xmin><ymin>765</ymin><xmax>236</xmax><ymax>832</ymax></bndbox></object><object><name>face</name><pose>Unspecified</pose><truncated>0</truncated><difficult>0</difficult><bndbox><xmin>479</xmin><ymin>57</ymin><xmax>589</xmax><ymax>198</ymax></bndbox></object></annotation>