<annotation><folder>51--Dresses</folder><filename>51_Dresses_wearingdress_51_709.jpg</filename><path>./WIDER_train/images/51--Dresses/51_Dresses_wearingdress_51_709.jpg</path><source><database>Unknown</database></source><size><width>1024</width><height>889</height><depth>3</depth></size><segmented>0</segmented><object><name>face</name><pose>Unspecified</pose><truncated>0</truncated><difficult>0</difficult><bndbox><xmin>166</xmin><ymin>22</ymin><xmax>242</xmax><ymax>146</ymax></bndbox></object><object><name>face</name><pose>Unspecified</pose><truncated>0</truncated><difficult>0</difficult><bndbox><xmin>706</xmin><ymin>8</ymin><xmax>772</xmax><ymax>114</ymax></bndbox></object></annotation>