<annotation><folder>51--Dresses</folder><filename>51_Dresses_wearingdress_51_551.jpg</filename><path>./WIDER_train/images/51--Dresses/51_Dresses_wearingdress_51_551.jpg</path><source><database>Unknown</database></source><size><width>1024</width><height>1832</height><depth>3</depth></size><segmented>0</segmented><object><name>face</name><pose>Unspecified</pose><truncated>0</truncated><difficult>0</difficult><bndbox><xmin>86</xmin><ymin>186</ymin><xmax>240</xmax><ymax>429</ymax></bndbox></object><object><name>face</name><pose>Unspecified</pose><truncated>0</truncated><difficult>0</difficult><bndbox><xmin>426</xmin><ymin>201</ymin><xmax>630</xmax><ymax>509</ymax></bndbox></object><object><name>face</name><pose>Unspecified</pose><truncated>0</truncated><difficult>0</difficult><bndbox><xmin>773</xmin><ymin>319</ymin><xmax>923</xmax><ymax>545</ymax></bndbox></object></annotation>