<annotation><folder>51--Dresses</folder><filename>51_Dresses_wearingdress_51_746.jpg</filename><path>./WIDER_train/images/51--Dresses/51_Dresses_wearingdress_51_746.jpg</path><source><database>Unknown</database></source><size><width>1024</width><height>820</height><depth>3</depth></size><segmented>0</segmented><object><name>face</name><pose>Unspecified</pose><truncated>0</truncated><difficult>0</difficult><bndbox><xmin>218</xmin><ymin>32</ymin><xmax>284</xmax><ymax>128</ymax></bndbox></object><object><name>face</name><pose>Unspecified</pose><truncated>0</truncated><difficult>0</difficult><bndbox><xmin>714</xmin><ymin>58</ymin><xmax>816</xmax><ymax>202</ymax></bndbox></object></annotation>