<annotation><folder>51--Dresses</folder><filename>51_Dresses_wearingdress_51_951.jpg</filename><path>./WIDER_train/images/51--Dresses/51_Dresses_wearingdress_51_951.jpg</path><source><database>Unknown</database></source><size><width>1024</width><height>552</height><depth>3</depth></size><segmented>0</segmented><object><name>face</name><pose>Unspecified</pose><truncated>0</truncated><difficult>0</difficult><bndbox><xmin>920</xmin><ymin>37</ymin><xmax>959</xmax><ymax>88</ymax></bndbox></object><object><name>face</name><pose>Unspecified</pose><truncated>0</truncated><difficult>0</difficult><bndbox><xmin>745</xmin><ymin>35</ymin><xmax>785</xmax><ymax>84</ymax></bndbox></object><object><name>face</name><pose>Unspecified</pose><truncated>0</truncated><difficult>0</difficult><bndbox><xmin>583</xmin><ymin>33</ymin><xmax>624</xmax><ymax>83</ymax></bndbox></object><object><name>face</name><pose>Unspecified</pose><truncated>0</truncated><difficult>0</difficult><bndbox><xmin>401</xmin><ymin>28</ymin><xmax>442</xmax><ymax>79</ymax></bndbox></object><object><name>face</name><pose>Unspecified</pose><truncated>0</truncated><difficult>0</difficult><bndbox><xmin>241</xmin><ymin>39</ymin><xmax>280</xmax><ymax>91</ymax></bndbox></object><object><name>face</name><pose>Unspecified</pose><truncated>0</truncated><difficult>0</difficult><bndbox><xmin>63</xmin><ymin>42</ymin><xmax>104</xmax><ymax>97</ymax></bndbox></object></annotation>