<annotation><folder>51--Dresses</folder><filename>51_Dresses_wearingdress_51_524.jpg</filename><path>./WIDER_train/images/51--Dresses/51_Dresses_wearingdress_51_524.jpg</path><source><database>Unknown</database></source><size><width>1024</width><height>1335</height><depth>3</depth></size><segmented>0</segmented><object><name>face</name><pose>Unspecified</pose><truncated>0</truncated><difficult>0</difficult><bndbox><xmin>276</xmin><ymin>128</ymin><xmax>372</xmax><ymax>253</ymax></bndbox></object><object><name>face</name><pose>Unspecified</pose><truncated>0</truncated><difficult>0</difficult><bndbox><xmin>604</xmin><ymin>26</ymin><xmax>700</xmax><ymax>182</ymax></bndbox></object></annotation>