<annotation><folder>51--Dresses</folder><filename>51_Dresses_wearingdress_51_481.jpg</filename><path>./WIDER_train/images/51--Dresses/51_Dresses_wearingdress_51_481.jpg</path><source><database>Unknown</database></source><size><width>1024</width><height>1077</height><depth>3</depth></size><segmented>0</segmented><object><name>face</name><pose>Unspecified</pose><truncated>0</truncated><difficult>0</difficult><bndbox><xmin>223</xmin><ymin>55</ymin><xmax>297</xmax><ymax>162</ymax></bndbox></object><object><name>face</name><pose>Unspecified</pose><truncated>0</truncated><difficult>0</difficult><bndbox><xmin>751</xmin><ymin>114</ymin><xmax>909</xmax><ymax>349</ymax></bndbox></object></annotation>