<annotation><folder>51--Dresses</folder><filename>51_Dresses_wearingdress_51_542.jpg</filename><path>./WIDER_train/images/51--Dresses/51_Dresses_wearingdress_51_542.jpg</path><source><database>Unknown</database></source><size><width>1024</width><height>1077</height><depth>3</depth></size><segmented>0</segmented><object><name>face</name><pose>Unspecified</pose><truncated>0</truncated><difficult>0</difficult><bndbox><xmin>193</xmin><ymin>48</ymin><xmax>290</xmax><ymax>189</ymax></bndbox></object><object><name>face</name><pose>Unspecified</pose><truncated>0</truncated><difficult>0</difficult><bndbox><xmin>505</xmin><ymin>57</ymin><xmax>562</xmax><ymax>158</ymax></bndbox></object><object><name>face</name><pose>Unspecified</pose><truncated>0</truncated><difficult>0</difficult><bndbox><xmin>732</xmin><ymin>80</ymin><xmax>833</xmax><ymax>225</ymax></bndbox></object></annotation>