<annotation>
	<folder>train</folder>
	<filename>51_Dresses_wearingdress_51_715.jpg</filename>
	<path>D:\mask_dataset\train\51_Dresses_wearingdress_51_715.jpg</path>
	<source>
		<database>Unknown</database>
	</source>
	<size>
		<width>1024</width>
		<height>820</height>
		<depth>3</depth>
	</size>
	<segmented>0</segmented>
	<object>
		<name>face</name>
		<pose>Unspecified</pose>
		<truncated>0</truncated>
		<difficult>0</difficult>
		<bndbox>
			<xmin>738</xmin>
			<ymin>48</ymin>
			<xmax>793</xmax>
			<ymax>123</ymax>
		</bndbox>
	</object>
	<object>
		<name>face</name>
		<pose>Unspecified</pose>
		<truncated>0</truncated>
		<difficult>0</difficult>
		<bndbox>
			<xmin>807</xmin>
			<ymin>22</ymin>
			<xmax>847</xmax>
			<ymax>76</ymax>
		</bndbox>
	</object>
	<object>
		<name>face</name>
		<pose>Unspecified</pose>
		<truncated>0</truncated>
		<difficult>0</difficult>
		<bndbox>
			<xmin>599</xmin>
			<ymin>18</ymin>
			<xmax>654</xmax>
			<ymax>90</ymax>
		</bndbox>
	</object>
	<object>
		<name>face</name>
		<pose>Unspecified</pose>
		<truncated>0</truncated>
		<difficult>0</difficult>
		<bndbox>
			<xmin>181</xmin>
			<ymin>73</ymin>
			<xmax>286</xmax>
			<ymax>210</ymax>
		</bndbox>
	</object>
</annotation>
