<annotation><folder>51--Dresses</folder><filename>51_Dresses_wearingdress_51_922.jpg</filename><path>./WIDER_train/images/51--Dresses/51_Dresses_wearingdress_51_922.jpg</path><source><database>Unknown</database></source><size><width>1024</width><height>1364</height><depth>3</depth></size><segmented>0</segmented><object><name>face</name><pose>Unspecified</pose><truncated>0</truncated><difficult>0</difficult><bndbox><xmin>235</xmin><ymin>99</ymin><xmax>320</xmax><ymax>246</ymax></bndbox></object><object><name>face</name><pose>Unspecified</pose><truncated>0</truncated><difficult>0</difficult><bndbox><xmin>661</xmin><ymin>69</ymin><xmax>754</xmax><ymax>229</ymax></bndbox></object></annotation>