<annotation><folder>51--Dresses</folder><filename>51_Dresses_wearingdress_51_466.jpg</filename><path>./WIDER_train/images/51--Dresses/51_Dresses_wearingdress_51_466.jpg</path><source><database>Unknown</database></source><size><width>1024</width><height>792</height><depth>3</depth></size><segmented>0</segmented><object><name>face</name><pose>Unspecified</pose><truncated>0</truncated><difficult>0</difficult><bndbox><xmin>773</xmin><ymin>30</ymin><xmax>822</xmax><ymax>93</ymax></bndbox></object><object><name>face</name><pose>Unspecified</pose><truncated>0</truncated><difficult>0</difficult><bndbox><xmin>232</xmin><ymin>56</ymin><xmax>295</xmax><ymax>139</ymax></bndbox></object></annotation>