<annotation><folder>51--Dresses</folder><filename>51_Dresses_wearingdress_51_1030.jpg</filename><path>./WIDER_train/images/51--Dresses/51_Dresses_wearingdress_51_1030.jpg</path><source><database>Unknown</database></source><size><width>1024</width><height>720</height><depth>3</depth></size><segmented>0</segmented><object><name>face</name><pose>Unspecified</pose><truncated>0</truncated><difficult>0</difficult><bndbox><xmin>242</xmin><ymin>50</ymin><xmax>326</xmax><ymax>164</ymax></bndbox></object><object><name>face</name><pose>Unspecified</pose><truncated>0</truncated><difficult>0</difficult><bndbox><xmin>618</xmin><ymin>118</ymin><xmax>690</xmax><ymax>238</ymax></bndbox></object></annotation>