<annotation><folder>51--Dresses</folder><filename>51_Dresses_wearingdress_51_886.jpg</filename><path>./WIDER_train/images/51--Dresses/51_Dresses_wearingdress_51_886.jpg</path><source><database>Unknown</database></source><size><width>1024</width><height>1170</height><depth>3</depth></size><segmented>0</segmented><object><name>face</name><pose>Unspecified</pose><truncated>0</truncated><difficult>0</difficult><bndbox><xmin>107</xmin><ymin>59</ymin><xmax>208</xmax><ymax>187</ymax></bndbox></object><object><name>face</name><pose>Unspecified</pose><truncated>0</truncated><difficult>0</difficult><bndbox><xmin>466</xmin><ymin>57</ymin><xmax>567</xmax><ymax>192</ymax></bndbox></object><object><name>face</name><pose>Unspecified</pose><truncated>0</truncated><difficult>0</difficult><bndbox><xmin>763</xmin><ymin>82</ymin><xmax>861</xmax><ymax>215</ymax></bndbox></object></annotation>