<annotation><folder>51--Dresses</folder><filename>51_Dresses_wearingdress_51_1023.jpg</filename><path>./WIDER_train/images/51--Dresses/51_Dresses_wearingdress_51_1023.jpg</path><source><database>Unknown</database></source><size><width>1024</width><height>1366</height><depth>3</depth></size><segmented>0</segmented><object><name>face</name><pose>Unspecified</pose><truncated>0</truncated><difficult>0</difficult><bndbox><xmin>275</xmin><ymin>80</ymin><xmax>387</xmax><ymax>240</ymax></bndbox></object><object><name>face</name><pose>Unspecified</pose><truncated>0</truncated><difficult>0</difficult><bndbox><xmin>621</xmin><ymin>77</ymin><xmax>741</xmax><ymax>224</ymax></bndbox></object></annotation>