<annotation>
	<folder>train</folder>
	<filename>51_Dresses_wearingdress_51_984.jpg</filename>
	<path>D:\mask_dataset\train\51_Dresses_wearingdress_51_984.jpg</path>
	<source>
		<database>Unknown</database>
	</source>
	<size>
		<width>1024</width>
		<height>770</height>
		<depth>3</depth>
	</size>
	<segmented>0</segmented>
	<object>
		<name>face</name>
		<pose>Unspecified</pose>
		<truncated>0</truncated>
		<difficult>0</difficult>
		<bndbox>
			<xmin>791</xmin>
			<ymin>257</ymin>
			<xmax>909</xmax>
			<ymax>398</ymax>
		</bndbox>
	</object>
	<object>
		<name>face</name>
		<pose>Unspecified</pose>
		<truncated>0</truncated>
		<difficult>0</difficult>
		<bndbox>
			<xmin>661</xmin>
			<ymin>195</ymin>
			<xmax>785</xmax>
			<ymax>333</ymax>
		</bndbox>
	</object>
	<object>
		<name>face</name>
		<pose>Unspecified</pose>
		<truncated>0</truncated>
		<difficult>0</difficult>
		<bndbox>
			<xmin>406</xmin>
			<ymin>229</ymin>
			<xmax>501</xmax>
			<ymax>350</ymax>
		</bndbox>
	</object>
	<object>
		<name>face</name>
		<pose>Unspecified</pose>
		<truncated>0</truncated>
		<difficult>0</difficult>
		<bndbox>
			<xmin>142</xmin>
			<ymin>202</ymin>
			<xmax>265</xmax>
			<ymax>323</ymax>
		</bndbox>
	</object>
</annotation>
