<annotation><folder>51--Dresses</folder><filename>51_Dresses_wearingdress_51_801.jpg</filename><path>./WIDER_train/images/51--Dresses/51_Dresses_wearingdress_51_801.jpg</path><source><database>Unknown</database></source><size><width>1024</width><height>1365</height><depth>3</depth></size><segmented>0</segmented><object><name>face</name><pose>Unspecified</pose><truncated>0</truncated><difficult>0</difficult><bndbox><xmin>197</xmin><ymin>304</ymin><xmax>789</xmax><ymax>1099</ymax></bndbox></object><object><name>face</name><pose>Unspecified</pose><truncated>0</truncated><difficult>0</difficult><bndbox><xmin>843</xmin><ymin>603</ymin><xmax>1024</xmax><ymax>955</ymax></bndbox></object><object><name>face</name><pose>Unspecified</pose><truncated>0</truncated><difficult>0</difficult><bndbox><xmin>8</xmin><ymin>533</ymin><xmax>205</xmax><ymax>1037</ymax></bndbox></object></annotation>