<annotation><folder>51--Dresses</folder><filename>51_Dresses_wearingdress_51_915.jpg</filename><path>./WIDER_train/images/51--Dresses/51_Dresses_wearingdress_51_915.jpg</path><source><database>Unknown</database></source><size><width>1024</width><height>792</height><depth>3</depth></size><segmented>0</segmented><object><name>face</name><pose>Unspecified</pose><truncated>0</truncated><difficult>0</difficult><bndbox><xmin>774</xmin><ymin>72</ymin><xmax>823</xmax><ymax>134</ymax></bndbox></object><object><name>face</name><pose>Unspecified</pose><truncated>0</truncated><difficult>0</difficult><bndbox><xmin>200</xmin><ymin>127</ymin><xmax>374</xmax><ymax>359</ymax></bndbox></object><object><name>face</name><pose>Unspecified</pose><truncated>0</truncated><difficult>0</difficult><bndbox><xmin>118</xmin><ymin>17</ymin><xmax>263</xmax><ymax>221</ymax></bndbox></object></annotation>