<annotation><folder>51--Dresses</folder><filename>51_Dresses_wearingdress_51_1037.jpg</filename><path>./WIDER_train/images/51--Dresses/51_Dresses_wearingdress_51_1037.jpg</path><source><database>Unknown</database></source><size><width>1024</width><height>1516</height><depth>3</depth></size><segmented>0</segmented><object><name>face</name><pose>Unspecified</pose><truncated>0</truncated><difficult>0</difficult><bndbox><xmin>358</xmin><ymin>249</ymin><xmax>444</xmax><ymax>391</ymax></bndbox></object><object><name>face</name><pose>Unspecified</pose><truncated>0</truncated><difficult>0</difficult><bndbox><xmin>604</xmin><ymin>240</ymin><xmax>716</xmax><ymax>391</ymax></bndbox></object></annotation>