<annotation><folder>51--Dresses</folder><filename>51_Dresses_wearingdress_51_885.jpg</filename><path>./WIDER_train/images/51--Dresses/51_Dresses_wearingdress_51_885.jpg</path><source><database>Unknown</database></source><size><width>1024</width><height>912</height><depth>3</depth></size><segmented>0</segmented><object><name>face</name><pose>Unspecified</pose><truncated>0</truncated><difficult>0</difficult><bndbox><xmin>148</xmin><ymin>38</ymin><xmax>222</xmax><ymax>144</ymax></bndbox></object><object><name>face</name><pose>Unspecified</pose><truncated>0</truncated><difficult>0</difficult><bndbox><xmin>514</xmin><ymin>56</ymin><xmax>580</xmax><ymax>148</ymax></bndbox></object><object><name>face</name><pose>Unspecified</pose><truncated>0</truncated><difficult>0</difficult><bndbox><xmin>800</xmin><ymin>44</ymin><xmax>882</xmax><ymax>170</ymax></bndbox></object></annotation>