<annotation><folder>51--Dresses</folder><filename>51_Dresses_wearingdress_51_503.jpg</filename><path>./WIDER_train/images/51--Dresses/51_Dresses_wearingdress_51_503.jpg</path><source><database>Unknown</database></source><size><width>1024</width><height>1180</height><depth>3</depth></size><segmented>0</segmented><object><name>face</name><pose>Unspecified</pose><truncated>0</truncated><difficult>0</difficult><bndbox><xmin>193</xmin><ymin>64</ymin><xmax>285</xmax><ymax>202</ymax></bndbox></object><object><name>face</name><pose>Unspecified</pose><truncated>0</truncated><difficult>0</difficult><bndbox><xmin>782</xmin><ymin>18</ymin><xmax>863</xmax><ymax>147</ymax></bndbox></object></annotation>