<annotation><folder>51--Dresses</folder><filename>51_Dresses_wearingdress_51_823.jpg</filename><path>./WIDER_train/images/51--Dresses/51_Dresses_wearingdress_51_823.jpg</path><source><database>Unknown</database></source><size><width>1024</width><height>1768</height><depth>3</depth></size><segmented>0</segmented><object><name>face</name><pose>Unspecified</pose><truncated>0</truncated><difficult>0</difficult><bndbox><xmin>7</xmin><ymin>179</ymin><xmax>86</xmax><ymax>293</ymax></bndbox></object><object><name>face</name><pose>Unspecified</pose><truncated>0</truncated><difficult>0</difficult><bndbox><xmin>445</xmin><ymin>197</ymin><xmax>569</xmax><ymax>383</ymax></bndbox></object><object><name>face</name><pose>Unspecified</pose><truncated>0</truncated><difficult>0</difficult><bndbox><xmin>662</xmin><ymin>207</ymin><xmax>755</xmax><ymax>338</ymax></bndbox></object></annotation>