<annotation><folder>51--Dresses</folder><filename>51_Dresses_wearingdress_51_865.jpg</filename><path>./WIDER_train/images/51--Dresses/51_Dresses_wearingdress_51_865.jpg</path><source><database>Unknown</database></source><size><width>1024</width><height>985</height><depth>3</depth></size><segmented>0</segmented><object><name>face</name><pose>Unspecified</pose><truncated>0</truncated><difficult>0</difficult><bndbox><xmin>446</xmin><ymin>42</ymin><xmax>524</xmax><ymax>148</ymax></bndbox></object><object><name>face</name><pose>Unspecified</pose><truncated>0</truncated><difficult>0</difficult><bndbox><xmin>620</xmin><ymin>144</ymin><xmax>688</xmax><ymax>238</ymax></bndbox></object></annotation>