<annotation><folder>51--Dresses</folder><filename>51_Dresses_wearingdress_51_913.jpg</filename><path>./WIDER_train/images/51--Dresses/51_Dresses_wearingdress_51_913.jpg</path><source><database>Unknown</database></source><size><width>1024</width><height>1540</height><depth>3</depth></size><segmented>0</segmented><object><name>face</name><pose>Unspecified</pose><truncated>0</truncated><difficult>0</difficult><bndbox><xmin>461</xmin><ymin>133</ymin><xmax>575</xmax><ymax>293</ymax></bndbox></object><object><name>face</name><pose>Unspecified</pose><truncated>0</truncated><difficult>0</difficult><bndbox><xmin>943</xmin><ymin>343</ymin><xmax>1021</xmax><ymax>469</ymax></bndbox></object></annotation>