<annotation><folder>51--Dresses</folder><filename>51_Dresses_wearingdress_51_627.jpg</filename><path>./WIDER_train/images/51--Dresses/51_Dresses_wearingdress_51_627.jpg</path><source><database>Unknown</database></source><size><width>1024</width><height>840</height><depth>3</depth></size><segmented>0</segmented><object><name>face</name><pose>Unspecified</pose><truncated>0</truncated><difficult>0</difficult><bndbox><xmin>170</xmin><ymin>26</ymin><xmax>232</xmax><ymax>118</ymax></bndbox></object><object><name>face</name><pose>Unspecified</pose><truncated>0</truncated><difficult>0</difficult><bndbox><xmin>606</xmin><ymin>16</ymin><xmax>802</xmax><ymax>302</ymax></bndbox></object></annotation>