<annotation><folder>51--Dresses</folder><filename>51_Dresses_wearingdress_51_728.jpg</filename><path>./WIDER_train/images/51--Dresses/51_Dresses_wearingdress_51_728.jpg</path><source><database>Unknown</database></source><size><width>1024</width><height>1024</height><depth>3</depth></size><segmented>0</segmented><object><name>face</name><pose>Unspecified</pose><truncated>0</truncated><difficult>0</difficult><bndbox><xmin>408</xmin><ymin>198</ymin><xmax>472</xmax><ymax>300</ymax></bndbox></object><object><name>face</name><pose>Unspecified</pose><truncated>0</truncated><difficult>0</difficult><bndbox><xmin>540</xmin><ymin>130</ymin><xmax>608</xmax><ymax>232</ymax></bndbox></object></annotation>