<annotation><folder>51--Dresses</folder><filename>51_Dresses_wearingdress_51_488.jpg</filename><path>./WIDER_train/images/51--Dresses/51_Dresses_wearingdress_51_488.jpg</path><source><database>Unknown</database></source><size><width>1024</width><height>1527</height><depth>3</depth></size><segmented>0</segmented><object><name>face</name><pose>Unspecified</pose><truncated>0</truncated><difficult>0</difficult><bndbox><xmin>656</xmin><ymin>200</ymin><xmax>693</xmax><ymax>247</ymax></bndbox></object><object><name>face</name><pose>Unspecified</pose><truncated>0</truncated><difficult>0</difficult><bndbox><xmin>454</xmin><ymin>113</ymin><xmax>552</xmax><ymax>254</ymax></bndbox></object></annotation>