<annotation><folder>51--Dresses</folder><filename>51_Dresses_wearingdress_51_779.jpg</filename><path>./WIDER_train/images/51--Dresses/51_Dresses_wearingdress_51_779.jpg</path><source><database>Unknown</database></source><size><width>1024</width><height>978</height><depth>3</depth></size><segmented>0</segmented><object><name>face</name><pose>Unspecified</pose><truncated>0</truncated><difficult>0</difficult><bndbox><xmin>244</xmin><ymin>54</ymin><xmax>320</xmax><ymax>158</ymax></bndbox></object><object><name>face</name><pose>Unspecified</pose><truncated>0</truncated><difficult>0</difficult><bndbox><xmin>714</xmin><ymin>52</ymin><xmax>790</xmax><ymax>160</ymax></bndbox></object></annotation>