<annotation><folder>51--Dresses</folder><filename>51_Dresses_wearingdress_51_825.jpg</filename><path>./WIDER_train/images/51--Dresses/51_Dresses_wearingdress_51_825.jpg</path><source><database>Unknown</database></source><size><width>1024</width><height>1541</height><depth>3</depth></size><segmented>0</segmented><object><name>face</name><pose>Unspecified</pose><truncated>0</truncated><difficult>0</difficult><bndbox><xmin>310</xmin><ymin>232</ymin><xmax>412</xmax><ymax>395</ymax></bndbox></object><object><name>face</name><pose>Unspecified</pose><truncated>0</truncated><difficult>0</difficult><bndbox><xmin>569</xmin><ymin>154</ymin><xmax>683</xmax><ymax>311</ymax></bndbox></object></annotation>