<annotation><folder>51--Dresses</folder><filename>51_Dresses_wearingdress_51_921.jpg</filename><path>./WIDER_train/images/51--Dresses/51_Dresses_wearingdress_51_921.jpg</path><source><database>Unknown</database></source><size><width>1024</width><height>1276</height><depth>3</depth></size><segmented>0</segmented><object><name>face</name><pose>Unspecified</pose><truncated>0</truncated><difficult>0</difficult><bndbox><xmin>37</xmin><ymin>326</ymin><xmax>513</xmax><ymax>827</ymax></bndbox></object><object><name>face</name><pose>Unspecified</pose><truncated>0</truncated><difficult>0</difficult><bndbox><xmin>790</xmin><ymin>434</ymin><xmax>932</xmax><ymax>726</ymax></bndbox></object></annotation>