<annotation><folder>51--Dresses</folder><filename>51_Dresses_wearingdress_51_663.jpg</filename><path>./WIDER_train/images/51--Dresses/51_Dresses_wearingdress_51_663.jpg</path><source><database>Unknown</database></source><size><width>1024</width><height>1589</height><depth>3</depth></size><segmented>0</segmented><object><name>face</name><pose>Unspecified</pose><truncated>0</truncated><difficult>0</difficult><bndbox><xmin>375</xmin><ymin>87</ymin><xmax>512</xmax><ymax>289</ymax></bndbox></object><object><name>face</name><pose>Unspecified</pose><truncated>0</truncated><difficult>0</difficult><bndbox><xmin>583</xmin><ymin>102</ymin><xmax>729</xmax><ymax>301</ymax></bndbox></object></annotation>