<annotation><folder>51--Dresses</folder><filename>51_Dresses_wearingdress_51_864.jpg</filename><path>./WIDER_train/images/51--Dresses/51_Dresses_wearingdress_51_864.jpg</path><source><database>Unknown</database></source><size><width>1024</width><height>1639</height><depth>3</depth></size><segmented>0</segmented><object><name>face</name><pose>Unspecified</pose><truncated>0</truncated><difficult>0</difficult><bndbox><xmin>179</xmin><ymin>93</ymin><xmax>301</xmax><ymax>272</ymax></bndbox></object><object><name>face</name><pose>Unspecified</pose><truncated>0</truncated><difficult>0</difficult><bndbox><xmin>691</xmin><ymin>102</ymin><xmax>816</xmax><ymax>281</ymax></bndbox></object></annotation>