<annotation><folder>51--Dresses</folder><filename>51_Dresses_wearingdress_51_543.jpg</filename><path>./WIDER_train/images/51--Dresses/51_Dresses_wearingdress_51_543.jpg</path><source><database>Unknown</database></source><size><width>1024</width><height>811</height><depth>3</depth></size><segmented>0</segmented><object><name>face</name><pose>Unspecified</pose><truncated>0</truncated><difficult>0</difficult><bndbox><xmin>220</xmin><ymin>14</ymin><xmax>306</xmax><ymax>128</ymax></bndbox></object><object><name>face</name><pose>Unspecified</pose><truncated>0</truncated><difficult>0</difficult><bndbox><xmin>738</xmin><ymin>30</ymin><xmax>820</xmax><ymax>140</ymax></bndbox></object></annotation>