<annotation><folder>51--Dresses</folder><filename>51_Dresses_wearingdress_51_751.jpg</filename><path>./WIDER_train/images/51--Dresses/51_Dresses_wearingdress_51_751.jpg</path><source><database>Unknown</database></source><size><width>1024</width><height>1077</height><depth>3</depth></size><segmented>0</segmented><object><name>face</name><pose>Unspecified</pose><truncated>0</truncated><difficult>0</difficult><bndbox><xmin>204</xmin><ymin>69</ymin><xmax>286</xmax><ymax>170</ymax></bndbox></object><object><name>face</name><pose>Unspecified</pose><truncated>0</truncated><difficult>0</difficult><bndbox><xmin>702</xmin><ymin>57</ymin><xmax>771</xmax><ymax>168</ymax></bndbox></object></annotation>