<annotation><folder>51--Dresses</folder><filename>51_Dresses_wearingdress_51_511.jpg</filename><path>./WIDER_train/images/51--Dresses/51_Dresses_wearingdress_51_511.jpg</path><source><database>Unknown</database></source><size><width>1024</width><height>1024</height><depth>3</depth></size><segmented>0</segmented><object><name>face</name><pose>Unspecified</pose><truncated>0</truncated><difficult>0</difficult><bndbox><xmin>240</xmin><ymin>48</ymin><xmax>298</xmax><ymax>130</ymax></bndbox></object><object><name>face</name><pose>Unspecified</pose><truncated>0</truncated><difficult>0</difficult><bndbox><xmin>738</xmin><ymin>74</ymin><xmax>800</xmax><ymax>150</ymax></bndbox></object><object><name>face</name><pose>Unspecified</pose><truncated>0</truncated><difficult>0</difficult><bndbox><xmin>930</xmin><ymin>844</ymin><xmax>988</xmax><ymax>916</ymax></bndbox></object></annotation>