<annotation><folder>51--Dresses</folder><filename>51_Dresses_wearingdress_51_505.jpg</filename><path>./WIDER_train/images/51--Dresses/51_Dresses_wearingdress_51_505.jpg</path><source><database>Unknown</database></source><size><width>1024</width><height>1000</height><depth>3</depth></size><segmented>0</segmented><object><name>face</name><pose>Unspecified</pose><truncated>0</truncated><difficult>0</difficult><bndbox><xmin>182</xmin><ymin>24</ymin><xmax>262</xmax><ymax>136</ymax></bndbox></object><object><name>face</name><pose>Unspecified</pose><truncated>0</truncated><difficult>0</difficult><bndbox><xmin>474</xmin><ymin>36</ymin><xmax>558</xmax><ymax>156</ymax></bndbox></object><object><name>face</name><pose>Unspecified</pose><truncated>0</truncated><difficult>0</difficult><bndbox><xmin>818</xmin><ymin>52</ymin><xmax>898</xmax><ymax>172</ymax></bndbox></object></annotation>