<annotation><folder>51--Dresses</folder><filename>51_Dresses_wearingdress_51_796.jpg</filename><path>./WIDER_train/images/51--Dresses/51_Dresses_wearingdress_51_796.jpg</path><source><database>Unknown</database></source><size><width>1024</width><height>721</height><depth>3</depth></size><segmented>0</segmented><object><name>face</name><pose>Unspecified</pose><truncated>0</truncated><difficult>0</difficult><bndbox><xmin>98</xmin><ymin>48</ymin><xmax>162</xmax><ymax>144</ymax></bndbox></object><object><name>face</name><pose>Unspecified</pose><truncated>0</truncated><difficult>0</difficult><bndbox><xmin>392</xmin><ymin>50</ymin><xmax>454</xmax><ymax>144</ymax></bndbox></object><object><name>face</name><pose>Unspecified</pose><truncated>0</truncated><difficult>0</difficult><bndbox><xmin>828</xmin><ymin>66</ymin><xmax>910</xmax><ymax>184</ymax></bndbox></object></annotation>