<annotation><folder>51--Dresses</folder><filename>51_Dresses_wearingdress_51_564.jpg</filename><path>./WIDER_train/images/51--Dresses/51_Dresses_wearingdress_51_564.jpg</path><source><database>Unknown</database></source><size><width>1024</width><height>1162</height><depth>3</depth></size><segmented>0</segmented><object><name>face</name><pose>Unspecified</pose><truncated>0</truncated><difficult>0</difficult><bndbox><xmin>236</xmin><ymin>66</ymin><xmax>318</xmax><ymax>184</ymax></bndbox></object><object><name>face</name><pose>Unspecified</pose><truncated>0</truncated><difficult>0</difficult><bndbox><xmin>463</xmin><ymin>61</ymin><xmax>552</xmax><ymax>179</ymax></bndbox></object></annotation>