<annotation><folder>51--Dresses</folder><filename>51_Dresses_wearingdress_51_873.jpg</filename><path>./WIDER_train/images/51--Dresses/51_Dresses_wearingdress_51_873.jpg</path><source><database>Unknown</database></source><size><width>1024</width><height>768</height><depth>3</depth></size><segmented>0</segmented><object><name>face</name><pose>Unspecified</pose><truncated>0</truncated><difficult>0</difficult><bndbox><xmin>278</xmin><ymin>194</ymin><xmax>416</xmax><ymax>388</ymax></bndbox></object><object><name>face</name><pose>Unspecified</pose><truncated>0</truncated><difficult>0</difficult><bndbox><xmin>506</xmin><ymin>238</ymin><xmax>642</xmax><ymax>416</ymax></bndbox></object></annotation>