<annotation><folder>51--Dresses</folder><filename>51_Dresses_wearingdress_51_742.jpg</filename><path>./WIDER_train/images/51--Dresses/51_Dresses_wearingdress_51_742.jpg</path><source><database>Unknown</database></source><size><width>1024</width><height>1650</height><depth>3</depth></size><segmented>0</segmented><object><name>face</name><pose>Unspecified</pose><truncated>0</truncated><difficult>0</difficult><bndbox><xmin>251</xmin><ymin>155</ymin><xmax>354</xmax><ymax>303</ymax></bndbox></object><object><name>face</name><pose>Unspecified</pose><truncated>0</truncated><difficult>0</difficult><bndbox><xmin>937</xmin><ymin>267</ymin><xmax>998</xmax><ymax>351</ymax></bndbox></object></annotation>