<annotation><folder>52--Photographers</folder><filename>52_Photographers_photographertakingphoto_52_363.jpg</filename><path>./WIDER_train/images/52--Photographers/52_Photographers_photographertakingphoto_52_363.jpg</path><source><database>Unknown</database></source><size><width>1024</width><height>859</height><depth>3</depth></size><segmented>0</segmented><object><name>face</name><pose>Unspecified</pose><truncated>0</truncated><difficult>0</difficult><bndbox><xmin>286</xmin><ymin>112</ymin><xmax>586</xmax><ymax>506</ymax></bndbox></object></annotation>