<annotation><folder>52--Photographers</folder><filename>52_Photographers_taketouristphotos_52_486.jpg</filename><path>./WIDER_train/images/52--Photographers/52_Photographers_taketouristphotos_52_486.jpg</path><source><database>Unknown</database></source><size><width>1024</width><height>364</height><depth>3</depth></size><segmented>0</segmented><object><name>face</name><pose>Unspecified</pose><truncated>0</truncated><difficult>0</difficult><bndbox><xmin>90</xmin><ymin>6</ymin><xmax>360</xmax><ymax>360</ymax></bndbox></object><object><name>face</name><pose>Unspecified</pose><truncated>0</truncated><difficult>0</difficult><bndbox><xmin>666</xmin><ymin>54</ymin><xmax>878</xmax><ymax>332</ymax></bndbox></object></annotation>