<annotation><folder>52--Photographers</folder><filename>52_Photographers_photographertakingphoto_52_491.jpg</filename><path>./WIDER_train/images/52--Photographers/52_Photographers_photographertakingphoto_52_491.jpg</path><source><database>Unknown</database></source><size><width>1024</width><height>474</height><depth>3</depth></size><segmented>0</segmented><object><name>face</name><pose>Unspecified</pose><truncated>0</truncated><difficult>0</difficult><bndbox><xmin>44</xmin><ymin>164</ymin><xmax>280</xmax><ymax>462</ymax></bndbox></object></annotation>