<annotation><folder>52--Photographers</folder><filename>52_Photographers_taketouristphotos_52_75.jpg</filename><path>./WIDER_train/images/52--Photographers/52_Photographers_taketouristphotos_52_75.jpg</path><source><database>Unknown</database></source><size><width>1024</width><height>624</height><depth>3</depth></size><segmented>0</segmented><object><name>face</name><pose>Unspecified</pose><truncated>0</truncated><difficult>0</difficult><bndbox><xmin>232</xmin><ymin>250</ymin><xmax>332</xmax><ymax>414</ymax></bndbox></object><object><name>face</name><pose>Unspecified</pose><truncated>0</truncated><difficult>0</difficult><bndbox><xmin>530</xmin><ymin>74</ymin><xmax>690</xmax><ymax>270</ymax></bndbox></object></annotation>