<annotation><folder>52--Photographers</folder><filename>52_Photographers_photographertakingphoto_52_806.jpg</filename><path>./WIDER_train/images/52--Photographers/52_Photographers_photographertakingphoto_52_806.jpg</path><source><database>Unknown</database></source><size><width>1024</width><height>1532</height><depth>3</depth></size><segmented>0</segmented><object><name>face</name><pose>Unspecified</pose><truncated>0</truncated><difficult>0</difficult><bndbox><xmin>596</xmin><ymin>287</ymin><xmax>755</xmax><ymax>512</ymax></bndbox></object></annotation>