<annotation><folder>52--Photographers</folder><filename>52_Photographers_photographertakingphoto_52_698.jpg</filename><path>./WIDER_train/images/52--Photographers/52_Photographers_photographertakingphoto_52_698.jpg</path><source><database>Unknown</database></source><size><width>1024</width><height>765</height><depth>3</depth></size><segmented>0</segmented><object><name>face</name><pose>Unspecified</pose><truncated>0</truncated><difficult>0</difficult><bndbox><xmin>204</xmin><ymin>242</ymin><xmax>344</xmax><ymax>426</ymax></bndbox></object><object><name>face</name><pose>Unspecified</pose><truncated>0</truncated><difficult>0</difficult><bndbox><xmin>728</xmin><ymin>200</ymin><xmax>852</xmax><ymax>420</ymax></bndbox></object></annotation>