<annotation><folder>52--Photographers</folder><filename>52_Photographers_photographertakingphoto_52_829.jpg</filename><path>./WIDER_train/images/52--Photographers/52_Photographers_photographertakingphoto_52_829.jpg</path><source><database>Unknown</database></source><size><width>1024</width><height>792</height><depth>3</depth></size><segmented>0</segmented><object><name>face</name><pose>Unspecified</pose><truncated>0</truncated><difficult>0</difficult><bndbox><xmin>300</xmin><ymin>66</ymin><xmax>706</xmax><ymax>626</ymax></bndbox></object></annotation>