<annotation><folder>52--Photographers</folder><filename>52_Photographers_photographertakingphoto_52_717.jpg</filename><path>./WIDER_train/images/52--Photographers/52_Photographers_photographertakingphoto_52_717.jpg</path><source><database>Unknown</database></source><size><width>1024</width><height>577</height><depth>3</depth></size><segmented>0</segmented><object><name>face</name><pose>Unspecified</pose><truncated>0</truncated><difficult>0</difficult><bndbox><xmin>592</xmin><ymin>82</ymin><xmax>744</xmax><ymax>260</ymax></bndbox></object></annotation>