<annotation><folder>52--Photographers</folder><filename>52_Photographers_photographertakingphoto_52_502.jpg</filename><path>./WIDER_train/images/52--Photographers/52_Photographers_photographertakingphoto_52_502.jpg</path><source><database>Unknown</database></source><size><width>1024</width><height>768</height><depth>3</depth></size><segmented>0</segmented><object><name>face</name><pose>Unspecified</pose><truncated>0</truncated><difficult>0</difficult><bndbox><xmin>782</xmin><ymin>116</ymin><xmax>888</xmax><ymax>266</ymax></bndbox></object></annotation>