<annotation><folder>52--Photographers</folder><filename>52_Photographers_taketouristphotos_52_27.jpg</filename><path>./WIDER_train/images/52--Photographers/52_Photographers_taketouristphotos_52_27.jpg</path><source><database>Unknown</database></source><size><width>1024</width><height>640</height><depth>3</depth></size><segmented>0</segmented><object><name>face</name><pose>Unspecified</pose><truncated>0</truncated><difficult>0</difficult><bndbox><xmin>688</xmin><ymin>108</ymin><xmax>858</xmax><ymax>336</ymax></bndbox></object></annotation>