<annotation><folder>52--Photographers</folder><filename>52_Photographers_photographertakingphoto_52_335.jpg</filename><path>./WIDER_train/images/52--Photographers/52_Photographers_photographertakingphoto_52_335.jpg</path><source><database>Unknown</database></source><size><width>1024</width><height>820</height><depth>3</depth></size><segmented>0</segmented><object><name>face</name><pose>Unspecified</pose><truncated>0</truncated><difficult>0</difficult><bndbox><xmin>152</xmin><ymin>74</ymin><xmax>534</xmax><ymax>542</ymax></bndbox></object><object><name>face</name><pose>Unspecified</pose><truncated>0</truncated><difficult>0</difficult><bndbox><xmin>580</xmin><ymin>130</ymin><xmax>972</xmax><ymax>590</ymax></bndbox></object></annotation>