<annotation><folder>52--Photographers</folder><filename>52_Photographers_taketouristphotos_52_24.jpg</filename><path>./WIDER_train/images/52--Photographers/52_Photographers_taketouristphotos_52_24.jpg</path><source><database>Unknown</database></source><size><width>1024</width><height>537</height><depth>3</depth></size><segmented>0</segmented><object><name>face</name><pose>Unspecified</pose><truncated>0</truncated><difficult>0</difficult><bndbox><xmin>402</xmin><ymin>54</ymin><xmax>508</xmax><ymax>238</ymax></bndbox></object><object><name>face</name><pose>Unspecified</pose><truncated>0</truncated><difficult>0</difficult><bndbox><xmin>586</xmin><ymin>142</ymin><xmax>684</xmax><ymax>292</ymax></bndbox></object></annotation>