<annotation><folder>52--Photographers</folder><filename>52_Photographers_photographertakingphoto_52_644.jpg</filename><path>./WIDER_train/images/52--Photographers/52_Photographers_photographertakingphoto_52_644.jpg</path><source><database>Unknown</database></source><size><width>1024</width><height>1265</height><depth>3</depth></size><segmented>0</segmented><object><name>face</name><pose>Unspecified</pose><truncated>0</truncated><difficult>0</difficult><bndbox><xmin>303</xmin><ymin>259</ymin><xmax>740</xmax><ymax>910</ymax></bndbox></object></annotation>