<annotation><folder>52--Photographers</folder><filename>52_Photographers_photographertakingphoto_52_1011.jpg</filename><path>./WIDER_train/images/52--Photographers/52_Photographers_photographertakingphoto_52_1011.jpg</path><source><database>Unknown</database></source><size><width>1024</width><height>768</height><depth>3</depth></size><segmented>0</segmented><object><name>face</name><pose>Unspecified</pose><truncated>0</truncated><difficult>0</difficult><bndbox><xmin>501</xmin><ymin>272</ymin><xmax>540</xmax><ymax>327</ymax></bndbox></object></annotation>