<annotation><folder>52--Photographers</folder><filename>52_Photographers_photographertakingphoto_52_761.jpg</filename><path>./WIDER_train/images/52--Photographers/52_Photographers_photographertakingphoto_52_761.jpg</path><source><database>Unknown</database></source><size><width>1024</width><height>793</height><depth>3</depth></size><segmented>0</segmented><object><name>face</name><pose>Unspecified</pose><truncated>0</truncated><difficult>0</difficult><bndbox><xmin>394</xmin><ymin>190</ymin><xmax>552</xmax><ymax>460</ymax></bndbox></object><object><name>face</name><pose>Unspecified</pose><truncated>0</truncated><difficult>0</difficult><bndbox><xmin>568</xmin><ymin>110</ymin><xmax>754</xmax><ymax>378</ymax></bndbox></object></annotation>