<annotation><folder>52--Photographers</folder><filename>52_Photographers_photographertakingphoto_52_813.jpg</filename><path>./WIDER_train/images/52--Photographers/52_Photographers_photographertakingphoto_52_813.jpg</path><source><database>Unknown</database></source><size><width>1024</width><height>1434</height><depth>3</depth></size><segmented>0</segmented><object><name>face</name><pose>Unspecified</pose><truncated>0</truncated><difficult>0</difficult><bndbox><xmin>355</xmin><ymin>481</ymin><xmax>419</xmax><ymax>579</ymax></bndbox></object><object><name>face</name><pose>Unspecified</pose><truncated>0</truncated><difficult>0</difficult><bndbox><xmin>568</xmin><ymin>422</ymin><xmax>644</xmax><ymax>526</ymax></bndbox></object></annotation>