<annotation><folder>52--Photographers</folder><filename>52_Photographers_photographertakingphoto_52_725.jpg</filename><path>./WIDER_train/images/52--Photographers/52_Photographers_photographertakingphoto_52_725.jpg</path><source><database>Unknown</database></source><size><width>1024</width><height>1537</height><depth>3</depth></size><segmented>0</segmented><object><name>face</name><pose>Unspecified</pose><truncated>0</truncated><difficult>0</difficult><bndbox><xmin>435</xmin><ymin>216</ymin><xmax>630</xmax><ymax>531</ymax></bndbox></object></annotation>