<annotation><folder>59--people--driving--car</folder><filename>59_peopledrivingcar_peopledrivingcar_59_245.jpg</filename><path>./WIDER_train/images/59--people--driving--car/59_peopledrivingcar_peopledrivingcar_59_245.jpg</path><source><database>Unknown</database></source><size><width>1024</width><height>411</height><depth>3</depth></size><segmented>0</segmented><object><name>face</name><pose>Unspecified</pose><truncated>0</truncated><difficult>0</difficult><bndbox><xmin>552</xmin><ymin>0</ymin><xmax>754</xmax><ymax>240</ymax></bndbox></object></annotation>