<annotation><folder>59--people--driving--car</folder><filename>59_peopledrivingcar_peopledrivingcar_59_416.jpg</filename><path>./WIDER_train/images/59--people--driving--car/59_peopledrivingcar_peopledrivingcar_59_416.jpg</path><source><database>Unknown</database></source><size><width>1024</width><height>661</height><depth>3</depth></size><segmented>0</segmented><object><name>face</name><pose>Unspecified</pose><truncated>0</truncated><difficult>0</difficult><bndbox><xmin>722</xmin><ymin>204</ymin><xmax>844</xmax><ymax>368</ymax></bndbox></object></annotation>