<annotation>
	<folder>train</folder>
	<filename>59_peopledrivingcar_peopledrivingcar_59_925.jpg</filename>
	<path>D:\mask_dataset\train\59_peopledrivingcar_peopledrivingcar_59_925.jpg</path>
	<source>
		<database>Unknown</database>
	</source>
	<size>
		<width>1024</width>
		<height>912</height>
		<depth>3</depth>
	</size>
	<segmented>0</segmented>
	<object>
		<name>face</name>
		<pose>Unspecified</pose>
		<truncated>0</truncated>
		<difficult>0</difficult>
		<bndbox>
			<xmin>660</xmin>
			<ymin>158</ymin>
			<xmax>802</xmax>
			<ymax>345</ymax>
		</bndbox>
	</object>
	<object>
		<name>face</name>
		<pose>Unspecified</pose>
		<truncated>0</truncated>
		<difficult>0</difficult>
		<bndbox>
			<xmin>302</xmin>
			<ymin>122</ymin>
			<xmax>438</xmax>
			<ymax>300</ymax>
		</bndbox>
	</object>
</annotation>
