<annotation><folder>59--people--driving--car</folder><filename>59_peopledrivingcar_peopledrivingcar_59_189.jpg</filename><path>./WIDER_train/images/59--people--driving--car/59_peopledrivingcar_peopledrivingcar_59_189.jpg</path><source><database>Unknown</database></source><size><width>1024</width><height>763</height><depth>3</depth></size><segmented>0</segmented><object><name>face</name><pose>Unspecified</pose><truncated>0</truncated><difficult>0</difficult><bndbox><xmin>654</xmin><ymin>134</ymin><xmax>806</xmax><ymax>394</ymax></bndbox></object><object><name>face</name><pose>Unspecified</pose><truncated>0</truncated><difficult>0</difficult><bndbox><xmin>506</xmin><ymin>230</ymin><xmax>658</xmax><ymax>440</ymax></bndbox></object></annotation>