<annotation><folder>61--Street_Battle</folder><filename>61_Street_Battle_streetfight_61_809.jpg</filename><path>./WIDER_train/images/61--Street_Battle/61_Street_Battle_streetfight_61_809.jpg</path><source><database>Unknown</database></source><size><width>1024</width><height>960</height><depth>3</depth></size><segmented>0</segmented><object><name>face</name><pose>Unspecified</pose><truncated>0</truncated><difficult>0</difficult><bndbox><xmin>132</xmin><ymin>164</ymin><xmax>430</xmax><ymax>606</ymax></bndbox></object><object><name>face</name><pose>Unspecified</pose><truncated>0</truncated><difficult>0</difficult><bndbox><xmin>574</xmin><ymin>168</ymin><xmax>908</xmax><ymax>602</ymax></bndbox></object></annotation>