<annotation><folder>61--Street_Battle</folder><filename>61_Street_Battle_streetfight_61_843.jpg</filename><path>./WIDER_train/images/61--Street_Battle/61_Street_Battle_streetfight_61_843.jpg</path><source><database>Unknown</database></source><size><width>1024</width><height>412</height><depth>3</depth></size><segmented>0</segmented><object><name>face</name><pose>Unspecified</pose><truncated>0</truncated><difficult>0</difficult><bndbox><xmin>124</xmin><ymin>106</ymin><xmax>272</xmax><ymax>292</ymax></bndbox></object><object><name>face</name><pose>Unspecified</pose><truncated>0</truncated><difficult>0</difficult><bndbox><xmin>428</xmin><ymin>112</ymin><xmax>556</xmax><ymax>286</ymax></bndbox></object><object><name>face</name><pose>Unspecified</pose><truncated>0</truncated><difficult>0</difficult><bndbox><xmin>772</xmin><ymin>100</ymin><xmax>902</xmax><ymax>296</ymax></bndbox></object></annotation>