<annotation><folder>61--Street_Battle</folder><filename>61_Street_Battle_streetfight_61_729.jpg</filename><path>./WIDER_train/images/61--Street_Battle/61_Street_Battle_streetfight_61_729.jpg</path><source><database>Unknown</database></source><size><width>1024</width><height>1449</height><depth>3</depth></size><segmented>0</segmented><object><name>face</name><pose>Unspecified</pose><truncated>0</truncated><difficult>0</difficult><bndbox><xmin>303</xmin><ymin>192</ymin><xmax>730</xmax><ymax>778</ymax></bndbox></object></annotation>