<annotation><folder>61--Street_Battle</folder><filename>61_Street_Battle_streetfight_61_833.jpg</filename><path>./WIDER_train/images/61--Street_Battle/61_Street_Battle_streetfight_61_833.jpg</path><source><database>Unknown</database></source><size><width>1024</width><height>576</height><depth>3</depth></size><segmented>0</segmented><object><name>face</name><pose>Unspecified</pose><truncated>0</truncated><difficult>0</difficult><bndbox><xmin>162</xmin><ymin>24</ymin><xmax>470</xmax><ymax>456</ymax></bndbox></object><object><name>face</name><pose>Unspecified</pose><truncated>0</truncated><difficult>0</difficult><bndbox><xmin>580</xmin><ymin>124</ymin><xmax>872</xmax><ymax>460</ymax></bndbox></object></annotation>