<annotation><folder>61--Street_Battle</folder><filename>61_Street_Battle_streetfight_61_797.jpg</filename><path>./WIDER_train/images/61--Street_Battle/61_Street_Battle_streetfight_61_797.jpg</path><source><database>Unknown</database></source><size><width>1024</width><height>768</height><depth>3</depth></size><segmented>0</segmented><object><name>face</name><pose>Unspecified</pose><truncated>0</truncated><difficult>0</difficult><bndbox><xmin>258</xmin><ymin>154</ymin><xmax>466</xmax><ymax>424</ymax></bndbox></object><object><name>face</name><pose>Unspecified</pose><truncated>0</truncated><difficult>0</difficult><bndbox><xmin>552</xmin><ymin>140</ymin><xmax>778</xmax><ymax>438</ymax></bndbox></object></annotation>