<annotation><folder>49--Greeting</folder><filename>49_Greeting_peoplegreeting_49_727.jpg</filename><path>./WIDER_train/images/49--Greeting/49_Greeting_peoplegreeting_49_727.jpg</path><source><database>Unknown</database></source><size><width>1024</width><height>831</height><depth>3</depth></size><segmented>0</segmented><object><name>face</name><pose>Unspecified</pose><truncated>0</truncated><difficult>0</difficult><bndbox><xmin>647</xmin><ymin>343</ymin><xmax>689</xmax><ymax>381</ymax></bndbox></object><object><name>face</name><pose>Unspecified</pose><truncated>0</truncated><difficult>0</difficult><bndbox><xmin>328</xmin><ymin>177</ymin><xmax>435</xmax><ymax>293</ymax></bndbox></object></annotation>