<annotation><folder>49--Greeting</folder><filename>49_Greeting_peoplegreeting_49_529.jpg</filename><path>./WIDER_train/images/49--Greeting/49_Greeting_peoplegreeting_49_529.jpg</path><source><database>Unknown</database></source><size><width>1024</width><height>684</height><depth>3</depth></size><segmented>0</segmented><object><name>face</name><pose>Unspecified</pose><truncated>0</truncated><difficult>0</difficult><bndbox><xmin>300</xmin><ymin>66</ymin><xmax>364</xmax><ymax>192</ymax></bndbox></object><object><name>face</name><pose>Unspecified</pose><truncated>0</truncated><difficult>0</difficult><bndbox><xmin>584</xmin><ymin>62</ymin><xmax>656</xmax><ymax>180</ymax></bndbox></object></annotation>