<annotation><folder>49--Greeting</folder><filename>49_Greeting_peoplegreeting_49_330.jpg</filename><path>./WIDER_train/images/49--Greeting/49_Greeting_peoplegreeting_49_330.jpg</path><source><database>Unknown</database></source><size><width>1024</width><height>556</height><depth>3</depth></size><segmented>0</segmented><object><name>face</name><pose>Unspecified</pose><truncated>0</truncated><difficult>0</difficult><bndbox><xmin>300</xmin><ymin>42</ymin><xmax>432</xmax><ymax>266</ymax></bndbox></object><object><name>face</name><pose>Unspecified</pose><truncated>0</truncated><difficult>0</difficult><bndbox><xmin>550</xmin><ymin>50</ymin><xmax>676</xmax><ymax>254</ymax></bndbox></object></annotation>