<annotation><folder>49--Greeting</folder><filename>49_Greeting_peoplegreeting_49_809.jpg</filename><path>./WIDER_train/images/49--Greeting/49_Greeting_peoplegreeting_49_809.jpg</path><source><database>Unknown</database></source><size><width>1024</width><height>1451</height><depth>3</depth></size><segmented>0</segmented><object><name>face</name><pose>Unspecified</pose><truncated>0</truncated><difficult>0</difficult><bndbox><xmin>292</xmin><ymin>289</ymin><xmax>459</xmax><ymax>502</ymax></bndbox></object><object><name>face</name><pose>Unspecified</pose><truncated>0</truncated><difficult>0</difficult><bndbox><xmin>746</xmin><ymin>153</ymin><xmax>823</xmax><ymax>388</ymax></bndbox></object></annotation>