<annotation><folder>49--Greeting</folder><filename>49_Greeting_peoplegreeting_49_814.jpg</filename><path>./WIDER_train/images/49--Greeting/49_Greeting_peoplegreeting_49_814.jpg</path><source><database>Unknown</database></source><size><width>1024</width><height>576</height><depth>3</depth></size><segmented>0</segmented><object><name>face</name><pose>Unspecified</pose><truncated>0</truncated><difficult>0</difficult><bndbox><xmin>280</xmin><ymin>32</ymin><xmax>662</xmax><ymax>548</ymax></bndbox></object></annotation>