<annotation><folder>49--Greeting</folder><filename>49_Greeting_peoplegreeting_49_503.jpg</filename><path>./WIDER_train/images/49--Greeting/49_Greeting_peoplegreeting_49_503.jpg</path><source><database>Unknown</database></source><size><width>1024</width><height>698</height><depth>3</depth></size><segmented>0</segmented><object><name>face</name><pose>Unspecified</pose><truncated>0</truncated><difficult>0</difficult><bndbox><xmin>452</xmin><ymin>189</ymin><xmax>544</xmax><ymax>286</ymax></bndbox></object><object><name>face</name><pose>Unspecified</pose><truncated>0</truncated><difficult>0</difficult><bndbox><xmin>892</xmin><ymin>321</ymin><xmax>912</xmax><ymax>341</ymax></bndbox></object><object><name>face</name><pose>Unspecified</pose><truncated>0</truncated><difficult>0</difficult><bndbox><xmin>692</xmin><ymin>377</ymin><xmax>724</xmax><ymax>406</ymax></bndbox></object></annotation>