<annotation><folder>49--Greeting</folder><filename>49_Greeting_peoplegreeting_49_34.jpg</filename><path>./WIDER_train/images/49--Greeting/49_Greeting_peoplegreeting_49_34.jpg</path><source><database>Unknown</database></source><size><width>1024</width><height>881</height><depth>3</depth></size><segmented>0</segmented><object><name>face</name><pose>Unspecified</pose><truncated>0</truncated><difficult>0</difficult><bndbox><xmin>134</xmin><ymin>136</ymin><xmax>256</xmax><ymax>310</ymax></bndbox></object><object><name>face</name><pose>Unspecified</pose><truncated>0</truncated><difficult>0</difficult><bndbox><xmin>348</xmin><ymin>166</ymin><xmax>458</xmax><ymax>332</ymax></bndbox></object><object><name>face</name><pose>Unspecified</pose><truncated>0</truncated><difficult>0</difficult><bndbox><xmin>506</xmin><ymin>144</ymin><xmax>600</xmax><ymax>322</ymax></bndbox></object><object><name>face</name><pose>Unspecified</pose><truncated>0</truncated><difficult>0</difficult><bndbox><xmin>782</xmin><ymin>94</ymin><xmax>882</xmax><ymax>294</ymax></bndbox></object></annotation>