<annotation><folder>49--Greeting</folder><filename>49_Greeting_peoplegreeting_49_143.jpg</filename><path>./WIDER_train/images/49--Greeting/49_Greeting_peoplegreeting_49_143.jpg</path><source><database>Unknown</database></source><size><width>1024</width><height>1392</height><depth>3</depth></size><segmented>0</segmented><object><name>face</name><pose>Unspecified</pose><truncated>0</truncated><difficult>0</difficult><bndbox><xmin>386</xmin><ymin>353</ymin><xmax>459</xmax><ymax>456</ymax></bndbox></object><object><name>face</name><pose>Unspecified</pose><truncated>0</truncated><difficult>0</difficult><bndbox><xmin>549</xmin><ymin>280</ymin><xmax>620</xmax><ymax>383</ymax></bndbox></object></annotation>