<annotation><folder>49--Greeting</folder><filename>49_Greeting_peoplegreeting_49_173.jpg</filename><path>./WIDER_train/images/49--Greeting/49_Greeting_peoplegreeting_49_173.jpg</path><source><database>Unknown</database></source><size><width>1024</width><height>742</height><depth>3</depth></size><segmented>0</segmented><object><name>face</name><pose>Unspecified</pose><truncated>0</truncated><difficult>0</difficult><bndbox><xmin>330</xmin><ymin>256</ymin><xmax>414</xmax><ymax>372</ymax></bndbox></object><object><name>face</name><pose>Unspecified</pose><truncated>0</truncated><difficult>0</difficult><bndbox><xmin>738</xmin><ymin>176</ymin><xmax>828</xmax><ymax>308</ymax></bndbox></object></annotation>