<annotation><folder>49--Greeting</folder><filename>49_Greeting_peoplegreeting_49_255.jpg</filename><path>./WIDER_train/images/49--Greeting/49_Greeting_peoplegreeting_49_255.jpg</path><source><database>Unknown</database></source><size><width>1024</width><height>680</height><depth>3</depth></size><segmented>0</segmented><object><name>face</name><pose>Unspecified</pose><truncated>0</truncated><difficult>0</difficult><bndbox><xmin>242</xmin><ymin>244</ymin><xmax>442</xmax><ymax>484</ymax></bndbox></object><object><name>face</name><pose>Unspecified</pose><truncated>0</truncated><difficult>0</difficult><bndbox><xmin>564</xmin><ymin>172</ymin><xmax>680</xmax><ymax>430</ymax></bndbox></object></annotation>