<annotation>
	<folder>train</folder>
	<filename>49_Greeting_peoplegreeting_49_43.jpg</filename>
	<path>D:\mask_dataset\train\49_Greeting_peoplegreeting_49_43.jpg</path>
	<source>
		<database>Unknown</database>
	</source>
	<size>
		<width>1024</width>
		<height>768</height>
		<depth>3</depth>
	</size>
	<segmented>0</segmented>
	<object>
		<name>face</name>
		<pose>Unspecified</pose>
		<truncated>0</truncated>
		<difficult>0</difficult>
		<bndbox>
			<xmin>711</xmin>
			<ymin>200</ymin>
			<xmax>764</xmax>
			<ymax>257</ymax>
		</bndbox>
	</object>
	<object>
		<name>face</name>
		<pose>Unspecified</pose>
		<truncated>0</truncated>
		<difficult>0</difficult>
		<bndbox>
			<xmin>465</xmin>
			<ymin>214</ymin>
			<xmax>524</xmax>
			<ymax>277</ymax>
		</bndbox>
	</object>
	<object>
		<name>face</name>
		<pose>Unspecified</pose>
		<truncated>0</truncated>
		<difficult>0</difficult>
		<bndbox>
			<xmin>240</xmin>
			<ymin>173</ymin>
			<xmax>298</xmax>
			<ymax>235</ymax>
		</bndbox>
	</object>
	<object>
		<name>face</name>
		<pose>Unspecified</pose>
		<truncated>0</truncated>
		<difficult>0</difficult>
		<bndbox>
			<xmin>30</xmin>
			<ymin>187</ymin>
			<xmax>83</xmax>
			<ymax>271</ymax>
		</bndbox>
	</object>
</annotation>
