<annotation><folder>49--Greeting</folder><filename>49_Greeting_peoplegreeting_49_212.jpg</filename><path>./WIDER_train/images/49--Greeting/49_Greeting_peoplegreeting_49_212.jpg</path><source><database>Unknown</database></source><size><width>1024</width><height>1354</height><depth>3</depth></size><segmented>0</segmented><object><name>face</name><pose>Unspecified</pose><truncated>0</truncated><difficult>0</difficult><bndbox><xmin>34</xmin><ymin>384</ymin><xmax>349</xmax><ymax>778</ymax></bndbox></object><object><name>face</name><pose>Unspecified</pose><truncated>0</truncated><difficult>0</difficult><bndbox><xmin>635</xmin><ymin>124</ymin><xmax>963</xmax><ymax>598</ymax></bndbox></object></annotation>