<annotation><folder>49--Greeting</folder><filename>49_Greeting_peoplegreeting_49_267.jpg</filename><path>./WIDER_train/images/49--Greeting/49_Greeting_peoplegreeting_49_267.jpg</path><source><database>Unknown</database></source><size><width>1024</width><height>1033</height><depth>3</depth></size><segmented>0</segmented><object><name>face</name><pose>Unspecified</pose><truncated>0</truncated><difficult>0</difficult><bndbox><xmin>574</xmin><ymin>143</ymin><xmax>874</xmax><ymax>516</ymax></bndbox></object></annotation>