<annotation><folder>49--Greeting</folder><filename>49_Greeting_peoplegreeting_49_89.jpg</filename><path>./WIDER_train/images/49--Greeting/49_Greeting_peoplegreeting_49_89.jpg</path><source><database>Unknown</database></source><size><width>1024</width><height>1536</height><depth>3</depth></size><segmented>0</segmented><object><name>face</name><pose>Unspecified</pose><truncated>0</truncated><difficult>0</difficult><bndbox><xmin>39</xmin><ymin>3</ymin><xmax>246</xmax><ymax>296</ymax></bndbox></object><object><name>face</name><pose>Unspecified</pose><truncated>0</truncated><difficult>0</difficult><bndbox><xmin>416</xmin><ymin>153</ymin><xmax>602</xmax><ymax>416</ymax></bndbox></object><object><name>face</name><pose>Unspecified</pose><truncated>0</truncated><difficult>0</difficult><bndbox><xmin>841</xmin><ymin>15</ymin><xmax>1018</xmax><ymax>317</ymax></bndbox></object></annotation>