<annotation><folder>49--Greeting</folder><filename>49_Greeting_peoplegreeting_49_316.jpg</filename><path>./WIDER_train/images/49--Greeting/49_Greeting_peoplegreeting_49_316.jpg</path><source><database>Unknown</database></source><size><width>1024</width><height>1555</height><depth>3</depth></size><segmented>0</segmented><object><name>face</name><pose>Unspecified</pose><truncated>0</truncated><difficult>0</difficult><bndbox><xmin>380</xmin><ymin>283</ymin><xmax>635</xmax><ymax>602</ymax></bndbox></object></annotation>