<annotation>
	<folder>train</folder>
	<filename>49_Greeting_peoplegreeting_49_667.jpg</filename>
	<path>D:\mask_dataset\train\49_Greeting_peoplegreeting_49_667.jpg</path>
	<source>
		<database>Unknown</database>
	</source>
	<size>
		<width>1024</width>
		<height>765</height>
		<depth>3</depth>
	</size>
	<segmented>0</segmented>
	<object>
		<name>face</name>
		<pose>Unspecified</pose>
		<truncated>0</truncated>
		<difficult>0</difficult>
		<bndbox>
			<xmin>494</xmin>
			<ymin>76</ymin>
			<xmax>628</xmax>
			<ymax>274</ymax>
		</bndbox>
	</object>
</annotation>
