<annotation>
	<folder>train</folder>
	<filename>49_Greeting_peoplegreeting_49_122.jpg</filename>
	<path>D:\mask_dataset\train\49_Greeting_peoplegreeting_49_122.jpg</path>
	<source>
		<database>Unknown</database>
	</source>
	<size>
		<width>1024</width>
		<height>683</height>
		<depth>3</depth>
	</size>
	<segmented>0</segmented>
	<object>
		<name>face</name>
		<pose>Unspecified</pose>
		<truncated>0</truncated>
		<difficult>0</difficult>
		<bndbox>
			<xmin>461</xmin>
			<ymin>167</ymin>
			<xmax>573</xmax>
			<ymax>307</ymax>
		</bndbox>
	</object>
	<object>
		<name>face</name>
		<pose>Unspecified</pose>
		<truncated>0</truncated>
		<difficult>0</difficult>
		<bndbox>
			<xmin>112</xmin>
			<ymin>250</ymin>
			<xmax>202</xmax>
			<ymax>319</ymax>
		</bndbox>
	</object>
</annotation>
