<annotation><folder>49--Greeting</folder><filename>49_Greeting_peoplegreeting_49_106.jpg</filename><path>./WIDER_train/images/49--Greeting/49_Greeting_peoplegreeting_49_106.jpg</path><source><database>Unknown</database></source><size><width>1024</width><height>768</height><depth>3</depth></size><segmented>0</segmented><object><name>face</name><pose>Unspecified</pose><truncated>0</truncated><difficult>0</difficult><bndbox><xmin>498</xmin><ymin>246</ymin><xmax>640</xmax><ymax>438</ymax></bndbox></object></annotation>