<annotation><folder>49--Greeting</folder><filename>49_Greeting_peoplegreeting_49_823.jpg</filename><path>./WIDER_train/images/49--Greeting/49_Greeting_peoplegreeting_49_823.jpg</path><source><database>Unknown</database></source><size><width>1024</width><height>1337</height><depth>3</depth></size><segmented>0</segmented><object><name>face</name><pose>Unspecified</pose><truncated>0</truncated><difficult>0</difficult><bndbox><xmin>18</xmin><ymin>219</ymin><xmax>104</xmax><ymax>334</ymax></bndbox></object><object><name>face</name><pose>Unspecified</pose><truncated>0</truncated><difficult>0</difficult><bndbox><xmin>303</xmin><ymin>104</ymin><xmax>389</xmax><ymax>245</ymax></bndbox></object><object><name>face</name><pose>Unspecified</pose><truncated>0</truncated><difficult>0</difficult><bndbox><xmin>408</xmin><ymin>86</ymin><xmax>507</xmax><ymax>222</ymax></bndbox></object><object><name>face</name><pose>Unspecified</pose><truncated>0</truncated><difficult>0</difficult><bndbox><xmin>705</xmin><ymin>295</ymin><xmax>791</xmax><ymax>384</ymax></bndbox></object></annotation>