<annotation><folder>49--Greeting</folder><filename>49_Greeting_peoplegreeting_49_286.jpg</filename><path>./WIDER_train/images/49--Greeting/49_Greeting_peoplegreeting_49_286.jpg</path><source><database>Unknown</database></source><size><width>1024</width><height>1448</height><depth>3</depth></size><segmented>0</segmented><object><name>face</name><pose>Unspecified</pose><truncated>0</truncated><difficult>0</difficult><bndbox><xmin>76</xmin><ymin>311</ymin><xmax>229</xmax><ymax>501</ymax></bndbox></object><object><name>face</name><pose>Unspecified</pose><truncated>0</truncated><difficult>0</difficult><bndbox><xmin>303</xmin><ymin>198</ymin><xmax>439</xmax><ymax>399</ymax></bndbox></object><object><name>face</name><pose>Unspecified</pose><truncated>0</truncated><difficult>0</difficult><bndbox><xmin>789</xmin><ymin>226</ymin><xmax>919</xmax><ymax>421</ymax></bndbox></object></annotation>