<annotation><folder>49--Greeting</folder><filename>49_Greeting_peoplegreeting_49_404.jpg</filename><path>./WIDER_train/images/49--Greeting/49_Greeting_peoplegreeting_49_404.jpg</path><source><database>Unknown</database></source><size><width>1024</width><height>1415</height><depth>3</depth></size><segmented>0</segmented><object><name>face</name><pose>Unspecified</pose><truncated>0</truncated><difficult>0</difficult><bndbox><xmin>304</xmin><ymin>295</ymin><xmax>417</xmax><ymax>472</ymax></bndbox></object><object><name>face</name><pose>Unspecified</pose><truncated>0</truncated><difficult>0</difficult><bndbox><xmin>453</xmin><ymin>337</ymin><xmax>544</xmax><ymax>464</ymax></bndbox></object></annotation>