<annotation><folder>49--Greeting</folder><filename>49_Greeting_peoplegreeting_49_15.jpg</filename><path>./WIDER_train/images/49--Greeting/49_Greeting_peoplegreeting_49_15.jpg</path><source><database>Unknown</database></source><size><width>1024</width><height>698</height><depth>3</depth></size><segmented>0</segmented><object><name>face</name><pose>Unspecified</pose><truncated>0</truncated><difficult>0</difficult><bndbox><xmin>36</xmin><ymin>144</ymin><xmax>104</xmax><ymax>242</ymax></bndbox></object><object><name>face</name><pose>Unspecified</pose><truncated>0</truncated><difficult>0</difficult><bndbox><xmin>278</xmin><ymin>82</ymin><xmax>352</xmax><ymax>196</ymax></bndbox></object><object><name>face</name><pose>Unspecified</pose><truncated>0</truncated><difficult>0</difficult><bndbox><xmin>418</xmin><ymin>180</ymin><xmax>476</xmax><ymax>268</ymax></bndbox></object><object><name>face</name><pose>Unspecified</pose><truncated>0</truncated><difficult>0</difficult><bndbox><xmin>696</xmin><ymin>112</ymin><xmax>772</xmax><ymax>214</ymax></bndbox></object></annotation>