<annotation><folder>49--Greeting</folder><filename>49_Greeting_peoplegreeting_49_684.jpg</filename><path>./WIDER_train/images/49--Greeting/49_Greeting_peoplegreeting_49_684.jpg</path><source><database>Unknown</database></source><size><width>1024</width><height>684</height><depth>3</depth></size><segmented>0</segmented><object><name>face</name><pose>Unspecified</pose><truncated>0</truncated><difficult>0</difficult><bndbox><xmin>282</xmin><ymin>258</ymin><xmax>396</xmax><ymax>426</ymax></bndbox></object><object><name>face</name><pose>Unspecified</pose><truncated>0</truncated><difficult>0</difficult><bndbox><xmin>788</xmin><ymin>238</ymin><xmax>900</xmax><ymax>408</ymax></bndbox></object></annotation>