<annotation><folder>49--Greeting</folder><filename>49_Greeting_peoplegreeting_49_54.jpg</filename><path>./WIDER_train/images/49--Greeting/49_Greeting_peoplegreeting_49_54.jpg</path><source><database>Unknown</database></source><size><width>1024</width><height>576</height><depth>3</depth></size><segmented>0</segmented><object><name>face</name><pose>Unspecified</pose><truncated>0</truncated><difficult>0</difficult><bndbox><xmin>294</xmin><ymin>86</ymin><xmax>366</xmax><ymax>194</ymax></bndbox></object><object><name>face</name><pose>Unspecified</pose><truncated>0</truncated><difficult>0</difficult><bndbox><xmin>492</xmin><ymin>114</ymin><xmax>562</xmax><ymax>208</ymax></bndbox></object><object><name>face</name><pose>Unspecified</pose><truncated>0</truncated><difficult>0</difficult><bndbox><xmin>684</xmin><ymin>66</ymin><xmax>756</xmax><ymax>170</ymax></bndbox></object></annotation>