<annotation><folder>49--Greeting</folder><filename>49_Greeting_peoplegreeting_49_334.jpg</filename><path>./WIDER_train/images/49--Greeting/49_Greeting_peoplegreeting_49_334.jpg</path><source><database>Unknown</database></source><size><width>1024</width><height>768</height><depth>3</depth></size><segmented>0</segmented><object><name>face</name><pose>Unspecified</pose><truncated>0</truncated><difficult>0</difficult><bndbox><xmin>166</xmin><ymin>156</ymin><xmax>268</xmax><ymax>318</ymax></bndbox></object><object><name>face</name><pose>Unspecified</pose><truncated>0</truncated><difficult>0</difficult><bndbox><xmin>686</xmin><ymin>174</ymin><xmax>770</xmax><ymax>310</ymax></bndbox></object><object><name>face</name><pose>Unspecified</pose><truncated>0</truncated><difficult>0</difficult><bndbox><xmin>808</xmin><ymin>156</ymin><xmax>932</xmax><ymax>336</ymax></bndbox></object></annotation>