<annotation><folder>49--Greeting</folder><filename>49_Greeting_peoplegreeting_49_8.jpg</filename><path>./WIDER_train/images/49--Greeting/49_Greeting_peoplegreeting_49_8.jpg</path><source><database>Unknown</database></source><size><width>1024</width><height>809</height><depth>3</depth></size><segmented>0</segmented><object><name>face</name><pose>Unspecified</pose><truncated>0</truncated><difficult>0</difficult><bndbox><xmin>659</xmin><ymin>101</ymin><xmax>782</xmax><ymax>266</ymax></bndbox></object><object><name>face</name><pose>Unspecified</pose><truncated>0</truncated><difficult>0</difficult><bndbox><xmin>560</xmin><ymin>173</ymin><xmax>665</xmax><ymax>313</ymax></bndbox></object><object><name>face</name><pose>Unspecified</pose><truncated>0</truncated><difficult>0</difficult><bndbox><xmin>272</xmin><ymin>156</ymin><xmax>355</xmax><ymax>301</ymax></bndbox></object></annotation>