<annotation><folder>49--Greeting</folder><filename>49_Greeting_peoplegreeting_49_349.jpg</filename><path>./WIDER_train/images/49--Greeting/49_Greeting_peoplegreeting_49_349.jpg</path><source><database>Unknown</database></source><size><width>1024</width><height>651</height><depth>3</depth></size><segmented>0</segmented><object><name>face</name><pose>Unspecified</pose><truncated>0</truncated><difficult>0</difficult><bndbox><xmin>408</xmin><ymin>66</ymin><xmax>443</xmax><ymax>123</ymax></bndbox></object><object><name>face</name><pose>Unspecified</pose><truncated>0</truncated><difficult>0</difficult><bndbox><xmin>641</xmin><ymin>75</ymin><xmax>684</xmax><ymax>124</ymax></bndbox></object><object><name>face</name><pose>Unspecified</pose><truncated>0</truncated><difficult>0</difficult><bndbox><xmin>778</xmin><ymin>69</ymin><xmax>828</xmax><ymax>125</ymax></bndbox></object><object><name>face</name><pose>Unspecified</pose><truncated>0</truncated><difficult>0</difficult><bndbox><xmin>844</xmin><ymin>88</ymin><xmax>882</xmax><ymax>142</ymax></bndbox></object><object><name>face</name><pose>Unspecified</pose><truncated>0</truncated><difficult>0</difficult><bndbox><xmin>134</xmin><ymin>55</ymin><xmax>179</xmax><ymax>117</ymax></bndbox></object><object><name>face</name><pose>Unspecified</pose><truncated>0</truncated><difficult>0</difficult><bndbox><xmin>215</xmin><ymin>74</ymin><xmax>254</xmax><ymax>127</ymax></bndbox></object><object><name>face</name><pose>Unspecified</pose><truncated>0</truncated><difficult>0</difficult><bndbox><xmin>346</xmin><ymin>58</ymin><xmax>392</xmax><ymax>110</ymax></bndbox></object></annotation>