<annotation>
	<folder>train</folder>
	<filename>49_Greeting_peoplegreeting_49_383.jpg</filename>
	<path>D:\mask_dataset\train\49_Greeting_peoplegreeting_49_383.jpg</path>
	<source>
		<database>Unknown</database>
	</source>
	<size>
		<width>1024</width>
		<height>1392</height>
		<depth>3</depth>
	</size>
	<segmented>0</segmented>
	<object>
		<name>face</name>
		<pose>Unspecified</pose>
		<truncated>0</truncated>
		<difficult>0</difficult>
		<bndbox>
			<xmin>239</xmin>
			<ymin>469</ymin>
			<xmax>275</xmax>
			<ymax>521</ymax>
		</bndbox>
	</object>
	<object>
		<name>face</name>
		<pose>Unspecified</pose>
		<truncated>0</truncated>
		<difficult>0</difficult>
		<bndbox>
			<xmin>335</xmin>
			<ymin>439</ymin>
			<xmax>372</xmax>
			<ymax>480</ymax>
		</bndbox>
	</object>
	<object>
		<name>face</name>
		<pose>Unspecified</pose>
		<truncated>0</truncated>
		<difficult>0</difficult>
		<bndbox>
			<xmin>393</xmin>
			<ymin>563</ymin>
			<xmax>442</xmax>
			<ymax>614</ymax>
		</bndbox>
	</object>
	<object>
		<name>face</name>
		<pose>Unspecified</pose>
		<truncated>0</truncated>
		<difficult>0</difficult>
		<bndbox>
			<xmin>710</xmin>
			<ymin>570</ymin>
			<xmax>763</xmax>
			<ymax>634</ymax>
		</bndbox>
	</object>
</annotation>
