<annotation>
	<folder>train</folder>
	<filename>49_Greeting_peoplegreeting_49_222.jpg</filename>
	<path>D:\mask_dataset\train\49_Greeting_peoplegreeting_49_222.jpg</path>
	<source>
		<database>Unknown</database>
	</source>
	<size>
		<width>1024</width>
		<height>769</height>
		<depth>3</depth>
	</size>
	<segmented>0</segmented>
	<object>
		<name>face</name>
		<pose>Unspecified</pose>
		<truncated>0</truncated>
		<difficult>0</difficult>
		<bndbox>
			<xmin>208</xmin>
			<ymin>254</ymin>
			<xmax>275</xmax>
			<ymax>362</ymax>
		</bndbox>
	</object>
	<object>
		<name>face</name>
		<pose>Unspecified</pose>
		<truncated>0</truncated>
		<difficult>0</difficult>
		<bndbox>
			<xmin>562</xmin>
			<ymin>186</ymin>
			<xmax>653</xmax>
			<ymax>300</ymax>
		</bndbox>
	</object>
	<object>
		<name>face</name>
		<pose>Unspecified</pose>
		<truncated>0</truncated>
		<difficult>0</difficult>
		<bndbox>
			<xmin>387</xmin>
			<ymin>56</ymin>
			<xmax>439</xmax>
			<ymax>116</ymax>
		</bndbox>
	</object>
</annotation>
