<annotation><folder>49--Greeting</folder><filename>49_Greeting_peoplegreeting_49_444.jpg</filename><path>./WIDER_train/images/49--Greeting/49_Greeting_peoplegreeting_49_444.jpg</path><source><database>Unknown</database></source><size><width>1024</width><height>768</height><depth>3</depth></size><segmented>0</segmented><object><name>face</name><pose>Unspecified</pose><truncated>0</truncated><difficult>0</difficult><bndbox><xmin>328</xmin><ymin>136</ymin><xmax>418</xmax><ymax>304</ymax></bndbox></object><object><name>face</name><pose>Unspecified</pose><truncated>0</truncated><difficult>0</difficult><bndbox><xmin>676</xmin><ymin>224</ymin><xmax>772</xmax><ymax>338</ymax></bndbox></object></annotation>