<annotation>
	<folder>train</folder>
	<filename>49_Greeting_peoplegreeting_49_197.jpg</filename>
	<path>D:\mask_dataset\train\49_Greeting_peoplegreeting_49_197.jpg</path>
	<source>
		<database>Unknown</database>
	</source>
	<size>
		<width>1024</width>
		<height>883</height>
		<depth>3</depth>
	</size>
	<segmented>0</segmented>
	<object>
		<name>face</name>
		<pose>Unspecified</pose>
		<truncated>0</truncated>
		<difficult>0</difficult>
		<bndbox>
			<xmin>325</xmin>
			<ymin>179</ymin>
			<xmax>395</xmax>
			<ymax>259</ymax>
		</bndbox>
	</object>
	<object>
		<name>face</name>
		<pose>Unspecified</pose>
		<truncated>0</truncated>
		<difficult>0</difficult>
		<bndbox>
			<xmin>554</xmin>
			<ymin>429</ymin>
			<xmax>602</xmax>
			<ymax>483</ymax>
		</bndbox>
	</object>
	<object>
		<name>face</name>
		<pose>Unspecified</pose>
		<truncated>0</truncated>
		<difficult>0</difficult>
		<bndbox>
			<xmin>151</xmin>
			<ymin>498</ymin>
			<xmax>193</xmax>
			<ymax>555</ymax>
		</bndbox>
	</object>
	<object>
		<name>face</name>
		<pose>Unspecified</pose>
		<truncated>0</truncated>
		<difficult>0</difficult>
		<bndbox>
			<xmin>813</xmin>
			<ymin>434</ymin>
			<xmax>858</xmax>
			<ymax>494</ymax>
		</bndbox>
	</object>
	<object>
		<name>face</name>
		<pose>Unspecified</pose>
		<truncated>1</truncated>
		<difficult>0</difficult>
		<bndbox>
			<xmin>970</xmin>
			<ymin>184</ymin>
			<xmax>1024</xmax>
			<ymax>279</ymax>
		</bndbox>
	</object>
</annotation>
