<annotation><folder>49--Greeting</folder><filename>49_Greeting_peoplegreeting_49_338.jpg</filename><path>./WIDER_train/images/49--Greeting/49_Greeting_peoplegreeting_49_338.jpg</path><source><database>Unknown</database></source><size><width>1024</width><height>839</height><depth>3</depth></size><segmented>0</segmented><object><name>face</name><pose>Unspecified</pose><truncated>0</truncated><difficult>0</difficult><bndbox><xmin>554</xmin><ymin>102</ymin><xmax>604</xmax><ymax>163</ymax></bndbox></object><object><name>face</name><pose>Unspecified</pose><truncated>0</truncated><difficult>0</difficult><bndbox><xmin>637</xmin><ymin>154</ymin><xmax>676</xmax><ymax>218</ymax></bndbox></object><object><name>face</name><pose>Unspecified</pose><truncated>0</truncated><difficult>0</difficult><bndbox><xmin>340</xmin><ymin>108</ymin><xmax>401</xmax><ymax>172</ymax></bndbox></object></annotation>