<annotation><folder>49--Greeting</folder><filename>49_Greeting_peoplegreeting_49_253.jpg</filename><path>./WIDER_train/images/49--Greeting/49_Greeting_peoplegreeting_49_253.jpg</path><source><database>Unknown</database></source><size><width>1024</width><height>685</height><depth>3</depth></size><segmented>0</segmented><object><name>face</name><pose>Unspecified</pose><truncated>0</truncated><difficult>0</difficult><bndbox><xmin>304</xmin><ymin>202</ymin><xmax>484</xmax><ymax>540</ymax></bndbox></object><object><name>face</name><pose>Unspecified</pose><truncated>0</truncated><difficult>0</difficult><bndbox><xmin>482</xmin><ymin>182</ymin><xmax>660</xmax><ymax>544</ymax></bndbox></object></annotation>