<annotation><folder>49--Greeting</folder><filename>49_Greeting_peoplegreeting_49_88.jpg</filename><path>./WIDER_train/images/49--Greeting/49_Greeting_peoplegreeting_49_88.jpg</path><source><database>Unknown</database></source><size><width>1024</width><height>680</height><depth>3</depth></size><segmented>0</segmented><object><name>face</name><pose>Unspecified</pose><truncated>0</truncated><difficult>0</difficult><bndbox><xmin>272</xmin><ymin>214</ymin><xmax>386</xmax><ymax>374</ymax></bndbox></object><object><name>face</name><pose>Unspecified</pose><truncated>0</truncated><difficult>0</difficult><bndbox><xmin>558</xmin><ymin>244</ymin><xmax>700</xmax><ymax>434</ymax></bndbox></object></annotation>