<annotation><folder>49--Greeting</folder><filename>49_Greeting_peoplegreeting_49_848.jpg</filename><path>./WIDER_train/images/49--Greeting/49_Greeting_peoplegreeting_49_848.jpg</path><source><database>Unknown</database></source><size><width>1024</width><height>683</height><depth>3</depth></size><segmented>0</segmented><object><name>face</name><pose>Unspecified</pose><truncated>0</truncated><difficult>0</difficult><bndbox><xmin>254</xmin><ymin>146</ymin><xmax>330</xmax><ymax>244</ymax></bndbox></object><object><name>face</name><pose>Unspecified</pose><truncated>0</truncated><difficult>0</difficult><bndbox><xmin>454</xmin><ymin>218</ymin><xmax>522</xmax><ymax>318</ymax></bndbox></object><object><name>face</name><pose>Unspecified</pose><truncated>0</truncated><difficult>0</difficult><bndbox><xmin>582</xmin><ymin>180</ymin><xmax>650</xmax><ymax>276</ymax></bndbox></object><object><name>face</name><pose>Unspecified</pose><truncated>0</truncated><difficult>0</difficult><bndbox><xmin>824</xmin><ymin>264</ymin><xmax>882</xmax><ymax>352</ymax></bndbox></object></annotation>