<annotation><folder>49--Greeting</folder><filename>49_Greeting_peoplegreeting_49_187.jpg</filename><path>./WIDER_train/images/49--Greeting/49_Greeting_peoplegreeting_49_187.jpg</path><source><database>Unknown</database></source><size><width>1024</width><height>577</height><depth>3</depth></size><segmented>0</segmented><object><name>face</name><pose>Unspecified</pose><truncated>0</truncated><difficult>0</difficult><bndbox><xmin>322</xmin><ymin>182</ymin><xmax>474</xmax><ymax>426</ymax></bndbox></object><object><name>face</name><pose>Unspecified</pose><truncated>0</truncated><difficult>0</difficult><bndbox><xmin>478</xmin><ymin>122</ymin><xmax>630</xmax><ymax>412</ymax></bndbox></object></annotation>