<annotation>
	<folder>train</folder>
	<filename>49_Greeting_peoplegreeting_49_27.jpg</filename>
	<path>D:\mask_dataset\train\49_Greeting_peoplegreeting_49_27.jpg</path>
	<source>
		<database>Unknown</database>
	</source>
	<size>
		<width>1024</width>
		<height>769</height>
		<depth>3</depth>
	</size>
	<segmented>0</segmented>
	<object>
		<name>face</name>
		<pose>Unspecified</pose>
		<truncated>0</truncated>
		<difficult>0</difficult>
		<bndbox>
			<xmin>821</xmin>
			<ymin>210</ymin>
			<xmax>917</xmax>
			<ymax>327</ymax>
		</bndbox>
	</object>
	<object>
		<name>face</name>
		<pose>Unspecified</pose>
		<truncated>0</truncated>
		<difficult>0</difficult>
		<bndbox>
			<xmin>475</xmin>
			<ymin>230</ymin>
			<xmax>592</xmax>
			<ymax>371</ymax>
		</bndbox>
	</object>
	<object>
		<name>face</name>
		<pose>Unspecified</pose>
		<truncated>0</truncated>
		<difficult>0</difficult>
		<bndbox>
			<xmin>379</xmin>
			<ymin>253</ymin>
			<xmax>476</xmax>
			<ymax>405</ymax>
		</bndbox>
	</object>
</annotation>
