<annotation><folder>49--Greeting</folder><filename>49_Greeting_peoplegreeting_49_427.jpg</filename><path>./WIDER_train/images/49--Greeting/49_Greeting_peoplegreeting_49_427.jpg</path><source><database>Unknown</database></source><size><width>1024</width><height>2105</height><depth>3</depth></size><segmented>0</segmented><object><name>face</name><pose>Unspecified</pose><truncated>0</truncated><difficult>0</difficult><bndbox><xmin>399</xmin><ymin>173</ymin><xmax>592</xmax><ymax>383</ymax></bndbox></object></annotation>