<annotation>
	<folder>train</folder>
	<filename>49_Greeting_peoplegreeting_49_941.jpg</filename>
	<path>D:\mask_dataset\train\49_Greeting_peoplegreeting_49_941.jpg</path>
	<source>
		<database>Unknown</database>
	</source>
	<size>
		<width>1024</width>
		<height>683</height>
		<depth>3</depth>
	</size>
	<segmented>0</segmented>
	<object>
		<name>face</name>
		<pose>Unspecified</pose>
		<truncated>0</truncated>
		<difficult>0</difficult>
		<bndbox>
			<xmin>756</xmin>
			<ymin>49</ymin>
			<xmax>952</xmax>
			<ymax>330</ymax>
		</bndbox>
	</object>
	<object>
		<name>face</name>
		<pose>Unspecified</pose>
		<truncated>0</truncated>
		<difficult>0</difficult>
		<bndbox>
			<xmin>233</xmin>
			<ymin>405</ymin>
			<xmax>287</xmax>
			<ymax>477</ymax>
		</bndbox>
	</object>
	<object>
		<name>face</name>
		<pose>Unspecified</pose>
		<truncated>0</truncated>
		<difficult>0</difficult>
		<bndbox>
			<xmin>402</xmin>
			<ymin>331</ymin>
			<xmax>450</xmax>
			<ymax>398</ymax>
		</bndbox>
	</object>
	<object>
		<name>face</name>
		<pose>Unspecified</pose>
		<truncated>0</truncated>
		<difficult>0</difficult>
		<bndbox>
			<xmin>133</xmin>
			<ymin>501</ymin>
			<xmax>208</xmax>
			<ymax>587</ymax>
		</bndbox>
	</object>
</annotation>
