<annotation><folder>49--Greeting</folder><filename>49_Greeting_peoplegreeting_49_29.jpg</filename><path>./WIDER_train/images/49--Greeting/49_Greeting_peoplegreeting_49_29.jpg</path><source><database>Unknown</database></source><size><width>1024</width><height>577</height><depth>3</depth></size><segmented>0</segmented><object><name>face</name><pose>Unspecified</pose><truncated>0</truncated><difficult>0</difficult><bndbox><xmin>490</xmin><ymin>56</ymin><xmax>572</xmax><ymax>276</ymax></bndbox></object><object><name>face</name><pose>Unspecified</pose><truncated>0</truncated><difficult>0</difficult><bndbox><xmin>522</xmin><ymin>112</ymin><xmax>714</xmax><ymax>316</ymax></bndbox></object></annotation>