<annotation>
	<folder>train</folder>
	<filename>49_Greeting_peoplegreeting_49_949.jpg</filename>
	<path>D:\mask_dataset\train\49_Greeting_peoplegreeting_49_949.jpg</path>
	<source>
		<database>Unknown</database>
	</source>
	<size>
		<width>1024</width>
		<height>713</height>
		<depth>3</depth>
	</size>
	<segmented>0</segmented>
	<object>
		<name>face</name>
		<pose>Unspecified</pose>
		<truncated>0</truncated>
		<difficult>0</difficult>
		<bndbox>
			<xmin>308</xmin>
			<ymin>232</ymin>
			<xmax>384</xmax>
			<ymax>356</ymax>
		</bndbox>
	</object>
	<object>
		<name>face</name>
		<pose>Unspecified</pose>
		<truncated>0</truncated>
		<difficult>0</difficult>
		<bndbox>
			<xmin>599</xmin>
			<ymin>358</ymin>
			<xmax>670</xmax>
			<ymax>480</ymax>
		</bndbox>
	</object>
</annotation>
