<annotation><folder>49--Greeting</folder><filename>49_Greeting_peoplegreeting_49_611.jpg</filename><path>./WIDER_train/images/49--Greeting/49_Greeting_peoplegreeting_49_611.jpg</path><source><database>Unknown</database></source><size><width>1024</width><height>576</height><depth>3</depth></size><segmented>0</segmented><object><name>face</name><pose>Unspecified</pose><truncated>0</truncated><difficult>0</difficult><bndbox><xmin>324</xmin><ymin>78</ymin><xmax>662</xmax><ymax>406</ymax></bndbox></object><object><name>face</name><pose>Unspecified</pose><truncated>0</truncated><difficult>0</difficult><bndbox><xmin>820</xmin><ymin>32</ymin><xmax>1022</xmax><ymax>360</ymax></bndbox></object></annotation>