<annotation>
	<folder>train</folder>
	<filename>49_Greeting_peoplegreeting_49_325.jpg</filename>
	<path>D:\mask_dataset\train\49_Greeting_peoplegreeting_49_325.jpg</path>
	<source>
		<database>Unknown</database>
	</source>
	<size>
		<width>1024</width>
		<height>681</height>
		<depth>3</depth>
	</size>
	<segmented>0</segmented>
	<object>
		<name>face</name>
		<pose>Unspecified</pose>
		<truncated>0</truncated>
		<difficult>0</difficult>
		<bndbox>
			<xmin>323</xmin>
			<ymin>126</ymin>
			<xmax>424</xmax>
			<ymax>250</ymax>
		</bndbox>
	</object>
	<object>
		<name>face</name>
		<pose>Unspecified</pose>
		<truncated>0</truncated>
		<difficult>0</difficult>
		<bndbox>
			<xmin>558</xmin>
			<ymin>225</ymin>
			<xmax>632</xmax>
			<ymax>303</ymax>
		</bndbox>
	</object>
	<object>
		<name>face</name>
		<pose>Unspecified</pose>
		<truncated>0</truncated>
		<difficult>0</difficult>
		<bndbox>
			<xmin>506</xmin>
			<ymin>197</ymin>
			<xmax>552</xmax>
			<ymax>258</ymax>
		</bndbox>
	</object>
	<object>
		<name>face</name>
		<pose>Unspecified</pose>
		<truncated>0</truncated>
		<difficult>0</difficult>
		<bndbox>
			<xmin>122</xmin>
			<ymin>197</ymin>
			<xmax>172</xmax>
			<ymax>253</ymax>
		</bndbox>
	</object>
</annotation>
