<annotation>
	<folder>train</folder>
	<filename>49_Greeting_peoplegreeting_49_368.jpg</filename>
	<path>D:\mask_dataset\train\49_Greeting_peoplegreeting_49_368.jpg</path>
	<source>
		<database>Unknown</database>
	</source>
	<size>
		<width>1024</width>
		<height>1433</height>
		<depth>3</depth>
	</size>
	<segmented>0</segmented>
	<object>
		<name>face</name>
		<pose>Unspecified</pose>
		<truncated>0</truncated>
		<difficult>0</difficult>
		<bndbox>
			<xmin>456</xmin>
			<ymin>596</ymin>
			<xmax>560</xmax>
			<ymax>725</ymax>
		</bndbox>
	</object>
	<object>
		<name>face</name>
		<pose>Unspecified</pose>
		<truncated>0</truncated>
		<difficult>0</difficult>
		<bndbox>
			<xmin>597</xmin>
			<ymin>512</ymin>
			<xmax>661</xmax>
			<ymax>661</ymax>
		</bndbox>
	</object>
</annotation>
