<annotation><folder>49--Greeting</folder><filename>49_Greeting_peoplegreeting_49_572.jpg</filename><path>./WIDER_train/images/49--Greeting/49_Greeting_peoplegreeting_49_572.jpg</path><source><database>Unknown</database></source><size><width>1024</width><height>713</height><depth>3</depth></size><segmented>0</segmented><object><name>face</name><pose>Unspecified</pose><truncated>0</truncated><difficult>0</difficult><bndbox><xmin>657</xmin><ymin>190</ymin><xmax>701</xmax><ymax>262</ymax></bndbox></object><object><name>face</name><pose>Unspecified</pose><truncated>0</truncated><difficult>0</difficult><bndbox><xmin>463</xmin><ymin>233</ymin><xmax>513</xmax><ymax>296</ymax></bndbox></object></annotation>