<annotation>
	<folder>train</folder>
	<filename>49_Greeting_peoplegreeting_49_350.jpg</filename>
	<path>D:\mask_dataset\train\49_Greeting_peoplegreeting_49_350.jpg</path>
	<source>
		<database>Unknown</database>
	</source>
	<size>
		<width>1024</width>
		<height>750</height>
		<depth>3</depth>
	</size>
	<segmented>0</segmented>
	<object>
		<name>face</name>
		<pose>Unspecified</pose>
		<truncated>0</truncated>
		<difficult>0</difficult>
		<bndbox>
			<xmin>122</xmin>
			<ymin>50</ymin>
			<xmax>198</xmax>
			<ymax>170</ymax>
		</bndbox>
	</object>
	<object>
		<name>face</name>
		<pose>Unspecified</pose>
		<truncated>0</truncated>
		<difficult>0</difficult>
		<bndbox>
			<xmin>362</xmin>
			<ymin>6</ymin>
			<xmax>470</xmax>
			<ymax>130</ymax>
		</bndbox>
	</object>
	<object>
		<name>face</name>
		<pose>Unspecified</pose>
		<truncated>0</truncated>
		<difficult>0</difficult>
		<bndbox>
			<xmin>386</xmin>
			<ymin>174</ymin>
			<xmax>542</xmax>
			<ymax>378</ymax>
		</bndbox>
	</object>
	<object>
		<name>face</name>
		<pose>Unspecified</pose>
		<truncated>0</truncated>
		<difficult>0</difficult>
		<bndbox>
			<xmin>617</xmin>
			<ymin>102</ymin>
			<xmax>726</xmax>
			<ymax>278</ymax>
		</bndbox>
	</object>
</annotation>
