<annotation><folder>49--Greeting</folder><filename>49_Greeting_peoplegreeting_49_243.jpg</filename><path>./WIDER_train/images/49--Greeting/49_Greeting_peoplegreeting_49_243.jpg</path><source><database>Unknown</database></source><size><width>1024</width><height>1466</height><depth>3</depth></size><segmented>0</segmented><object><name>face</name><pose>Unspecified</pose><truncated>0</truncated><difficult>0</difficult><bndbox><xmin>252</xmin><ymin>266</ymin><xmax>406</xmax><ymax>506</ymax></bndbox></object><object><name>face</name><pose>Unspecified</pose><truncated>0</truncated><difficult>0</difficult><bndbox><xmin>440</xmin><ymin>283</ymin><xmax>612</xmax><ymax>486</ymax></bndbox></object></annotation>