<annotation><folder>49--Greeting</folder><filename>49_Greeting_peoplegreeting_49_569.jpg</filename><path>./WIDER_train/images/49--Greeting/49_Greeting_peoplegreeting_49_569.jpg</path><source><database>Unknown</database></source><size><width>1024</width><height>710</height><depth>3</depth></size><segmented>0</segmented><object><name>face</name><pose>Unspecified</pose><truncated>0</truncated><difficult>0</difficult><bndbox><xmin>160</xmin><ymin>56</ymin><xmax>316</xmax><ymax>280</ymax></bndbox></object><object><name>face</name><pose>Unspecified</pose><truncated>0</truncated><difficult>0</difficult><bndbox><xmin>782</xmin><ymin>120</ymin><xmax>928</xmax><ymax>342</ymax></bndbox></object></annotation>