<annotation><folder>49--Greeting</folder><filename>49_Greeting_peoplegreeting_49_12.jpg</filename><path>./WIDER_train/images/49--Greeting/49_Greeting_peoplegreeting_49_12.jpg</path><source><database>Unknown</database></source><size><width>1024</width><height>695</height><depth>3</depth></size><segmented>0</segmented><object><name>face</name><pose>Unspecified</pose><truncated>0</truncated><difficult>0</difficult><bndbox><xmin>182</xmin><ymin>220</ymin><xmax>294</xmax><ymax>364</ymax></bndbox></object><object><name>face</name><pose>Unspecified</pose><truncated>0</truncated><difficult>0</difficult><bndbox><xmin>394</xmin><ymin>346</ymin><xmax>476</xmax><ymax>458</ymax></bndbox></object><object><name>face</name><pose>Unspecified</pose><truncated>0</truncated><difficult>0</difficult><bndbox><xmin>670</xmin><ymin>58</ymin><xmax>772</xmax><ymax>182</ymax></bndbox></object></annotation>