<annotation><folder>49--Greeting</folder><filename>49_Greeting_peoplegreeting_49_17.jpg</filename><path>./WIDER_train/images/49--Greeting/49_Greeting_peoplegreeting_49_17.jpg</path><source><database>Unknown</database></source><size><width>1024</width><height>754</height><depth>3</depth></size><segmented>0</segmented><object><name>face</name><pose>Unspecified</pose><truncated>0</truncated><difficult>0</difficult><bndbox><xmin>562</xmin><ymin>160</ymin><xmax>600</xmax><ymax>204</ymax></bndbox></object><object><name>face</name><pose>Unspecified</pose><truncated>0</truncated><difficult>0</difficult><bndbox><xmin>443</xmin><ymin>167</ymin><xmax>480</xmax><ymax>219</ymax></bndbox></object></annotation>