<annotation><folder>49--Greeting</folder><filename>49_Greeting_peoplegreeting_49_108.jpg</filename><path>./WIDER_train/images/49--Greeting/49_Greeting_peoplegreeting_49_108.jpg</path><source><database>Unknown</database></source><size><width>1024</width><height>576</height><depth>3</depth></size><segmented>0</segmented><object><name>face</name><pose>Unspecified</pose><truncated>0</truncated><difficult>0</difficult><bndbox><xmin>282</xmin><ymin>124</ymin><xmax>350</xmax><ymax>210</ymax></bndbox></object><object><name>face</name><pose>Unspecified</pose><truncated>0</truncated><difficult>0</difficult><bndbox><xmin>472</xmin><ymin>84</ymin><xmax>542</xmax><ymax>180</ymax></bndbox></object><object><name>face</name><pose>Unspecified</pose><truncated>0</truncated><difficult>0</difficult><bndbox><xmin>664</xmin><ymin>48</ymin><xmax>740</xmax><ymax>148</ymax></bndbox></object></annotation>