<annotation><folder>49--Greeting</folder><filename>49_Greeting_peoplegreeting_49_3.jpg</filename><path>./WIDER_train/images/49--Greeting/49_Greeting_peoplegreeting_49_3.jpg</path><source><database>Unknown</database></source><size><width>1024</width><height>623</height><depth>3</depth></size><segmented>0</segmented><object><name>face</name><pose>Unspecified</pose><truncated>0</truncated><difficult>0</difficult><bndbox><xmin>803</xmin><ymin>168</ymin><xmax>891</xmax><ymax>284</ymax></bndbox></object><object><name>face</name><pose>Unspecified</pose><truncated>0</truncated><difficult>0</difficult><bndbox><xmin>764</xmin><ymin>60</ymin><xmax>848</xmax><ymax>167</ymax></bndbox></object><object><name>face</name><pose>Unspecified</pose><truncated>0</truncated><difficult>0</difficult><bndbox><xmin>541</xmin><ymin>63</ymin><xmax>622</xmax><ymax>166</ymax></bndbox></object><object><name>face</name><pose>Unspecified</pose><truncated>0</truncated><difficult>0</difficult><bndbox><xmin>315</xmin><ymin>133</ymin><xmax>400</xmax><ymax>236</ymax></bndbox></object><object><name>face</name><pose>Unspecified</pose><truncated>0</truncated><difficult>0</difficult><bndbox><xmin>201</xmin><ymin>101</ymin><xmax>273</xmax><ymax>222</ymax></bndbox></object></annotation>