<annotation>
	<folder>train</folder>
	<filename>49_Greeting_peoplegreeting_49_179.jpg</filename>
	<path>D:\mask_dataset\train\49_Greeting_peoplegreeting_49_179.jpg</path>
	<source>
		<database>Unknown</database>
	</source>
	<size>
		<width>1024</width>
		<height>1282</height>
		<depth>3</depth>
	</size>
	<segmented>0</segmented>
	<object>
		<name>face</name>
		<pose>Unspecified</pose>
		<truncated>0</truncated>
		<difficult>0</difficult>
		<bndbox>
			<xmin>393</xmin>
			<ymin>924</ymin>
			<xmax>461</xmax>
			<ymax>1012</ymax>
		</bndbox>
	</object>
	<object>
		<name>face</name>
		<pose>Unspecified</pose>
		<truncated>0</truncated>
		<difficult>0</difficult>
		<bndbox>
			<xmin>103</xmin>
			<ymin>1199</ymin>
			<xmax>173</xmax>
			<ymax>1277</ymax>
		</bndbox>
	</object>
	<object>
		<name>face</name>
		<pose>Unspecified</pose>
		<truncated>0</truncated>
		<difficult>0</difficult>
		<bndbox>
			<xmin>521</xmin>
			<ymin>1082</ymin>
			<xmax>576</xmax>
			<ymax>1155</ymax>
		</bndbox>
	</object>
	<object>
		<name>face</name>
		<pose>Unspecified</pose>
		<truncated>0</truncated>
		<difficult>0</difficult>
		<bndbox>
			<xmin>641</xmin>
			<ymin>1034</ymin>
			<xmax>709</xmax>
			<ymax>1149</ymax>
		</bndbox>
	</object>
	<object>
		<name>face</name>
		<pose>Unspecified</pose>
		<truncated>0</truncated>
		<difficult>0</difficult>
		<bndbox>
			<xmin>851</xmin>
			<ymin>1057</ymin>
			<xmax>919</xmax>
			<ymax>1140</ymax>
		</bndbox>
	</object>
</annotation>
