<annotation><folder>49--Greeting</folder><filename>49_Greeting_peoplegreeting_49_610.jpg</filename><path>./WIDER_train/images/49--Greeting/49_Greeting_peoplegreeting_49_610.jpg</path><source><database>Unknown</database></source><size><width>1024</width><height>768</height><depth>3</depth></size><segmented>0</segmented><object><name>face</name><pose>Unspecified</pose><truncated>0</truncated><difficult>0</difficult><bndbox><xmin>528</xmin><ymin>388</ymin><xmax>584</xmax><ymax>472</ymax></bndbox></object></annotation>