<annotation><folder>49--Greeting</folder><filename>49_Greeting_peoplegreeting_49_196.jpg</filename><path>./WIDER_train/images/49--Greeting/49_Greeting_peoplegreeting_49_196.jpg</path><source><database>Unknown</database></source><size><width>1024</width><height>802</height><depth>3</depth></size><segmented>0</segmented><object><name>face</name><pose>Unspecified</pose><truncated>0</truncated><difficult>0</difficult><bndbox><xmin>190</xmin><ymin>178</ymin><xmax>286</xmax><ymax>328</ymax></bndbox></object><object><name>face</name><pose>Unspecified</pose><truncated>0</truncated><difficult>0</difficult><bndbox><xmin>594</xmin><ymin>294</ymin><xmax>702</xmax><ymax>446</ymax></bndbox></object></annotation>