<annotation><folder>49--Greeting</folder><filename>49_Greeting_peoplegreeting_49_426.jpg</filename><path>./WIDER_train/images/49--Greeting/49_Greeting_peoplegreeting_49_426.jpg</path><source><database>Unknown</database></source><size><width>1024</width><height>682</height><depth>3</depth></size><segmented>0</segmented><object><name>face</name><pose>Unspecified</pose><truncated>0</truncated><difficult>0</difficult><bndbox><xmin>296</xmin><ymin>104</ymin><xmax>416</xmax><ymax>260</ymax></bndbox></object><object><name>face</name><pose>Unspecified</pose><truncated>0</truncated><difficult>0</difficult><bndbox><xmin>626</xmin><ymin>84</ymin><xmax>736</xmax><ymax>268</ymax></bndbox></object><object><name>face</name><pose>Unspecified</pose><truncated>0</truncated><difficult>0</difficult><bndbox><xmin>906</xmin><ymin>180</ymin><xmax>964</xmax><ymax>274</ymax></bndbox></object><object><name>face</name><pose>Unspecified</pose><truncated>0</truncated><difficult>0</difficult><bndbox><xmin>956</xmin><ymin>164</ymin><xmax>1024</xmax><ymax>278</ymax></bndbox></object></annotation>