<annotation><folder>49--Greeting</folder><filename>49_Greeting_peoplegreeting_49_61.jpg</filename><path>./WIDER_train/images/49--Greeting/49_Greeting_peoplegreeting_49_61.jpg</path><source><database>Unknown</database></source><size><width>1024</width><height>576</height><depth>3</depth></size><segmented>0</segmented><object><name>face</name><pose>Unspecified</pose><truncated>0</truncated><difficult>0</difficult><bndbox><xmin>192</xmin><ymin>20</ymin><xmax>262</xmax><ymax>150</ymax></bndbox></object><object><name>face</name><pose>Unspecified</pose><truncated>0</truncated><difficult>0</difficult><bndbox><xmin>318</xmin><ymin>118</ymin><xmax>390</xmax><ymax>212</ymax></bndbox></object><object><name>face</name><pose>Unspecified</pose><truncated>0</truncated><difficult>0</difficult><bndbox><xmin>460</xmin><ymin>102</ymin><xmax>526</xmax><ymax>198</ymax></bndbox></object><object><name>face</name><pose>Unspecified</pose><truncated>0</truncated><difficult>0</difficult><bndbox><xmin>628</xmin><ymin>90</ymin><xmax>698</xmax><ymax>176</ymax></bndbox></object><object><name>face</name><pose>Unspecified</pose><truncated>0</truncated><difficult>0</difficult><bndbox><xmin>796</xmin><ymin>70</ymin><xmax>860</xmax><ymax>170</ymax></bndbox></object></annotation>