<annotation><folder>49--Greeting</folder><filename>49_Greeting_peoplegreeting_49_21.jpg</filename><path>./WIDER_train/images/49--Greeting/49_Greeting_peoplegreeting_49_21.jpg</path><source><database>Unknown</database></source><size><width>1024</width><height>576</height><depth>3</depth></size><segmented>0</segmented><object><name>face</name><pose>Unspecified</pose><truncated>0</truncated><difficult>0</difficult><bndbox><xmin>294</xmin><ymin>78</ymin><xmax>368</xmax><ymax>190</ymax></bndbox></object><object><name>face</name><pose>Unspecified</pose><truncated>0</truncated><difficult>0</difficult><bndbox><xmin>500</xmin><ymin>104</ymin><xmax>572</xmax><ymax>200</ymax></bndbox></object><object><name>face</name><pose>Unspecified</pose><truncated>0</truncated><difficult>0</difficult><bndbox><xmin>682</xmin><ymin>44</ymin><xmax>752</xmax><ymax>148</ymax></bndbox></object></annotation>