<annotation><folder>49--Greeting</folder><filename>49_Greeting_peoplegreeting_49_866.jpg</filename><path>./WIDER_train/images/49--Greeting/49_Greeting_peoplegreeting_49_866.jpg</path><source><database>Unknown</database></source><size><width>1024</width><height>683</height><depth>3</depth></size><segmented>0</segmented><object><name>face</name><pose>Unspecified</pose><truncated>0</truncated><difficult>0</difficult><bndbox><xmin>80</xmin><ymin>154</ymin><xmax>156</xmax><ymax>254</ymax></bndbox></object><object><name>face</name><pose>Unspecified</pose><truncated>0</truncated><difficult>0</difficult><bndbox><xmin>276</xmin><ymin>140</ymin><xmax>348</xmax><ymax>238</ymax></bndbox></object><object><name>face</name><pose>Unspecified</pose><truncated>0</truncated><difficult>0</difficult><bndbox><xmin>436</xmin><ymin>168</ymin><xmax>514</xmax><ymax>272</ymax></bndbox></object></annotation>