<annotation><folder>49--Greeting</folder><filename>49_Greeting_peoplegreeting_49_77.jpg</filename><path>./WIDER_train/images/49--Greeting/49_Greeting_peoplegreeting_49_77.jpg</path><source><database>Unknown</database></source><size><width>1024</width><height>1068</height><depth>3</depth></size><segmented>0</segmented><object><name>face</name><pose>Unspecified</pose><truncated>0</truncated><difficult>0</difficult><bndbox><xmin>282</xmin><ymin>90</ymin><xmax>407</xmax><ymax>282</ymax></bndbox></object><object><name>face</name><pose>Unspecified</pose><truncated>0</truncated><difficult>0</difficult><bndbox><xmin>359</xmin><ymin>198</ymin><xmax>459</xmax><ymax>329</ymax></bndbox></object><object><name>face</name><pose>Unspecified</pose><truncated>0</truncated><difficult>0</difficult><bndbox><xmin>611</xmin><ymin>154</ymin><xmax>709</xmax><ymax>290</ymax></bndbox></object><object><name>face</name><pose>Unspecified</pose><truncated>0</truncated><difficult>0</difficult><bndbox><xmin>805</xmin><ymin>146</ymin><xmax>901</xmax><ymax>296</ymax></bndbox></object></annotation>