<annotation><folder>49--Greeting</folder><filename>49_Greeting_peoplegreeting_49_430.jpg</filename><path>./WIDER_train/images/49--Greeting/49_Greeting_peoplegreeting_49_430.jpg</path><source><database>Unknown</database></source><size><width>1024</width><height>745</height><depth>3</depth></size><segmented>0</segmented><object><name>face</name><pose>Unspecified</pose><truncated>0</truncated><difficult>0</difficult><bndbox><xmin>356</xmin><ymin>66</ymin><xmax>484</xmax><ymax>252</ymax></bndbox></object><object><name>face</name><pose>Unspecified</pose><truncated>0</truncated><difficult>0</difficult><bndbox><xmin>504</xmin><ymin>54</ymin><xmax>580</xmax><ymax>240</ymax></bndbox></object></annotation>