<annotation><folder>51--Dresses</folder><filename>51_Dresses_wearingdress_51_119.jpg</filename><path>./WIDER_train/images/51--Dresses/51_Dresses_wearingdress_51_119.jpg</path><source><database>Unknown</database></source><size><width>1024</width><height>1486</height><depth>3</depth></size><segmented>0</segmented><object><name>face</name><pose>Unspecified</pose><truncated>0</truncated><difficult>0</difficult><bndbox><xmin>325</xmin><ymin>215</ymin><xmax>424</xmax><ymax>363</ymax></bndbox></object><object><name>face</name><pose>Unspecified</pose><truncated>0</truncated><difficult>0</difficult><bndbox><xmin>804</xmin><ymin>102</ymin><xmax>917</xmax><ymax>264</ymax></bndbox></object></annotation>