<annotation>
	<folder>train</folder>
	<filename>51_Dresses_wearingdress_51_18.jpg</filename>
	<path>D:\mask_dataset\train\51_Dresses_wearingdress_51_18.jpg</path>
	<source>
		<database>Unknown</database>
	</source>
	<size>
		<width>1024</width>
		<height>1672</height>
		<depth>3</depth>
	</size>
	<segmented>0</segmented>
	<object>
		<name>face</name>
		<pose>Unspecified</pose>
		<truncated>0</truncated>
		<difficult>0</difficult>
		<bndbox>
			<xmin>385</xmin>
			<ymin>99</ymin>
			<xmax>523</xmax>
			<ymax>250</ymax>
		</bndbox>
	</object>
	<object>
		<name>face</name>
		<pose>Unspecified</pose>
		<truncated>0</truncated>
		<difficult>0</difficult>
		<bndbox>
			<xmin>10</xmin>
			<ymin>117</ymin>
			<xmax>66</xmax>
			<ymax>187</ymax>
		</bndbox>
	</object>
</annotation>
