<annotation><folder>51--Dresses</folder><filename>51_Dresses_wearingdress_51_411.jpg</filename><path>./WIDER_train/images/51--Dresses/51_Dresses_wearingdress_51_411.jpg</path><source><database>Unknown</database></source><size><width>1024</width><height>1358</height><depth>3</depth></size><segmented>0</segmented><object><name>face</name><pose>Unspecified</pose><truncated>0</truncated><difficult>0</difficult><bndbox><xmin>491</xmin><ymin>122</ymin><xmax>634</xmax><ymax>374</ymax></bndbox></object><object><name>face</name><pose>Unspecified</pose><truncated>0</truncated><difficult>0</difficult><bndbox><xmin>817</xmin><ymin>772</ymin><xmax>944</xmax><ymax>942</ymax></bndbox></object></annotation>