<annotation><folder>51--Dresses</folder><filename>51_Dresses_wearingdress_51_316.jpg</filename><path>./WIDER_train/images/51--Dresses/51_Dresses_wearingdress_51_316.jpg</path><source><database>Unknown</database></source><size><width>1024</width><height>1365</height><depth>3</depth></size><segmented>0</segmented><object><name>face</name><pose>Unspecified</pose><truncated>0</truncated><difficult>0</difficult><bndbox><xmin>267</xmin><ymin>336</ymin><xmax>350</xmax><ymax>445</ymax></bndbox></object><object><name>face</name><pose>Unspecified</pose><truncated>0</truncated><difficult>0</difficult><bndbox><xmin>445</xmin><ymin>275</ymin><xmax>632</xmax><ymax>494</ymax></bndbox></object></annotation>