<annotation>
	<folder>train</folder>
	<filename>51_Dresses_wearingdress_51_214.jpg</filename>
	<path>D:\mask_dataset\train\51_Dresses_wearingdress_51_214.jpg</path>
	<source>
		<database>Unknown</database>
	</source>
	<size>
		<width>1024</width>
		<height>683</height>
		<depth>3</depth>
	</size>
	<segmented>0</segmented>
	<object>
		<name>face</name>
		<pose>Unspecified</pose>
		<truncated>0</truncated>
		<difficult>0</difficult>
		<bndbox>
			<xmin>362</xmin>
			<ymin>200</ymin>
			<xmax>592</xmax>
			<ymax>480</ymax>
		</bndbox>
	</object>
</annotation>
