<annotation><folder>51--Dresses</folder><filename>51_Dresses_wearingdress_51_171.jpg</filename><path>./WIDER_train/images/51--Dresses/51_Dresses_wearingdress_51_171.jpg</path><source><database>Unknown</database></source><size><width>1024</width><height>1527</height><depth>3</depth></size><segmented>0</segmented><object><name>face</name><pose>Unspecified</pose><truncated>0</truncated><difficult>0</difficult><bndbox><xmin>427</xmin><ymin>393</ymin><xmax>580</xmax><ymax>602</ymax></bndbox></object><object><name>face</name><pose>Unspecified</pose><truncated>0</truncated><difficult>0</difficult><bndbox><xmin>344</xmin><ymin>473</ymin><xmax>414</xmax><ymax>546</ymax></bndbox></object><object><name>face</name><pose>Unspecified</pose><truncated>0</truncated><difficult>0</difficult><bndbox><xmin>106</xmin><ymin>521</ymin><xmax>171</xmax><ymax>604</ymax></bndbox></object><object><name>face</name><pose>Unspecified</pose><truncated>0</truncated><difficult>0</difficult><bndbox><xmin>745</xmin><ymin>614</ymin><xmax>782</xmax><ymax>663</ymax></bndbox></object><object><name>face</name><pose>Unspecified</pose><truncated>0</truncated><difficult>0</difficult><bndbox><xmin>892</xmin><ymin>588</ymin><xmax>927</xmax><ymax>630</ymax></bndbox></object><object><name>face</name><pose>Unspecified</pose><truncated>0</truncated><difficult>0</difficult><bndbox><xmin>968</xmin><ymin>580</ymin><xmax>1006</xmax><ymax>619</ymax></bndbox></object></annotation>