<annotation>
	<folder>train</folder>
	<filename>51_Dresses_wearingdress_51_438.jpg</filename>
	<path>D:\mask_dataset\train\51_Dresses_wearingdress_51_438.jpg</path>
	<source>
		<database>Unknown</database>
	</source>
	<size>
		<width>1024</width>
		<height>978</height>
		<depth>3</depth>
	</size>
	<segmented>0</segmented>
	<object>
		<name>face</name>
		<pose>Unspecified</pose>
		<truncated>0</truncated>
		<difficult>0</difficult>
		<bndbox>
			<xmin>717</xmin>
			<ymin>138</ymin>
			<xmax>830</xmax>
			<ymax>289</ymax>
		</bndbox>
	</object>
	<object>
		<name>face</name>
		<pose>Unspecified</pose>
		<truncated>0</truncated>
		<difficult>0</difficult>
		<bndbox>
			<xmin>226</xmin>
			<ymin>65</ymin>
			<xmax>294</xmax>
			<ymax>153</ymax>
		</bndbox>
	</object>
	<object>
		<name>face</name>
		<pose>Unspecified</pose>
		<truncated>0</truncated>
		<difficult>0</difficult>
		<bndbox>
			<xmin>413</xmin>
			<ymin>104</ymin>
			<xmax>442</xmax>
			<ymax>143</ymax>
		</bndbox>
	</object>
</annotation>
