<annotation><folder>51--Dresses</folder><filename>51_Dresses_wearingdress_51_244.jpg</filename><path>./WIDER_train/images/51--Dresses/51_Dresses_wearingdress_51_244.jpg</path><source><database>Unknown</database></source><size><width>1024</width><height>1024</height><depth>3</depth></size><segmented>0</segmented><object><name>face</name><pose>Unspecified</pose><truncated>0</truncated><difficult>0</difficult><bndbox><xmin>250</xmin><ymin>74</ymin><xmax>392</xmax><ymax>266</ymax></bndbox></object><object><name>face</name><pose>Unspecified</pose><truncated>0</truncated><difficult>0</difficult><bndbox><xmin>766</xmin><ymin>70</ymin><xmax>878</xmax><ymax>222</ymax></bndbox></object><object><name>face</name><pose>Unspecified</pose><truncated>0</truncated><difficult>0</difficult><bndbox><xmin>800</xmin><ymin>626</ymin><xmax>902</xmax><ymax>744</ymax></bndbox></object></annotation>