<annotation><folder>51--Dresses</folder><filename>51_Dresses_wearingdress_51_404.jpg</filename><path>./WIDER_train/images/51--Dresses/51_Dresses_wearingdress_51_404.jpg</path><source><database>Unknown</database></source><size><width>1024</width><height>1518</height><depth>3</depth></size><segmented>0</segmented><object><name>face</name><pose>Unspecified</pose><truncated>0</truncated><difficult>0</difficult><bndbox><xmin>472</xmin><ymin>65</ymin><xmax>597</xmax><ymax>213</ymax></bndbox></object></annotation>