<annotation><folder>51--Dresses</folder><filename>51_Dresses_wearingdress_51_257.jpg</filename><path>./WIDER_train/images/51--Dresses/51_Dresses_wearingdress_51_257.jpg</path><source><database>Unknown</database></source><size><width>1024</width><height>1363</height><depth>3</depth></size><segmented>0</segmented><object><name>face</name><pose>Unspecified</pose><truncated>0</truncated><difficult>0</difficult><bndbox><xmin>197</xmin><ymin>69</ymin><xmax>322</xmax><ymax>221</ymax></bndbox></object><object><name>face</name><pose>Unspecified</pose><truncated>0</truncated><difficult>0</difficult><bndbox><xmin>702</xmin><ymin>74</ymin><xmax>822</xmax><ymax>271</ymax></bndbox></object></annotation>