<annotation><folder>51--Dresses</folder><filename>51_Dresses_wearingdress_51_421.jpg</filename><path>./WIDER_train/images/51--Dresses/51_Dresses_wearingdress_51_421.jpg</path><source><database>Unknown</database></source><size><width>1024</width><height>1549</height><depth>3</depth></size><segmented>0</segmented><object><name>face</name><pose>Unspecified</pose><truncated>0</truncated><difficult>0</difficult><bndbox><xmin>441</xmin><ymin>160</ymin><xmax>565</xmax><ymax>323</ymax></bndbox></object><object><name>face</name><pose>Unspecified</pose><truncated>0</truncated><difficult>0</difficult><bndbox><xmin>955</xmin><ymin>148</ymin><xmax>1024</xmax><ymax>375</ymax></bndbox></object></annotation>