<annotation><folder>51--Dresses</folder><filename>51_Dresses_wearingdress_51_429.jpg</filename><path>./WIDER_train/images/51--Dresses/51_Dresses_wearingdress_51_429.jpg</path><source><database>Unknown</database></source><size><width>1024</width><height>1535</height><depth>3</depth></size><segmented>0</segmented><object><name>face</name><pose>Unspecified</pose><truncated>0</truncated><difficult>0</difficult><bndbox><xmin>213</xmin><ymin>60</ymin><xmax>333</xmax><ymax>222</ymax></bndbox></object><object><name>face</name><pose>Unspecified</pose><truncated>0</truncated><difficult>0</difficult><bndbox><xmin>653</xmin><ymin>48</ymin><xmax>749</xmax><ymax>207</ymax></bndbox></object></annotation>