<annotation>
	<folder>train</folder>
	<filename>51_Dresses_wearingdress_51_351.jpg</filename>
	<path>D:\mask_dataset\train\51_Dresses_wearingdress_51_351.jpg</path>
	<source>
		<database>Unknown</database>
	</source>
	<size>
		<width>1024</width>
		<height>1024</height>
		<depth>3</depth>
	</size>
	<segmented>0</segmented>
	<object>
		<name>face</name>
		<pose>Unspecified</pose>
		<truncated>0</truncated>
		<difficult>0</difficult>
		<bndbox>
			<xmin>776</xmin>
			<ymin>63</ymin>
			<xmax>853</xmax>
			<ymax>160</ymax>
		</bndbox>
	</object>
	<object>
		<name>face</name>
		<pose>Unspecified</pose>
		<truncated>0</truncated>
		<difficult>0</difficult>
		<bndbox>
			<xmin>358</xmin>
			<ymin>133</ymin>
			<xmax>437</xmax>
			<ymax>230</ymax>
		</bndbox>
	</object>
	<object>
		<name>face</name>
		<pose>Unspecified</pose>
		<truncated>0</truncated>
		<difficult>0</difficult>
		<bndbox>
			<xmin>220</xmin>
			<ymin>88</ymin>
			<xmax>308</xmax>
			<ymax>190</ymax>
		</bndbox>
	</object>
</annotation>
