<annotation><folder>51--Dresses</folder><filename>51_Dresses_wearingdress_51_267.jpg</filename><path>./WIDER_train/images/51--Dresses/51_Dresses_wearingdress_51_267.jpg</path><source><database>Unknown</database></source><size><width>1024</width><height>768</height><depth>3</depth></size><segmented>0</segmented><object><name>face</name><pose>Unspecified</pose><truncated>0</truncated><difficult>0</difficult><bndbox><xmin>818</xmin><ymin>108</ymin><xmax>904</xmax><ymax>210</ymax></bndbox></object></annotation>