<annotation><folder>51--Dresses</folder><filename>51_Dresses_wearingdress_51_443.jpg</filename><path>./WIDER_train/images/51--Dresses/51_Dresses_wearingdress_51_443.jpg</path><source><database>Unknown</database></source><size><width>1024</width><height>1171</height><depth>3</depth></size><segmented>0</segmented><object><name>face</name><pose>Unspecified</pose><truncated>0</truncated><difficult>0</difficult><bndbox><xmin>263</xmin><ymin>48</ymin><xmax>380</xmax><ymax>197</ymax></bndbox></object><object><name>face</name><pose>Unspecified</pose><truncated>0</truncated><difficult>0</difficult><bndbox><xmin>693</xmin><ymin>43</ymin><xmax>839</xmax><ymax>230</ymax></bndbox></object></annotation>