<annotation><folder>51--Dresses</folder><filename>51_Dresses_wearingdress_51_217.jpg</filename><path>./WIDER_train/images/51--Dresses/51_Dresses_wearingdress_51_217.jpg</path><source><database>Unknown</database></source><size><width>1024</width><height>475</height><depth>3</depth></size><segmented>0</segmented><object><name>face</name><pose>Unspecified</pose><truncated>0</truncated><difficult>0</difficult><bndbox><xmin>866</xmin><ymin>29</ymin><xmax>909</xmax><ymax>80</ymax></bndbox></object><object><name>face</name><pose>Unspecified</pose><truncated>0</truncated><difficult>0</difficult><bndbox><xmin>612</xmin><ymin>35</ymin><xmax>653</xmax><ymax>85</ymax></bndbox></object><object><name>face</name><pose>Unspecified</pose><truncated>0</truncated><difficult>0</difficult><bndbox><xmin>333</xmin><ymin>50</ymin><xmax>373</xmax><ymax>97</ymax></bndbox></object><object><name>face</name><pose>Unspecified</pose><truncated>0</truncated><difficult>0</difficult><bndbox><xmin>109</xmin><ymin>42</ymin><xmax>151</xmax><ymax>102</ymax></bndbox></object></annotation>