<annotation><folder>51--Dresses</folder><filename>51_Dresses_wearingdress_51_378.jpg</filename><path>./WIDER_train/images/51--Dresses/51_Dresses_wearingdress_51_378.jpg</path><source><database>Unknown</database></source><size><width>1024</width><height>1199</height><depth>3</depth></size><segmented>0</segmented><object><name>face</name><pose>Unspecified</pose><truncated>0</truncated><difficult>0</difficult><bndbox><xmin>281</xmin><ymin>56</ymin><xmax>368</xmax><ymax>178</ymax></bndbox></object><object><name>face</name><pose>Unspecified</pose><truncated>0</truncated><difficult>0</difficult><bndbox><xmin>629</xmin><ymin>51</ymin><xmax>727</xmax><ymax>201</ymax></bndbox></object></annotation>