<annotation><folder>51--Dresses</folder><filename>51_Dresses_wearingdress_51_53.jpg</filename><path>./WIDER_train/images/51--Dresses/51_Dresses_wearingdress_51_53.jpg</path><source><database>Unknown</database></source><size><width>1024</width><height>1536</height><depth>3</depth></size><segmented>0</segmented><object><name>face</name><pose>Unspecified</pose><truncated>0</truncated><difficult>0</difficult><bndbox><xmin>308</xmin><ymin>263</ymin><xmax>461</xmax><ymax>479</ymax></bndbox></object><object><name>face</name><pose>Unspecified</pose><truncated>0</truncated><difficult>0</difficult><bndbox><xmin>171</xmin><ymin>575</ymin><xmax>321</xmax><ymax>782</ymax></bndbox></object><object><name>face</name><pose>Unspecified</pose><truncated>0</truncated><difficult>0</difficult><bndbox><xmin>623</xmin><ymin>428</ymin><xmax>782</xmax><ymax>644</ymax></bndbox></object><object><name>face</name><pose>Unspecified</pose><truncated>0</truncated><difficult>0</difficult><bndbox><xmin>425</xmin><ymin>686</ymin><xmax>551</xmax><ymax>923</ymax></bndbox></object><object><name>face</name><pose>Unspecified</pose><truncated>0</truncated><difficult>0</difficult><bndbox><xmin>219</xmin><ymin>925</ymin><xmax>366</xmax><ymax>1117</ymax></bndbox></object></annotation>