<annotation>
	<folder>train</folder>
	<filename>51_Dresses_wearingdress_51_293.jpg</filename>
	<path>D:\mask_dataset\train\51_Dresses_wearingdress_51_293.jpg</path>
	<source>
		<database>Unknown</database>
	</source>
	<size>
		<width>1024</width>
		<height>795</height>
		<depth>3</depth>
	</size>
	<segmented>0</segmented>
	<object>
		<name>face</name>
		<pose>Unspecified</pose>
		<truncated>0</truncated>
		<difficult>0</difficult>
		<bndbox>
			<xmin>412</xmin>
			<ymin>66</ymin>
			<xmax>514</xmax>
			<ymax>200</ymax>
		</bndbox>
	</object>
</annotation>
