<annotation><folder>51--Dresses</folder><filename>51_Dresses_wearingdress_51_79.jpg</filename><path>./WIDER_train/images/51--Dresses/51_Dresses_wearingdress_51_79.jpg</path><source><database>Unknown</database></source><size><width>1024</width><height>1578</height><depth>3</depth></size><segmented>0</segmented><object><name>face</name><pose>Unspecified</pose><truncated>0</truncated><difficult>0</difficult><bndbox><xmin>293</xmin><ymin>123</ymin><xmax>410</xmax><ymax>317</ymax></bndbox></object><object><name>face</name><pose>Unspecified</pose><truncated>0</truncated><difficult>0</difficult><bndbox><xmin>537</xmin><ymin>111</ymin><xmax>654</xmax><ymax>271</ymax></bndbox></object></annotation>