<annotation><folder>51--Dresses</folder><filename>51_Dresses_wearingdress_51_97.jpg</filename><path>./WIDER_train/images/51--Dresses/51_Dresses_wearingdress_51_97.jpg</path><source><database>Unknown</database></source><size><width>1024</width><height>1594</height><depth>3</depth></size><segmented>0</segmented><object><name>face</name><pose>Unspecified</pose><truncated>0</truncated><difficult>0</difficult><bndbox><xmin>314</xmin><ymin>181</ymin><xmax>572</xmax><ymax>586</ymax></bndbox></object><object><name>face</name><pose>Unspecified</pose><truncated>0</truncated><difficult>0</difficult><bndbox><xmin>828</xmin><ymin>398</ymin><xmax>977</xmax><ymax>625</ymax></bndbox></object></annotation>