<annotation><folder>51--Dresses</folder><filename>51_Dresses_wearingdress_51_419.jpg</filename><path>./WIDER_train/images/51--Dresses/51_Dresses_wearingdress_51_419.jpg</path><source><database>Unknown</database></source><size><width>1024</width><height>1024</height><depth>3</depth></size><segmented>0</segmented><object><name>face</name><pose>Unspecified</pose><truncated>0</truncated><difficult>0</difficult><bndbox><xmin>142</xmin><ymin>46</ymin><xmax>236</xmax><ymax>178</ymax></bndbox></object><object><name>face</name><pose>Unspecified</pose><truncated>0</truncated><difficult>0</difficult><bndbox><xmin>588</xmin><ymin>94</ymin><xmax>762</xmax><ymax>334</ymax></bndbox></object></annotation>