<annotation>
	<folder>train</folder>
	<filename>51_Dresses_wearingdress_51_131.jpg</filename>
	<path>D:\mask_dataset\train\51_Dresses_wearingdress_51_131.jpg</path>
	<source>
		<database>Unknown</database>
	</source>
	<size>
		<width>1024</width>
		<height>709</height>
		<depth>3</depth>
	</size>
	<segmented>0</segmented>
	<object>
		<name>face</name>
		<pose>Unspecified</pose>
		<truncated>0</truncated>
		<difficult>0</difficult>
		<bndbox>
			<xmin>500</xmin>
			<ymin>225</ymin>
			<xmax>550</xmax>
			<ymax>284</ymax>
		</bndbox>
	</object>
</annotation>
