<annotation><folder>51--Dresses</folder><filename>51_Dresses_wearingdress_51_100.jpg</filename><path>./WIDER_train/images/51--Dresses/51_Dresses_wearingdress_51_100.jpg</path><source><database>Unknown</database></source><size><width>1024</width><height>1535</height><depth>3</depth></size><segmented>0</segmented><object><name>face</name><pose>Unspecified</pose><truncated>0</truncated><difficult>0</difficult><bndbox><xmin>377</xmin><ymin>130</ymin><xmax>553</xmax><ymax>359</ymax></bndbox></object><object><name>face</name><pose>Unspecified</pose><truncated>0</truncated><difficult>0</difficult><bndbox><xmin>627</xmin><ymin>729</ymin><xmax>657</xmax><ymax>766</ymax></bndbox></object><object><name>face</name><pose>Unspecified</pose><truncated>0</truncated><difficult>0</difficult><bndbox><xmin>687</xmin><ymin>718</ymin><xmax>717</xmax><ymax>755</ymax></bndbox></object></annotation>