<annotation><folder>51--Dresses</folder><filename>51_Dresses_wearingdress_51_358.jpg</filename><path>./WIDER_train/images/51--Dresses/51_Dresses_wearingdress_51_358.jpg</path><source><database>Unknown</database></source><size><width>1024</width><height>1536</height><depth>3</depth></size><segmented>0</segmented><object><name>face</name><pose>Unspecified</pose><truncated>0</truncated><difficult>0</difficult><bndbox><xmin>384</xmin><ymin>228</ymin><xmax>489</xmax><ymax>354</ymax></bndbox></object><object><name>face</name><pose>Unspecified</pose><truncated>0</truncated><difficult>0</difficult><bndbox><xmin>742</xmin><ymin>156</ymin><xmax>844</xmax><ymax>297</ymax></bndbox></object></annotation>