<annotation><folder>51--Dresses</folder><filename>51_Dresses_wearingdress_51_402.jpg</filename><path>./WIDER_train/images/51--Dresses/51_Dresses_wearingdress_51_402.jpg</path><source><database>Unknown</database></source><size><width>1024</width><height>1434</height><depth>3</depth></size><segmented>0</segmented><object><name>face</name><pose>Unspecified</pose><truncated>0</truncated><difficult>0</difficult><bndbox><xmin>118</xmin><ymin>92</ymin><xmax>216</xmax><ymax>229</ymax></bndbox></object><object><name>face</name><pose>Unspecified</pose><truncated>0</truncated><difficult>0</difficult><bndbox><xmin>241</xmin><ymin>109</ymin><xmax>314</xmax><ymax>215</ymax></bndbox></object><object><name>face</name><pose>Unspecified</pose><truncated>0</truncated><difficult>0</difficult><bndbox><xmin>344</xmin><ymin>134</ymin><xmax>428</xmax><ymax>252</ymax></bndbox></object><object><name>face</name><pose>Unspecified</pose><truncated>0</truncated><difficult>0</difficult><bndbox><xmin>464</xmin><ymin>78</ymin><xmax>595</xmax><ymax>243</ymax></bndbox></object><object><name>face</name><pose>Unspecified</pose><truncated>0</truncated><difficult>0</difficult><bndbox><xmin>624</xmin><ymin>151</ymin><xmax>680</xmax><ymax>246</ymax></bndbox></object></annotation>