<annotation><folder>51--Dresses</folder><filename>51_Dresses_wearingdress_51_343.jpg</filename><path>./WIDER_train/images/51--Dresses/51_Dresses_wearingdress_51_343.jpg</path><source><database>Unknown</database></source><size><width>1024</width><height>959</height><depth>3</depth></size><segmented>0</segmented><object><name>face</name><pose>Unspecified</pose><truncated>0</truncated><difficult>0</difficult><bndbox><xmin>849</xmin><ymin>83</ymin><xmax>932</xmax><ymax>193</ymax></bndbox></object><object><name>face</name><pose>Unspecified</pose><truncated>0</truncated><difficult>0</difficult><bndbox><xmin>982</xmin><ymin>81</ymin><xmax>1024</xmax><ymax>161</ymax></bndbox></object><object><name>face</name><pose>Unspecified</pose><truncated>0</truncated><difficult>0</difficult><bndbox><xmin>505</xmin><ymin>35</ymin><xmax>581</xmax><ymax>140</ymax></bndbox></object><object><name>face</name><pose>Unspecified</pose><truncated>0</truncated><difficult>0</difficult><bndbox><xmin>130</xmin><ymin>45</ymin><xmax>213</xmax><ymax>143</ymax></bndbox></object></annotation>