<annotation>
	<folder>train</folder>
	<filename>51_Dresses_wearingdress_51_186.jpg</filename>
	<path>/home/daniel/Data/Dataset/FaceMaskNew/train/51_Dresses_wearingdress_51_186.jpg</path>
	<source>
		<database>Unknown</database>
	</source>
	<size>
		<width>1024</width>
		<height>1077</height>
		<depth>3</depth>
	</size>
	<segmented>0</segmented>
	<object>
		<name>face</name>
		<pose>Unspecified</pose>
		<truncated>0</truncated>
		<difficult>0</difficult>
		<bndbox>
			<xmin>208</xmin>
			<ymin>61</ymin>
			<xmax>283</xmax>
			<ymax>166</ymax>
		</bndbox>
	</object>
	<object>
		<name>face</name>
		<pose>Unspecified</pose>
		<truncated>0</truncated>
		<difficult>0</difficult>
		<bndbox>
			<xmin>716</xmin>
			<ymin>80</ymin>
			<xmax>790</xmax>
			<ymax>174</ymax>
		</bndbox>
	</object>
	<object>
		<name>face</name>
		<pose>Unspecified</pose>
		<truncated>0</truncated>
		<difficult>0</difficult>
		<bndbox>
			<xmin>930</xmin>
			<ymin>162</ymin>
			<xmax>973</xmax>
			<ymax>217</ymax>
		</bndbox>
	</object>
</annotation>
