<annotation><folder>51--Dresses</folder><filename>51_Dresses_wearingdress_51_47.jpg</filename><path>./WIDER_train/images/51--Dresses/51_Dresses_wearingdress_51_47.jpg</path><source><database>Unknown</database></source><size><width>1024</width><height>1024</height><depth>3</depth></size><segmented>0</segmented><object><name>face</name><pose>Unspecified</pose><truncated>0</truncated><difficult>0</difficult><bndbox><xmin>136</xmin><ymin>46</ymin><xmax>230</xmax><ymax>188</ymax></bndbox></object><object><name>face</name><pose>Unspecified</pose><truncated>0</truncated><difficult>0</difficult><bndbox><xmin>418</xmin><ymin>42</ymin><xmax>508</xmax><ymax>184</ymax></bndbox></object><object><name>face</name><pose>Unspecified</pose><truncated>0</truncated><difficult>0</difficult><bndbox><xmin>786</xmin><ymin>74</ymin><xmax>890</xmax><ymax>216</ymax></bndbox></object></annotation>