<annotation><folder>51--Dresses</folder><filename>51_Dresses_wearingdress_51_70.jpg</filename><path>./WIDER_train/images/51--Dresses/51_Dresses_wearingdress_51_70.jpg</path><source><database>Unknown</database></source><size><width>1024</width><height>1363</height><depth>3</depth></size><segmented>0</segmented><object><name>face</name><pose>Unspecified</pose><truncated>0</truncated><difficult>0</difficult><bndbox><xmin>199</xmin><ymin>59</ymin><xmax>297</xmax><ymax>205</ymax></bndbox></object><object><name>face</name><pose>Unspecified</pose><truncated>0</truncated><difficult>0</difficult><bndbox><xmin>715</xmin><ymin>90</ymin><xmax>821</xmax><ymax>244</ymax></bndbox></object></annotation>