<annotation><folder>51--Dresses</folder><filename>51_Dresses_wearingdress_51_174.jpg</filename><path>./WIDER_train/images/51--Dresses/51_Dresses_wearingdress_51_174.jpg</path><source><database>Unknown</database></source><size><width>1024</width><height>1024</height><depth>3</depth></size><segmented>0</segmented><object><name>face</name><pose>Unspecified</pose><truncated>0</truncated><difficult>0</difficult><bndbox><xmin>789</xmin><ymin>165</ymin><xmax>960</xmax><ymax>375</ymax></bndbox></object><object><name>face</name><pose>Unspecified</pose><truncated>0</truncated><difficult>0</difficult><bndbox><xmin>300</xmin><ymin>90</ymin><xmax>383</xmax><ymax>187</ymax></bndbox></object><object><name>face</name><pose>Unspecified</pose><truncated>0</truncated><difficult>0</difficult><bndbox><xmin>54</xmin><ymin>132</ymin><xmax>100</xmax><ymax>192</ymax></bndbox></object></annotation>