<annotation><folder>51--Dresses</folder><filename>51_Dresses_wearingdress_51_54.jpg</filename><path>./WIDER_train/images/51--Dresses/51_Dresses_wearingdress_51_54.jpg</path><source><database>Unknown</database></source><size><width>1024</width><height>1643</height><depth>3</depth></size><segmented>0</segmented><object><name>face</name><pose>Unspecified</pose><truncated>0</truncated><difficult>0</difficult><bndbox><xmin>453</xmin><ymin>302</ymin><xmax>630</xmax><ymax>572</ymax></bndbox></object></annotation>