<annotation>
	<folder>train</folder>
	<filename>51_Dresses_wearingdress_51_72.jpg</filename>
	<path>D:\mask_dataset\train\51_Dresses_wearingdress_51_72.jpg</path>
	<source>
		<database>Unknown</database>
	</source>
	<size>
		<width>1024</width>
		<height>1653</height>
		<depth>3</depth>
	</size>
	<segmented>0</segmented>
	<object>
		<name>face</name>
		<pose>Unspecified</pose>
		<truncated>0</truncated>
		<difficult>0</difficult>
		<bndbox>
			<xmin>499</xmin>
			<ymin>140</ymin>
			<xmax>624</xmax>
			<ymax>304</ymax>
		</bndbox>
	</object>
	<object>
		<name>face</name>
		<pose>Unspecified</pose>
		<truncated>0</truncated>
		<difficult>0</difficult>
		<bndbox>
			<xmin>248</xmin>
			<ymin>113</ymin>
			<xmax>388</xmax>
			<ymax>281</ymax>
		</bndbox>
	</object>
	<object>
		<name>face</name>
		<pose>Unspecified</pose>
		<truncated>0</truncated>
		<difficult>0</difficult>
		<bndbox>
			<xmin>106</xmin>
			<ymin>185</ymin>
			<xmax>172</xmax>
			<ymax>261</ymax>
		</bndbox>
	</object>
</annotation>
