<annotation><folder>51--Dresses</folder><filename>51_Dresses_wearingdress_51_108.jpg</filename><path>./WIDER_train/images/51--Dresses/51_Dresses_wearingdress_51_108.jpg</path><source><database>Unknown</database></source><size><width>1024</width><height>1536</height><depth>3</depth></size><segmented>0</segmented><object><name>face</name><pose>Unspecified</pose><truncated>0</truncated><difficult>0</difficult><bndbox><xmin>460</xmin><ymin>219</ymin><xmax>564</xmax><ymax>341</ymax></bndbox></object><object><name>face</name><pose>Unspecified</pose><truncated>0</truncated><difficult>0</difficult><bndbox><xmin>64</xmin><ymin>1003</ymin><xmax>92</xmax><ymax>1041</ymax></bndbox></object><object><name>face</name><pose>Unspecified</pose><truncated>0</truncated><difficult>0</difficult><bndbox><xmin>128</xmin><ymin>1011</ymin><xmax>156</xmax><ymax>1054</ymax></bndbox></object><object><name>face</name><pose>Unspecified</pose><truncated>0</truncated><difficult>0</difficult><bndbox><xmin>919</xmin><ymin>979</ymin><xmax>952</xmax><ymax>1028</ymax></bndbox></object><object><name>face</name><pose>Unspecified</pose><truncated>0</truncated><difficult>0</difficult><bndbox><xmin>831</xmin><ymin>990</ymin><xmax>867</xmax><ymax>1032</ymax></bndbox></object><object><name>face</name><pose>Unspecified</pose><truncated>0</truncated><difficult>0</difficult><bndbox><xmin>797</xmin><ymin>1011</ymin><xmax>833</xmax><ymax>1053</ymax></bndbox></object></annotation>