<annotation>
	<folder>train</folder>
	<filename>51_Dresses_wearingdress_51_354.jpg</filename>
	<path>D:\mask_dataset\train\51_Dresses_wearingdress_51_354.jpg</path>
	<source>
		<database>Unknown</database>
	</source>
	<size>
		<width>1024</width>
		<height>1584</height>
		<depth>3</depth>
	</size>
	<segmented>0</segmented>
	<object>
		<name>face</name>
		<pose>Unspecified</pose>
		<truncated>0</truncated>
		<difficult>0</difficult>
		<bndbox>
			<xmin>356</xmin>
			<ymin>127</ymin>
			<xmax>474</xmax>
			<ymax>285</ymax>
		</bndbox>
	</object>
	<object>
		<name>face</name>
		<pose>Unspecified</pose>
		<truncated>0</truncated>
		<difficult>0</difficult>
		<bndbox>
			<xmin>674</xmin>
			<ymin>198</ymin>
			<xmax>801</xmax>
			<ymax>371</ymax>
		</bndbox>
	</object>
</annotation>
