<annotation><folder>51--Dresses</folder><filename>51_Dresses_wearingdress_51_107.jpg</filename><path>./WIDER_train/images/51--Dresses/51_Dresses_wearingdress_51_107.jpg</path><source><database>Unknown</database></source><size><width>1024</width><height>1690</height><depth>3</depth></size><segmented>0</segmented><object><name>face</name><pose>Unspecified</pose><truncated>0</truncated><difficult>0</difficult><bndbox><xmin>486</xmin><ymin>142</ymin><xmax>638</xmax><ymax>324</ymax></bndbox></object><object><name>face</name><pose>Unspecified</pose><truncated>0</truncated><difficult>0</difficult><bndbox><xmin>974</xmin><ymin>92</ymin><xmax>1024</xmax><ymax>208</ymax></bndbox></object></annotation>