<annotation><folder>16--Award_Ceremony</folder><filename>16_Award_Ceremony_Awards_Ceremony_16_321.jpg</filename><path>./WIDER_train/images/16--Award_Ceremony/16_Award_Ceremony_Awards_Ceremony_16_321.jpg</path><source><database>Unknown</database></source><size><width>1024</width><height>810</height><depth>3</depth></size><segmented>0</segmented><object><name>face</name><pose>Unspecified</pose><truncated>0</truncated><difficult>0</difficult><bndbox><xmin>286</xmin><ymin>274</ymin><xmax>404</xmax><ymax>448</ymax></bndbox></object><object><name>face</name><pose>Unspecified</pose><truncated>0</truncated><difficult>0</difficult><bndbox><xmin>678</xmin><ymin>222</ymin><xmax>820</xmax><ymax>412</ymax></bndbox></object></annotation>