<annotation><folder>16--Award_Ceremony</folder><filename>16_Award_Ceremony_Awards_Ceremony_16_513.jpg</filename><path>./WIDER_train/images/16--Award_Ceremony/16_Award_Ceremony_Awards_Ceremony_16_513.jpg</path><source><database>Unknown</database></source><size><width>1024</width><height>1432</height><depth>3</depth></size><segmented>0</segmented><object><name>face</name><pose>Unspecified</pose><truncated>0</truncated><difficult>0</difficult><bndbox><xmin>406</xmin><ymin>157</ymin><xmax>644</xmax><ymax>462</ymax></bndbox></object></annotation>