<annotation>
	<folder>train</folder>
	<filename>16_Award_Ceremony_Awards_Ceremony_16_583.jpg</filename>
	<path>D:\mask_dataset\train\16_Award_Ceremony_Awards_Ceremony_16_583.jpg</path>
	<source>
		<database>Unknown</database>
	</source>
	<size>
		<width>1024</width>
		<height>1538</height>
		<depth>3</depth>
	</size>
	<segmented>0</segmented>
	<object>
		<name>face</name>
		<pose>Unspecified</pose>
		<truncated>0</truncated>
		<difficult>0</difficult>
		<bndbox>
			<xmin>694</xmin>
			<ymin>246</ymin>
			<xmax>787</xmax>
			<ymax>390</ymax>
		</bndbox>
	</object>
	<object>
		<name>face</name>
		<pose>Unspecified</pose>
		<truncated>0</truncated>
		<difficult>0</difficult>
		<bndbox>
			<xmin>447</xmin>
			<ymin>276</ymin>
			<xmax>537</xmax>
			<ymax>426</ymax>
		</bndbox>
	</object>
	<object>
		<name>face</name>
		<pose>Unspecified</pose>
		<truncated>0</truncated>
		<difficult>0</difficult>
		<bndbox>
			<xmin>243</xmin>
			<ymin>255</ymin>
			<xmax>330</xmax>
			<ymax>405</ymax>
		</bndbox>
	</object>
	<object>
		<name>face</name>
		<pose>Unspecified</pose>
		<truncated>0</truncated>
		<difficult>0</difficult>
		<bndbox>
			<xmin>285</xmin>
			<ymin>216</ymin>
			<xmax>360</xmax>
			<ymax>348</ymax>
		</bndbox>
	</object>
</annotation>
