<annotation><folder>16--Award_Ceremony</folder><filename>16_Award_Ceremony_Awards_Ceremony_16_307.jpg</filename><path>./WIDER_train/images/16--Award_Ceremony/16_Award_Ceremony_Awards_Ceremony_16_307.jpg</path><source><database>Unknown</database></source><size><width>1024</width><height>1380</height><depth>3</depth></size><segmented>0</segmented><object><name>face</name><pose>Unspecified</pose><truncated>0</truncated><difficult>0</difficult><bndbox><xmin>302</xmin><ymin>248</ymin><xmax>477</xmax><ymax>507</ymax></bndbox></object></annotation>