<annotation>
	<folder>train</folder>
	<filename>16_Award_Ceremony_Awards_Ceremony_16_353.jpg</filename>
	<path>D:\mask_dataset\train\16_Award_Ceremony_Awards_Ceremony_16_353.jpg</path>
	<source>
		<database>Unknown</database>
	</source>
	<size>
		<width>1024</width>
		<height>768</height>
		<depth>3</depth>
	</size>
	<segmented>0</segmented>
	<object>
		<name>face</name>
		<pose>Unspecified</pose>
		<truncated>0</truncated>
		<difficult>0</difficult>
		<bndbox>
			<xmin>364</xmin>
			<ymin>68</ymin>
			<xmax>498</xmax>
			<ymax>258</ymax>
		</bndbox>
	</object>
</annotation>
