<annotation>
	<folder>train</folder>
	<filename>16_Award_Ceremony_Awards_Ceremony_16_397.jpg</filename>
	<path>D:\mask_dataset\train\16_Award_Ceremony_Awards_Ceremony_16_397.jpg</path>
	<source>
		<database>Unknown</database>
	</source>
	<size>
		<width>1024</width>
		<height>1391</height>
		<depth>3</depth>
	</size>
	<segmented>0</segmented>
	<object>
		<name>face</name>
		<pose>Unspecified</pose>
		<truncated>0</truncated>
		<difficult>0</difficult>
		<bndbox>
			<xmin>238</xmin>
			<ymin>256</ymin>
			<xmax>327</xmax>
			<ymax>370</ymax>
		</bndbox>
	</object>
	<object>
		<name>face</name>
		<pose>Unspecified</pose>
		<truncated>0</truncated>
		<difficult>0</difficult>
		<bndbox>
			<xmin>488</xmin>
			<ymin>213</ymin>
			<xmax>530</xmax>
			<ymax>268</ymax>
		</bndbox>
	</object>
	<object>
		<name>face</name>
		<pose>Unspecified</pose>
		<truncated>0</truncated>
		<difficult>0</difficult>
		<bndbox>
			<xmin>608</xmin>
			<ymin>201</ymin>
			<xmax>687</xmax>
			<ymax>317</ymax>
		</bndbox>
	</object>
	<object>
		<name>face</name>
		<pose>Unspecified</pose>
		<truncated>0</truncated>
		<difficult>0</difficult>
		<bndbox>
			<xmin>151</xmin>
			<ymin>222</ymin>
			<xmax>175</xmax>
			<ymax>258</ymax>
		</bndbox>
	</object>
</annotation>
