<annotation>
	<folder>train</folder>
	<filename>16_Award_Ceremony_Awards_Ceremony_16_451.jpg</filename>
	<path>D:\mask_dataset\train\16_Award_Ceremony_Awards_Ceremony_16_451.jpg</path>
	<source>
		<database>Unknown</database>
	</source>
	<size>
		<width>1024</width>
		<height>1343</height>
		<depth>3</depth>
	</size>
	<segmented>0</segmented>
	<object>
		<name>face</name>
		<pose>Unspecified</pose>
		<truncated>0</truncated>
		<difficult>0</difficult>
		<bndbox>
			<xmin>518</xmin>
			<ymin>74</ymin>
			<xmax>614</xmax>
			<ymax>214</ymax>
		</bndbox>
	</object>
	<object>
		<name>face</name>
		<pose>Unspecified</pose>
		<truncated>0</truncated>
		<difficult>0</difficult>
		<bndbox>
			<xmin>251</xmin>
			<ymin>87</ymin>
			<xmax>358</xmax>
			<ymax>234</ymax>
		</bndbox>
	</object>
	<object>
		<name>face</name>
		<pose>Unspecified</pose>
		<truncated>0</truncated>
		<difficult>0</difficult>
		<bndbox>
			<xmin>757</xmin>
			<ymin>315</ymin>
			<xmax>772</xmax>
			<ymax>346</ymax>
		</bndbox>
	</object>
	<object>
		<name>face</name>
		<pose>Unspecified</pose>
		<truncated>0</truncated>
		<difficult>0</difficult>
		<bndbox>
			<xmin>836</xmin>
			<ymin>286</ymin>
			<xmax>853</xmax>
			<ymax>309</ymax>
		</bndbox>
	</object>
	<object>
		<name>face</name>
		<pose>Unspecified</pose>
		<truncated>0</truncated>
		<difficult>0</difficult>
		<bndbox>
			<xmin>916</xmin>
			<ymin>280</ymin>
			<xmax>965</xmax>
			<ymax>357</ymax>
		</bndbox>
	</object>
</annotation>
