<annotation><folder>16--Award_Ceremony</folder><filename>16_Award_Ceremony_Awards_Ceremony_16_511.jpg</filename><path>./WIDER_train/images/16--Award_Ceremony/16_Award_Ceremony_Awards_Ceremony_16_511.jpg</path><source><database>Unknown</database></source><size><width>1024</width><height>656</height><depth>3</depth></size><segmented>0</segmented><object><name>face</name><pose>Unspecified</pose><truncated>0</truncated><difficult>0</difficult><bndbox><xmin>254</xmin><ymin>180</ymin><xmax>326</xmax><ymax>292</ymax></bndbox></object><object><name>face</name><pose>Unspecified</pose><truncated>0</truncated><difficult>0</difficult><bndbox><xmin>462</xmin><ymin>168</ymin><xmax>542</xmax><ymax>270</ymax></bndbox></object><object><name>face</name><pose>Unspecified</pose><truncated>0</truncated><difficult>0</difficult><bndbox><xmin>642</xmin><ymin>162</ymin><xmax>730</xmax><ymax>266</ymax></bndbox></object></annotation>