<annotation>
	<folder>train</folder>
	<filename>19_Couple_Couple_19_361.jpg</filename>
	<path>D:\mask_dataset\train\19_Couple_Couple_19_361.jpg</path>
	<source>
		<database>Unknown</database>
	</source>
	<size>
		<width>1024</width>
		<height>681</height>
		<depth>3</depth>
	</size>
	<segmented>0</segmented>
	<object>
		<name>face</name>
		<pose>Unspecified</pose>
		<truncated>0</truncated>
		<difficult>0</difficult>
		<bndbox>
			<xmin>226</xmin>
			<ymin>242</ymin>
			<xmax>400</xmax>
			<ymax>463</ymax>
		</bndbox>
	</object>
	<object>
		<name>face</name>
		<pose>Unspecified</pose>
		<truncated>0</truncated>
		<difficult>0</difficult>
		<bndbox>
			<xmin>403</xmin>
			<ymin>283</ymin>
			<xmax>559</xmax>
			<ymax>476</ymax>
		</bndbox>
	</object>
</annotation>
