<annotation><folder>19--Couple</folder><filename>19_Couple_Couple_19_376.jpg</filename><path>./WIDER_train/images/19--Couple/19_Couple_Couple_19_376.jpg</path><source><database>Unknown</database></source><size><width>1024</width><height>1366</height><depth>3</depth></size><segmented>0</segmented><object><name>face</name><pose>Unspecified</pose><truncated>0</truncated><difficult>0</difficult><bndbox><xmin>483</xmin><ymin>171</ymin><xmax>995</xmax><ymax>934</ymax></bndbox></object><object><name>face</name><pose>Unspecified</pose><truncated>0</truncated><difficult>0</difficult><bndbox><xmin>224</xmin><ymin>288</ymin><xmax>573</xmax><ymax>1000</ymax></bndbox></object></annotation>