<annotation><folder>19--Couple</folder><filename>19_Couple_Couple_19_424.jpg</filename><path>./WIDER_train/images/19--Couple/19_Couple_Couple_19_424.jpg</path><source><database>Unknown</database></source><size><width>1024</width><height>768</height><depth>3</depth></size><segmented>0</segmented><object><name>face</name><pose>Unspecified</pose><truncated>0</truncated><difficult>0</difficult><bndbox><xmin>346</xmin><ymin>242</ymin><xmax>568</xmax><ymax>590</ymax></bndbox></object><object><name>face</name><pose>Unspecified</pose><truncated>0</truncated><difficult>0</difficult><bndbox><xmin>562</xmin><ymin>226</ymin><xmax>772</xmax><ymax>578</ymax></bndbox></object><object><name>face</name><pose>Unspecified</pose><truncated>0</truncated><difficult>0</difficult><bndbox><xmin>608</xmin><ymin>44</ymin><xmax>692</xmax><ymax>162</ymax></bndbox></object></annotation>