<annotation><folder>19--Couple</folder><filename>19_Couple_Couple_19_348.jpg</filename><path>./WIDER_train/images/19--Couple/19_Couple_Couple_19_348.jpg</path><source><database>Unknown</database></source><size><width>1024</width><height>1533</height><depth>3</depth></size><segmented>0</segmented><object><name>face</name><pose>Unspecified</pose><truncated>0</truncated><difficult>0</difficult><bndbox><xmin>371</xmin><ymin>75</ymin><xmax>470</xmax><ymax>231</ymax></bndbox></object><object><name>face</name><pose>Unspecified</pose><truncated>0</truncated><difficult>0</difficult><bndbox><xmin>530</xmin><ymin>117</ymin><xmax>629</xmax><ymax>258</ymax></bndbox></object></annotation>