<annotation><folder>19--Couple</folder><filename>19_Couple_Couple_19_291.jpg</filename><path>./WIDER_train/images/19--Couple/19_Couple_Couple_19_291.jpg</path><source><database>Unknown</database></source><size><width>1024</width><height>1200</height><depth>3</depth></size><segmented>0</segmented><object><name>face</name><pose>Unspecified</pose><truncated>0</truncated><difficult>0</difficult><bndbox><xmin>272</xmin><ymin>202</ymin><xmax>483</xmax><ymax>493</ymax></bndbox></object><object><name>face</name><pose>Unspecified</pose><truncated>0</truncated><difficult>0</difficult><bndbox><xmin>546</xmin><ymin>73</ymin><xmax>733</xmax><ymax>324</ymax></bndbox></object></annotation>