<annotation><folder>19--Couple</folder><filename>19_Couple_Couple_19_267.jpg</filename><path>./WIDER_train/images/19--Couple/19_Couple_Couple_19_267.jpg</path><source><database>Unknown</database></source><size><width>1024</width><height>862</height><depth>3</depth></size><segmented>0</segmented><object><name>face</name><pose>Unspecified</pose><truncated>0</truncated><difficult>0</difficult><bndbox><xmin>594</xmin><ymin>216</ymin><xmax>756</xmax><ymax>466</ymax></bndbox></object><object><name>face</name><pose>Unspecified</pose><truncated>0</truncated><difficult>0</difficult><bndbox><xmin>340</xmin><ymin>192</ymin><xmax>522</xmax><ymax>458</ymax></bndbox></object></annotation>