<annotation><folder>19--Couple</folder><filename>19_Couple_Couple_19_163.jpg</filename><path>./WIDER_train/images/19--Couple/19_Couple_Couple_19_163.jpg</path><source><database>Unknown</database></source><size><width>1024</width><height>768</height><depth>3</depth></size><segmented>0</segmented><object><name>face</name><pose>Unspecified</pose><truncated>0</truncated><difficult>0</difficult><bndbox><xmin>320</xmin><ymin>76</ymin><xmax>430</xmax><ymax>174</ymax></bndbox></object><object><name>face</name><pose>Unspecified</pose><truncated>0</truncated><difficult>0</difficult><bndbox><xmin>300</xmin><ymin>130</ymin><xmax>380</xmax><ymax>234</ymax></bndbox></object></annotation>