<annotation><folder>19--Couple</folder><filename>19_Couple_Couple_19_179.jpg</filename><path>./WIDER_train/images/19--Couple/19_Couple_Couple_19_179.jpg</path><source><database>Unknown</database></source><size><width>1024</width><height>640</height><depth>3</depth></size><segmented>0</segmented><object><name>face</name><pose>Unspecified</pose><truncated>0</truncated><difficult>0</difficult><bndbox><xmin>530</xmin><ymin>122</ymin><xmax>624</xmax><ymax>236</ymax></bndbox></object><object><name>face</name><pose>Unspecified</pose><truncated>0</truncated><difficult>0</difficult><bndbox><xmin>608</xmin><ymin>168</ymin><xmax>690</xmax><ymax>290</ymax></bndbox></object></annotation>