<annotation><folder>19--Couple</folder><filename>19_Couple_Couple_19_591.jpg</filename><path>./WIDER_train/images/19--Couple/19_Couple_Couple_19_591.jpg</path><source><database>Unknown</database></source><size><width>1024</width><height>576</height><depth>3</depth></size><segmented>0</segmented><object><name>face</name><pose>Unspecified</pose><truncated>0</truncated><difficult>0</difficult><bndbox><xmin>351</xmin><ymin>85</ymin><xmax>381</xmax><ymax>138</ymax></bndbox></object><object><name>face</name><pose>Unspecified</pose><truncated>0</truncated><difficult>0</difficult><bndbox><xmin>646</xmin><ymin>83</ymin><xmax>676</xmax><ymax>131</ymax></bndbox></object></annotation>