<annotation><folder>19--Couple</folder><filename>19_Couple_Couple_19_130.jpg</filename><path>./WIDER_train/images/19--Couple/19_Couple_Couple_19_130.jpg</path><source><database>Unknown</database></source><size><width>1024</width><height>683</height><depth>3</depth></size><segmented>0</segmented><object><name>face</name><pose>Unspecified</pose><truncated>0</truncated><difficult>0</difficult><bndbox><xmin>100</xmin><ymin>424</ymin><xmax>262</xmax><ymax>506</ymax></bndbox></object><object><name>face</name><pose>Unspecified</pose><truncated>0</truncated><difficult>0</difficult><bndbox><xmin>286</xmin><ymin>36</ymin><xmax>378</xmax><ymax>192</ymax></bndbox></object></annotation>