<annotation><folder>19--Couple</folder><filename>19_Couple_Couple_19_422.jpg</filename><path>./WIDER_train/images/19--Couple/19_Couple_Couple_19_422.jpg</path><source><database>Unknown</database></source><size><width>1024</width><height>1540</height><depth>3</depth></size><segmented>0</segmented><object><name>face</name><pose>Unspecified</pose><truncated>0</truncated><difficult>0</difficult><bndbox><xmin>446</xmin><ymin>376</ymin><xmax>651</xmax><ymax>722</ymax></bndbox></object><object><name>face</name><pose>Unspecified</pose><truncated>0</truncated><difficult>0</difficult><bndbox><xmin>599</xmin><ymin>328</ymin><xmax>849</xmax><ymax>689</ymax></bndbox></object></annotation>