<annotation>
	<folder>train</folder>
	<filename>19_Couple_Couple_19_82.jpg</filename>
	<path>D:\mask_dataset\train\19_Couple_Couple_19_82.jpg</path>
	<source>
		<database>Unknown</database>
	</source>
	<size>
		<width>1024</width>
		<height>1024</height>
		<depth>3</depth>
	</size>
	<segmented>0</segmented>
	<object>
		<name>face</name>
		<pose>Unspecified</pose>
		<truncated>0</truncated>
		<difficult>0</difficult>
		<bndbox>
			<xmin>308</xmin>
			<ymin>165</ymin>
			<xmax>441</xmax>
			<ymax>398</ymax>
		</bndbox>
	</object>
	<object>
		<name>face</name>
		<pose>Unspecified</pose>
		<truncated>0</truncated>
		<difficult>0</difficult>
		<bndbox>
			<xmin>431</xmin>
			<ymin>178</ymin>
			<xmax>615</xmax>
			<ymax>414</ymax>
		</bndbox>
	</object>
	<object>
		<name>face</name>
		<pose>Unspecified</pose>
		<truncated>0</truncated>
		<difficult>0</difficult>
		<bndbox>
			<xmin>671</xmin>
			<ymin>154</ymin>
			<xmax>704</xmax>
			<ymax>205</ymax>
		</bndbox>
	</object>
</annotation>
