<annotation><folder>19--Couple</folder><filename>19_Couple_Couple_19_257.jpg</filename><path>./WIDER_train/images/19--Couple/19_Couple_Couple_19_257.jpg</path><source><database>Unknown</database></source><size><width>1024</width><height>1066</height><depth>3</depth></size><segmented>0</segmented><object><name>face</name><pose>Unspecified</pose><truncated>0</truncated><difficult>0</difficult><bndbox><xmin>450</xmin><ymin>256</ymin><xmax>527</xmax><ymax>395</ymax></bndbox></object><object><name>face</name><pose>Unspecified</pose><truncated>0</truncated><difficult>0</difficult><bndbox><xmin>601</xmin><ymin>304</ymin><xmax>701</xmax><ymax>414</ymax></bndbox></object></annotation>