<annotation><folder>19--Couple</folder><filename>19_Couple_Couple_19_17.jpg</filename><path>./WIDER_train/images/19--Couple/19_Couple_Couple_19_17.jpg</path><source><database>Unknown</database></source><size><width>1024</width><height>683</height><depth>3</depth></size><segmented>0</segmented><object><name>face</name><pose>Unspecified</pose><truncated>0</truncated><difficult>0</difficult><bndbox><xmin>438</xmin><ymin>210</ymin><xmax>680</xmax><ymax>560</ymax></bndbox></object><object><name>face</name><pose>Unspecified</pose><truncated>0</truncated><difficult>0</difficult><bndbox><xmin>208</xmin><ymin>28</ymin><xmax>486</xmax><ymax>464</ymax></bndbox></object></annotation>