<annotation><folder>19--Couple</folder><filename>19_Couple_Couple_19_322.jpg</filename><path>./WIDER_train/images/19--Couple/19_Couple_Couple_19_322.jpg</path><source><database>Unknown</database></source><size><width>1024</width><height>1539</height><depth>3</depth></size><segmented>0</segmented><object><name>face</name><pose>Unspecified</pose><truncated>0</truncated><difficult>0</difficult><bndbox><xmin>348</xmin><ymin>277</ymin><xmax>415</xmax><ymax>369</ymax></bndbox></object><object><name>face</name><pose>Unspecified</pose><truncated>0</truncated><difficult>0</difficult><bndbox><xmin>513</xmin><ymin>269</ymin><xmax>593</xmax><ymax>380</ymax></bndbox></object></annotation>