<annotation><folder>19--Couple</folder><filename>19_Couple_Couple_19_167.jpg</filename><path>./WIDER_train/images/19--Couple/19_Couple_Couple_19_167.jpg</path><source><database>Unknown</database></source><size><width>1024</width><height>1486</height><depth>3</depth></size><segmented>0</segmented><object><name>face</name><pose>Unspecified</pose><truncated>0</truncated><difficult>0</difficult><bndbox><xmin>374</xmin><ymin>395</ymin><xmax>835</xmax><ymax>984</ymax></bndbox></object><object><name>face</name><pose>Unspecified</pose><truncated>0</truncated><difficult>0</difficult><bndbox><xmin>557</xmin><ymin>17</ymin><xmax>969</xmax><ymax>565</ymax></bndbox></object></annotation>