<annotation><folder>19--Couple</folder><filename>19_Couple_Couple_19_37.jpg</filename><path>./WIDER_train/images/19--Couple/19_Couple_Couple_19_37.jpg</path><source><database>Unknown</database></source><size><width>1024</width><height>758</height><depth>3</depth></size><segmented>0</segmented><object><name>face</name><pose>Unspecified</pose><truncated>0</truncated><difficult>0</difficult><bndbox><xmin>252</xmin><ymin>152</ymin><xmax>318</xmax><ymax>204</ymax></bndbox></object><object><name>face</name><pose>Unspecified</pose><truncated>0</truncated><difficult>0</difficult><bndbox><xmin>188</xmin><ymin>280</ymin><xmax>250</xmax><ymax>334</ymax></bndbox></object></annotation>