<annotation><folder>19--Couple</folder><filename>19_Couple_Couple_19_469.jpg</filename><path>./WIDER_train/images/19--Couple/19_Couple_Couple_19_469.jpg</path><source><database>Unknown</database></source><size><width>1024</width><height>640</height><depth>3</depth></size><segmented>0</segmented><object><name>face</name><pose>Unspecified</pose><truncated>0</truncated><difficult>0</difficult><bndbox><xmin>522</xmin><ymin>140</ymin><xmax>602</xmax><ymax>238</ymax></bndbox></object><object><name>face</name><pose>Unspecified</pose><truncated>0</truncated><difficult>0</difficult><bndbox><xmin>550</xmin><ymin>84</ymin><xmax>630</xmax><ymax>174</ymax></bndbox></object></annotation>