<annotation><folder>19--Couple</folder><filename>19_Couple_Couple_19_630.jpg</filename><path>./WIDER_train/images/19--Couple/19_Couple_Couple_19_630.jpg</path><source><database>Unknown</database></source><size><width>1024</width><height>768</height><depth>3</depth></size><segmented>0</segmented><object><name>face</name><pose>Unspecified</pose><truncated>0</truncated><difficult>0</difficult><bndbox><xmin>534</xmin><ymin>176</ymin><xmax>852</xmax><ymax>616</ymax></bndbox></object><object><name>face</name><pose>Unspecified</pose><truncated>0</truncated><difficult>0</difficult><bndbox><xmin>270</xmin><ymin>10</ymin><xmax>632</xmax><ymax>438</ymax></bndbox></object></annotation>