<annotation><folder>19--Couple</folder><filename>19_Couple_Couple_19_108.jpg</filename><path>./WIDER_train/images/19--Couple/19_Couple_Couple_19_108.jpg</path><source><database>Unknown</database></source><size><width>1024</width><height>1022</height><depth>3</depth></size><segmented>0</segmented><object><name>face</name><pose>Unspecified</pose><truncated>0</truncated><difficult>0</difficult><bndbox><xmin>378</xmin><ymin>300</ymin><xmax>448</xmax><ymax>442</ymax></bndbox></object><object><name>face</name><pose>Unspecified</pose><truncated>0</truncated><difficult>0</difficult><bndbox><xmin>718</xmin><ymin>322</ymin><xmax>782</xmax><ymax>432</ymax></bndbox></object></annotation>