<annotation><folder>19--Couple</folder><filename>19_Couple_Couple_19_650.jpg</filename><path>./WIDER_train/images/19--Couple/19_Couple_Couple_19_650.jpg</path><source><database>Unknown</database></source><size><width>1024</width><height>1540</height><depth>3</depth></size><segmented>0</segmented><object><name>face</name><pose>Unspecified</pose><truncated>0</truncated><difficult>0</difficult><bndbox><xmin>172</xmin><ymin>313</ymin><xmax>509</xmax><ymax>686</ymax></bndbox></object><object><name>face</name><pose>Unspecified</pose><truncated>0</truncated><difficult>0</difficult><bndbox><xmin>404</xmin><ymin>235</ymin><xmax>753</xmax><ymax>611</ymax></bndbox></object></annotation>