<annotation><folder>19--Couple</folder><filename>19_Couple_Couple_19_363.jpg</filename><path>./WIDER_train/images/19--Couple/19_Couple_Couple_19_363.jpg</path><source><database>Unknown</database></source><size><width>1024</width><height>640</height><depth>3</depth></size><segmented>0</segmented><object><name>face</name><pose>Unspecified</pose><truncated>0</truncated><difficult>0</difficult><bndbox><xmin>242</xmin><ymin>112</ymin><xmax>398</xmax><ymax>320</ymax></bndbox></object><object><name>face</name><pose>Unspecified</pose><truncated>0</truncated><difficult>0</difficult><bndbox><xmin>598</xmin><ymin>220</ymin><xmax>766</xmax><ymax>444</ymax></bndbox></object></annotation>