<annotation><folder>19--Couple</folder><filename>19_Couple_Couple_19_65.jpg</filename><path>./WIDER_train/images/19--Couple/19_Couple_Couple_19_65.jpg</path><source><database>Unknown</database></source><size><width>1024</width><height>1535</height><depth>3</depth></size><segmented>0</segmented><object><name>face</name><pose>Unspecified</pose><truncated>0</truncated><difficult>0</difficult><bndbox><xmin>129</xmin><ymin>458</ymin><xmax>446</xmax><ymax>820</ymax></bndbox></object><object><name>face</name><pose>Unspecified</pose><truncated>0</truncated><difficult>0</difficult><bndbox><xmin>290</xmin><ymin>78</ymin><xmax>655</xmax><ymax>497</ymax></bndbox></object></annotation>