<annotation><folder>19--Couple</folder><filename>19_Couple_Couple_19_661.jpg</filename><path>./WIDER_train/images/19--Couple/19_Couple_Couple_19_661.jpg</path><source><database>Unknown</database></source><size><width>1024</width><height>1079</height><depth>3</depth></size><segmented>0</segmented><object><name>face</name><pose>Unspecified</pose><truncated>0</truncated><difficult>0</difficult><bndbox><xmin>249</xmin><ymin>278</ymin><xmax>346</xmax><ymax>390</ymax></bndbox></object><object><name>face</name><pose>Unspecified</pose><truncated>0</truncated><difficult>0</difficult><bndbox><xmin>613</xmin><ymin>38</ymin><xmax>699</xmax><ymax>169</ymax></bndbox></object></annotation>