<annotation><folder>19--Couple</folder><filename>19_Couple_Couple_19_664.jpg</filename><path>./WIDER_train/images/19--Couple/19_Couple_Couple_19_664.jpg</path><source><database>Unknown</database></source><size><width>1024</width><height>1361</height><depth>3</depth></size><segmented>0</segmented><object><name>face</name><pose>Unspecified</pose><truncated>0</truncated><difficult>0</difficult><bndbox><xmin>189</xmin><ymin>274</ymin><xmax>607</xmax><ymax>793</ymax></bndbox></object><object><name>face</name><pose>Unspecified</pose><truncated>0</truncated><difficult>0</difficult><bndbox><xmin>481</xmin><ymin>0</ymin><xmax>946</xmax><ymax>604</ymax></bndbox></object></annotation>