<annotation><folder>19--Couple</folder><filename>19_Couple_Couple_19_238.jpg</filename><path>./WIDER_train/images/19--Couple/19_Couple_Couple_19_238.jpg</path><source><database>Unknown</database></source><size><width>1024</width><height>1021</height><depth>3</depth></size><segmented>0</segmented><object><name>face</name><pose>Unspecified</pose><truncated>0</truncated><difficult>0</difficult><bndbox><xmin>254</xmin><ymin>172</ymin><xmax>398</xmax><ymax>378</ymax></bndbox></object><object><name>face</name><pose>Unspecified</pose><truncated>0</truncated><difficult>0</difficult><bndbox><xmin>404</xmin><ymin>158</ymin><xmax>512</xmax><ymax>336</ymax></bndbox></object></annotation>