<annotation><folder>19--Couple</folder><filename>19_Couple_Couple_19_70.jpg</filename><path>./WIDER_train/images/19--Couple/19_Couple_Couple_19_70.jpg</path><source><database>Unknown</database></source><size><width>1024</width><height>1366</height><depth>3</depth></size><segmented>0</segmented><object><name>face</name><pose>Unspecified</pose><truncated>0</truncated><difficult>0</difficult><bndbox><xmin>344</xmin><ymin>176</ymin><xmax>488</xmax><ymax>347</ymax></bndbox></object><object><name>face</name><pose>Unspecified</pose><truncated>0</truncated><difficult>0</difficult><bndbox><xmin>608</xmin><ymin>235</ymin><xmax>744</xmax><ymax>411</ymax></bndbox></object></annotation>