<annotation><folder>19--Couple</folder><filename>19_Couple_Couple_19_671.jpg</filename><path>./WIDER_train/images/19--Couple/19_Couple_Couple_19_671.jpg</path><source><database>Unknown</database></source><size><width>1024</width><height>1570</height><depth>3</depth></size><segmented>0</segmented><object><name>face</name><pose>Unspecified</pose><truncated>0</truncated><difficult>0</difficult><bndbox><xmin>368</xmin><ymin>307</ymin><xmax>491</xmax><ymax>451</ymax></bndbox></object><object><name>face</name><pose>Unspecified</pose><truncated>0</truncated><difficult>0</difficult><bndbox><xmin>601</xmin><ymin>187</ymin><xmax>724</xmax><ymax>337</ymax></bndbox></object></annotation>