<annotation><folder>19--Couple</folder><filename>19_Couple_Couple_19_308.jpg</filename><path>./WIDER_train/images/19--Couple/19_Couple_Couple_19_308.jpg</path><source><database>Unknown</database></source><size><width>1024</width><height>805</height><depth>3</depth></size><segmented>0</segmented><object><name>face</name><pose>Unspecified</pose><truncated>0</truncated><difficult>0</difficult><bndbox><xmin>742</xmin><ymin>206</ymin><xmax>860</xmax><ymax>370</ymax></bndbox></object><object><name>face</name><pose>Unspecified</pose><truncated>0</truncated><difficult>0</difficult><bndbox><xmin>444</xmin><ymin>244</ymin><xmax>548</xmax><ymax>424</ymax></bndbox></object></annotation>