<annotation><folder>19--Couple</folder><filename>19_Couple_Couple_19_187.jpg</filename><path>./WIDER_train/images/19--Couple/19_Couple_Couple_19_187.jpg</path><source><database>Unknown</database></source><size><width>1024</width><height>768</height><depth>3</depth></size><segmented>0</segmented><object><name>face</name><pose>Unspecified</pose><truncated>0</truncated><difficult>0</difficult><bndbox><xmin>244</xmin><ymin>126</ymin><xmax>538</xmax><ymax>470</ymax></bndbox></object><object><name>face</name><pose>Unspecified</pose><truncated>0</truncated><difficult>0</difficult><bndbox><xmin>622</xmin><ymin>298</ymin><xmax>908</xmax><ymax>672</ymax></bndbox></object></annotation>