<annotation><folder>19--Couple</folder><filename>19_Couple_Couple_19_1.jpg</filename><path>./WIDER_train/images/19--Couple/19_Couple_Couple_19_1.jpg</path><source><database>Unknown</database></source><size><width>1024</width><height>682</height><depth>3</depth></size><segmented>0</segmented><object><name>face</name><pose>Unspecified</pose><truncated>0</truncated><difficult>0</difficult><bndbox><xmin>210</xmin><ymin>200</ymin><xmax>442</xmax><ymax>520</ymax></bndbox></object><object><name>face</name><pose>Unspecified</pose><truncated>0</truncated><difficult>0</difficult><bndbox><xmin>452</xmin><ymin>134</ymin><xmax>640</xmax><ymax>430</ymax></bndbox></object></annotation>