<annotation><folder>19--Couple</folder><filename>19_Couple_Couple_19_138.jpg</filename><path>./WIDER_train/images/19--Couple/19_Couple_Couple_19_138.jpg</path><source><database>Unknown</database></source><size><width>1024</width><height>724</height><depth>3</depth></size><segmented>0</segmented><object><name>face</name><pose>Unspecified</pose><truncated>0</truncated><difficult>0</difficult><bndbox><xmin>330</xmin><ymin>68</ymin><xmax>504</xmax><ymax>298</ymax></bndbox></object><object><name>face</name><pose>Unspecified</pose><truncated>0</truncated><difficult>0</difficult><bndbox><xmin>170</xmin><ymin>68</ymin><xmax>334</xmax><ymax>298</ymax></bndbox></object></annotation>