<annotation><folder>19--Couple</folder><filename>19_Couple_Couple_19_173.jpg</filename><path>./WIDER_train/images/19--Couple/19_Couple_Couple_19_173.jpg</path><source><database>Unknown</database></source><size><width>1024</width><height>889</height><depth>3</depth></size><segmented>0</segmented><object><name>face</name><pose>Unspecified</pose><truncated>0</truncated><difficult>0</difficult><bndbox><xmin>436</xmin><ymin>196</ymin><xmax>850</xmax><ymax>548</ymax></bndbox></object><object><name>face</name><pose>Unspecified</pose><truncated>0</truncated><difficult>0</difficult><bndbox><xmin>58</xmin><ymin>14</ymin><xmax>414</xmax><ymax>350</ymax></bndbox></object><object><name>face</name><pose>Unspecified</pose><truncated>0</truncated><difficult>0</difficult><bndbox><xmin>404</xmin><ymin>612</ymin><xmax>726</xmax><ymax>889</ymax></bndbox></object></annotation>