<annotation><folder>19--Couple</folder><filename>19_Couple_Couple_19_483.jpg</filename><path>./WIDER_train/images/19--Couple/19_Couple_Couple_19_483.jpg</path><source><database>Unknown</database></source><size><width>1024</width><height>1365</height><depth>3</depth></size><segmented>0</segmented><object><name>face</name><pose>Unspecified</pose><truncated>0</truncated><difficult>0</difficult><bndbox><xmin>181</xmin><ymin>226</ymin><xmax>544</xmax><ymax>643</ymax></bndbox></object><object><name>face</name><pose>Unspecified</pose><truncated>0</truncated><difficult>0</difficult><bndbox><xmin>558</xmin><ymin>299</ymin><xmax>939</xmax><ymax>788</ymax></bndbox></object><object><name>face</name><pose>Unspecified</pose><truncated>0</truncated><difficult>0</difficult><bndbox><xmin>805</xmin><ymin>109</ymin><xmax>832</xmax><ymax>153</ymax></bndbox></object><object><name>face</name><pose>Unspecified</pose><truncated>0</truncated><difficult>0</difficult><bndbox><xmin>113</xmin><ymin>202</ymin><xmax>145</xmax><ymax>247</ymax></bndbox></object><object><name>face</name><pose>Unspecified</pose><truncated>0</truncated><difficult>0</difficult><bndbox><xmin>258</xmin><ymin>125</ymin><xmax>271</xmax><ymax>142</ymax></bndbox></object><object><name>face</name><pose>Unspecified</pose><truncated>0</truncated><difficult>0</difficult><bndbox><xmin>366</xmin><ymin>114</ymin><xmax>384</xmax><ymax>136</ymax></bndbox></object><object><name>face</name><pose>Unspecified</pose><truncated>0</truncated><difficult>0</difficult><bndbox><xmin>670</xmin><ymin>85</ymin><xmax>690</xmax><ymax>107</ymax></bndbox></object><object><name>face</name><pose>Unspecified</pose><truncated>0</truncated><difficult>0</difficult><bndbox><xmin>186</xmin><ymin>113</ymin><xmax>200</xmax><ymax>132</ymax></bndbox></object><object><name>face</name><pose>Unspecified</pose><truncated>0</truncated><difficult>0</difficult><bndbox><xmin>677</xmin><ymin>118</ymin><xmax>690</xmax><ymax>135</ymax></bndbox></object><object><name>face</name><pose>Unspecified</pose><truncated>0</truncated><difficult>0</difficult><bndbox><xmin>287</xmin><ymin>106</ymin><xmax>303</xmax><ymax>121</ymax></bndbox></object><object><name>face</name><pose>Unspecified</pose><truncated>0</truncated><difficult>0</difficult><bndbox><xmin>150</xmin><ymin>139</ymin><xmax>161</xmax><ymax>158</ymax></bndbox></object></annotation>