<annotation><folder>19--Couple</folder><filename>19_Couple_Couple_19_340.jpg</filename><path>./WIDER_train/images/19--Couple/19_Couple_Couple_19_340.jpg</path><source><database>Unknown</database></source><size><width>1024</width><height>1486</height><depth>3</depth></size><segmented>0</segmented><object><name>face</name><pose>Unspecified</pose><truncated>0</truncated><difficult>0</difficult><bndbox><xmin>586</xmin><ymin>73</ymin><xmax>746</xmax><ymax>317</ymax></bndbox></object><object><name>face</name><pose>Unspecified</pose><truncated>0</truncated><difficult>0</difficult><bndbox><xmin>389</xmin><ymin>232</ymin><xmax>578</xmax><ymax>397</ymax></bndbox></object></annotation>