<annotation><folder>19--Couple</folder><filename>19_Couple_Couple_19_279.jpg</filename><path>./WIDER_train/images/19--Couple/19_Couple_Couple_19_279.jpg</path><source><database>Unknown</database></source><size><width>1024</width><height>767</height><depth>3</depth></size><segmented>0</segmented><object><name>face</name><pose>Unspecified</pose><truncated>0</truncated><difficult>0</difficult><bndbox><xmin>106</xmin><ymin>132</ymin><xmax>462</xmax><ymax>734</ymax></bndbox></object><object><name>face</name><pose>Unspecified</pose><truncated>0</truncated><difficult>0</difficult><bndbox><xmin>440</xmin><ymin>42</ymin><xmax>724</xmax><ymax>502</ymax></bndbox></object></annotation>