<annotation><folder>19--Couple</folder><filename>19_Couple_Couple_19_205.jpg</filename><path>./WIDER_train/images/19--Couple/19_Couple_Couple_19_205.jpg</path><source><database>Unknown</database></source><size><width>1024</width><height>681</height><depth>3</depth></size><segmented>0</segmented><object><name>face</name><pose>Unspecified</pose><truncated>0</truncated><difficult>0</difficult><bndbox><xmin>284</xmin><ymin>146</ymin><xmax>614</xmax><ymax>508</ymax></bndbox></object><object><name>face</name><pose>Unspecified</pose><truncated>0</truncated><difficult>0</difficult><bndbox><xmin>632</xmin><ymin>56</ymin><xmax>1024</xmax><ymax>522</ymax></bndbox></object></annotation>