<annotation><folder>19--Couple</folder><filename>19_Couple_Couple_19_369.jpg</filename><path>./WIDER_train/images/19--Couple/19_Couple_Couple_19_369.jpg</path><source><database>Unknown</database></source><size><width>1024</width><height>576</height><depth>3</depth></size><segmented>0</segmented><object><name>face</name><pose>Unspecified</pose><truncated>0</truncated><difficult>0</difficult><bndbox><xmin>458</xmin><ymin>34</ymin><xmax>534</xmax><ymax>142</ymax></bndbox></object><object><name>face</name><pose>Unspecified</pose><truncated>0</truncated><difficult>0</difficult><bndbox><xmin>616</xmin><ymin>82</ymin><xmax>690</xmax><ymax>174</ymax></bndbox></object></annotation>