<annotation><folder>19--Couple</folder><filename>19_Couple_Couple_19_587.jpg</filename><path>./WIDER_train/images/19--Couple/19_Couple_Couple_19_587.jpg</path><source><database>Unknown</database></source><size><width>1024</width><height>933</height><depth>3</depth></size><segmented>0</segmented><object><name>face</name><pose>Unspecified</pose><truncated>0</truncated><difficult>0</difficult><bndbox><xmin>366</xmin><ymin>184</ymin><xmax>686</xmax><ymax>682</ymax></bndbox></object><object><name>face</name><pose>Unspecified</pose><truncated>0</truncated><difficult>0</difficult><bndbox><xmin>600</xmin><ymin>86</ymin><xmax>864</xmax><ymax>546</ymax></bndbox></object></annotation>