<annotation><folder>19--Couple</folder><filename>19_Couple_Couple_19_621.jpg</filename><path>./WIDER_train/images/19--Couple/19_Couple_Couple_19_621.jpg</path><source><database>Unknown</database></source><size><width>1024</width><height>683</height><depth>3</depth></size><segmented>0</segmented><object><name>face</name><pose>Unspecified</pose><truncated>0</truncated><difficult>0</difficult><bndbox><xmin>122</xmin><ymin>60</ymin><xmax>244</xmax><ymax>238</ymax></bndbox></object><object><name>face</name><pose>Unspecified</pose><truncated>0</truncated><difficult>0</difficult><bndbox><xmin>816</xmin><ymin>34</ymin><xmax>956</xmax><ymax>264</ymax></bndbox></object></annotation>