<annotation><folder>19--Couple</folder><filename>19_Couple_Couple_19_473.jpg</filename><path>./WIDER_train/images/19--Couple/19_Couple_Couple_19_473.jpg</path><source><database>Unknown</database></source><size><width>1024</width><height>909</height><depth>3</depth></size><segmented>0</segmented><object><name>face</name><pose>Unspecified</pose><truncated>0</truncated><difficult>0</difficult><bndbox><xmin>248</xmin><ymin>170</ymin><xmax>302</xmax><ymax>239</ymax></bndbox></object><object><name>face</name><pose>Unspecified</pose><truncated>0</truncated><difficult>0</difficult><bndbox><xmin>426</xmin><ymin>337</ymin><xmax>476</xmax><ymax>406</ymax></bndbox></object></annotation>