<annotation><folder>19--Couple</folder><filename>19_Couple_Couple_19_443.jpg</filename><path>./WIDER_train/images/19--Couple/19_Couple_Couple_19_443.jpg</path><source><database>Unknown</database></source><size><width>1024</width><height>1030</height><depth>3</depth></size><segmented>0</segmented><object><name>face</name><pose>Unspecified</pose><truncated>0</truncated><difficult>0</difficult><bndbox><xmin>285</xmin><ymin>129</ymin><xmax>546</xmax><ymax>525</ymax></bndbox></object><object><name>face</name><pose>Unspecified</pose><truncated>0</truncated><difficult>0</difficult><bndbox><xmin>538</xmin><ymin>155</ymin><xmax>783</xmax><ymax>526</ymax></bndbox></object></annotation>