<annotation><folder>19--Couple</folder><filename>19_Couple_Couple_19_12.jpg</filename><path>./WIDER_train/images/19--Couple/19_Couple_Couple_19_12.jpg</path><source><database>Unknown</database></source><size><width>1024</width><height>1455</height><depth>3</depth></size><segmented>0</segmented><object><name>face</name><pose>Unspecified</pose><truncated>0</truncated><difficult>0</difficult><bndbox><xmin>193</xmin><ymin>312</ymin><xmax>454</xmax><ymax>635</ymax></bndbox></object><object><name>face</name><pose>Unspecified</pose><truncated>0</truncated><difficult>0</difficult><bndbox><xmin>423</xmin><ymin>204</ymin><xmax>684</xmax><ymax>513</ymax></bndbox></object></annotation>