<annotation><folder>19--Couple</folder><filename>19_Couple_Couple_19_44.jpg</filename><path>./WIDER_train/images/19--Couple/19_Couple_Couple_19_44.jpg</path><source><database>Unknown</database></source><size><width>1024</width><height>683</height><depth>3</depth></size><segmented>0</segmented><object><name>face</name><pose>Unspecified</pose><truncated>0</truncated><difficult>0</difficult><bndbox><xmin>258</xmin><ymin>186</ymin><xmax>500</xmax><ymax>350</ymax></bndbox></object><object><name>face</name><pose>Unspecified</pose><truncated>0</truncated><difficult>0</difficult><bndbox><xmin>600</xmin><ymin>264</ymin><xmax>886</xmax><ymax>460</ymax></bndbox></object></annotation>