<annotation><folder>19--Couple</folder><filename>19_Couple_Couple_19_334.jpg</filename><path>./WIDER_train/images/19--Couple/19_Couple_Couple_19_334.jpg</path><source><database>Unknown</database></source><size><width>1024</width><height>683</height><depth>3</depth></size><segmented>0</segmented><object><name>face</name><pose>Unspecified</pose><truncated>0</truncated><difficult>0</difficult><bndbox><xmin>238</xmin><ymin>162</ymin><xmax>386</xmax><ymax>332</ymax></bndbox></object><object><name>face</name><pose>Unspecified</pose><truncated>0</truncated><difficult>0</difficult><bndbox><xmin>460</xmin><ymin>112</ymin><xmax>568</xmax><ymax>326</ymax></bndbox></object></annotation>