<annotation><folder>19--Couple</folder><filename>19_Couple_Couple_19_654.jpg</filename><path>./WIDER_train/images/19--Couple/19_Couple_Couple_19_654.jpg</path><source><database>Unknown</database></source><size><width>1024</width><height>1542</height><depth>3</depth></size><segmented>0</segmented><object><name>face</name><pose>Unspecified</pose><truncated>0</truncated><difficult>0</difficult><bndbox><xmin>274</xmin><ymin>196</ymin><xmax>391</xmax><ymax>365</ymax></bndbox></object><object><name>face</name><pose>Unspecified</pose><truncated>0</truncated><difficult>0</difficult><bndbox><xmin>545</xmin><ymin>268</ymin><xmax>659</xmax><ymax>410</ymax></bndbox></object></annotation>