<annotation><folder>19--Couple</folder><filename>19_Couple_Couple_19_670.jpg</filename><path>./WIDER_train/images/19--Couple/19_Couple_Couple_19_670.jpg</path><source><database>Unknown</database></source><size><width>1024</width><height>1530</height><depth>3</depth></size><segmented>0</segmented><object><name>face</name><pose>Unspecified</pose><truncated>0</truncated><difficult>0</difficult><bndbox><xmin>358</xmin><ymin>209</ymin><xmax>570</xmax><ymax>487</ymax></bndbox></object><object><name>face</name><pose>Unspecified</pose><truncated>0</truncated><difficult>0</difficult><bndbox><xmin>511</xmin><ymin>373</ymin><xmax>681</xmax><ymax>630</ymax></bndbox></object></annotation>