<annotation><folder>19--Couple</folder><filename>19_Couple_Couple_19_171.jpg</filename><path>./WIDER_train/images/19--Couple/19_Couple_Couple_19_171.jpg</path><source><database>Unknown</database></source><size><width>1024</width><height>640</height><depth>3</depth></size><segmented>0</segmented><object><name>face</name><pose>Unspecified</pose><truncated>0</truncated><difficult>0</difficult><bndbox><xmin>702</xmin><ymin>208</ymin><xmax>802</xmax><ymax>314</ymax></bndbox></object><object><name>face</name><pose>Unspecified</pose><truncated>0</truncated><difficult>0</difficult><bndbox><xmin>630</xmin><ymin>234</ymin><xmax>706</xmax><ymax>332</ymax></bndbox></object></annotation>