<annotation><folder>19--Couple</folder><filename>19_Couple_Couple_19_463.jpg</filename><path>./WIDER_train/images/19--Couple/19_Couple_Couple_19_463.jpg</path><source><database>Unknown</database></source><size><width>1024</width><height>770</height><depth>3</depth></size><segmented>0</segmented><object><name>face</name><pose>Unspecified</pose><truncated>0</truncated><difficult>0</difficult><bndbox><xmin>56</xmin><ymin>276</ymin><xmax>220</xmax><ymax>478</ymax></bndbox></object><object><name>face</name><pose>Unspecified</pose><truncated>0</truncated><difficult>0</difficult><bndbox><xmin>390</xmin><ymin>444</ymin><xmax>532</xmax><ymax>642</ymax></bndbox></object></annotation>