<annotation><folder>19--Couple</folder><filename>19_Couple_Couple_19_112.jpg</filename><path>./WIDER_train/images/19--Couple/19_Couple_Couple_19_112.jpg</path><source><database>Unknown</database></source><size><width>1024</width><height>640</height><depth>3</depth></size><segmented>0</segmented><object><name>face</name><pose>Unspecified</pose><truncated>0</truncated><difficult>0</difficult><bndbox><xmin>278</xmin><ymin>178</ymin><xmax>542</xmax><ymax>554</ymax></bndbox></object><object><name>face</name><pose>Unspecified</pose><truncated>0</truncated><difficult>0</difficult><bndbox><xmin>548</xmin><ymin>262</ymin><xmax>784</xmax><ymax>610</ymax></bndbox></object></annotation>