<annotation><folder>19--Couple</folder><filename>19_Couple_Couple_19_227.jpg</filename><path>./WIDER_train/images/19--Couple/19_Couple_Couple_19_227.jpg</path><source><database>Unknown</database></source><size><width>1024</width><height>683</height><depth>3</depth></size><segmented>0</segmented><object><name>face</name><pose>Unspecified</pose><truncated>0</truncated><difficult>0</difficult><bndbox><xmin>578</xmin><ymin>56</ymin><xmax>774</xmax><ymax>280</ymax></bndbox></object><object><name>face</name><pose>Unspecified</pose><truncated>0</truncated><difficult>0</difficult><bndbox><xmin>238</xmin><ymin>306</ymin><xmax>402</xmax><ymax>476</ymax></bndbox></object></annotation>