<annotation><folder>19--Couple</folder><filename>19_Couple_Couple_19_268.jpg</filename><path>./WIDER_train/images/19--Couple/19_Couple_Couple_19_268.jpg</path><source><database>Unknown</database></source><size><width>1024</width><height>754</height><depth>3</depth></size><segmented>0</segmented><object><name>face</name><pose>Unspecified</pose><truncated>0</truncated><difficult>0</difficult><bndbox><xmin>616</xmin><ymin>274</ymin><xmax>794</xmax><ymax>488</ymax></bndbox></object><object><name>face</name><pose>Unspecified</pose><truncated>0</truncated><difficult>0</difficult><bndbox><xmin>296</xmin><ymin>56</ymin><xmax>492</xmax><ymax>286</ymax></bndbox></object></annotation>