<annotation><folder>19--Couple</folder><filename>19_Couple_Couple_19_165.jpg</filename><path>./WIDER_train/images/19--Couple/19_Couple_Couple_19_165.jpg</path><source><database>Unknown</database></source><size><width>1024</width><height>1024</height><depth>3</depth></size><segmented>0</segmented><object><name>face</name><pose>Unspecified</pose><truncated>0</truncated><difficult>0</difficult><bndbox><xmin>480</xmin><ymin>284</ymin><xmax>868</xmax><ymax>850</ymax></bndbox></object><object><name>face</name><pose>Unspecified</pose><truncated>0</truncated><difficult>0</difficult><bndbox><xmin>138</xmin><ymin>84</ymin><xmax>478</xmax><ymax>656</ymax></bndbox></object></annotation>