<annotation><folder>19--Couple</folder><filename>19_Couple_Couple_19_45.jpg</filename><path>./WIDER_train/images/19--Couple/19_Couple_Couple_19_45.jpg</path><source><database>Unknown</database></source><size><width>1024</width><height>1024</height><depth>3</depth></size><segmented>0</segmented><object><name>face</name><pose>Unspecified</pose><truncated>0</truncated><difficult>0</difficult><bndbox><xmin>136</xmin><ymin>316</ymin><xmax>438</xmax><ymax>648</ymax></bndbox></object><object><name>face</name><pose>Unspecified</pose><truncated>0</truncated><difficult>0</difficult><bndbox><xmin>572</xmin><ymin>220</ymin><xmax>794</xmax><ymax>528</ymax></bndbox></object></annotation>