<annotation><folder>19--Couple</folder><filename>19_Couple_Couple_19_123.jpg</filename><path>./WIDER_train/images/19--Couple/19_Couple_Couple_19_123.jpg</path><source><database>Unknown</database></source><size><width>1024</width><height>768</height><depth>3</depth></size><segmented>0</segmented><object><name>face</name><pose>Unspecified</pose><truncated>0</truncated><difficult>0</difficult><bndbox><xmin>530</xmin><ymin>270</ymin><xmax>642</xmax><ymax>444</ymax></bndbox></object><object><name>face</name><pose>Unspecified</pose><truncated>0</truncated><difficult>0</difficult><bndbox><xmin>638</xmin><ymin>210</ymin><xmax>790</xmax><ymax>384</ymax></bndbox></object></annotation>