<annotation><folder>19--Couple</folder><filename>19_Couple_Couple_19_7.jpg</filename><path>./WIDER_train/images/19--Couple/19_Couple_Couple_19_7.jpg</path><source><database>Unknown</database></source><size><width>1024</width><height>1010</height><depth>3</depth></size><segmented>0</segmented><object><name>face</name><pose>Unspecified</pose><truncated>0</truncated><difficult>0</difficult><bndbox><xmin>6</xmin><ymin>8</ymin><xmax>470</xmax><ymax>674</ymax></bndbox></object><object><name>face</name><pose>Unspecified</pose><truncated>0</truncated><difficult>0</difficult><bndbox><xmin>448</xmin><ymin>4</ymin><xmax>990</xmax><ymax>674</ymax></bndbox></object></annotation>