<annotation>
	<folder>train</folder>
	<filename>19_Couple_Couple_19_432.jpg</filename>
	<path>D:\mask_dataset\train\19_Couple_Couple_19_432.jpg</path>
	<source>
		<database>Unknown</database>
	</source>
	<size>
		<width>1024</width>
		<height>1486</height>
		<depth>3</depth>
	</size>
	<segmented>0</segmented>
	<object>
		<name>face</name>
		<pose>Unspecified</pose>
		<truncated>0</truncated>
		<difficult>0</difficult>
		<bndbox>
			<xmin>157</xmin>
			<ymin>206</ymin>
			<xmax>557</xmax>
			<ymax>827</ymax>
		</bndbox>
	</object>
	<object>
		<name>face</name>
		<pose>Unspecified</pose>
		<truncated>0</truncated>
		<difficult>0</difficult>
		<bndbox>
			<xmin>534</xmin>
			<ymin>281</ymin>
			<xmax>987</xmax>
			<ymax>876</ymax>
		</bndbox>
	</object>
</annotation>
