<annotation><folder>19--Couple</folder><filename>19_Couple_Couple_19_465.jpg</filename><path>./WIDER_train/images/19--Couple/19_Couple_Couple_19_465.jpg</path><source><database>Unknown</database></source><size><width>1024</width><height>768</height><depth>3</depth></size><segmented>0</segmented><object><name>face</name><pose>Unspecified</pose><truncated>0</truncated><difficult>0</difficult><bndbox><xmin>592</xmin><ymin>22</ymin><xmax>986</xmax><ymax>574</ymax></bndbox></object><object><name>face</name><pose>Unspecified</pose><truncated>0</truncated><difficult>0</difficult><bndbox><xmin>162</xmin><ymin>144</ymin><xmax>352</xmax><ymax>362</ymax></bndbox></object></annotation>