<annotation><folder>19--Couple</folder><filename>19_Couple_Couple_19_518.jpg</filename><path>./WIDER_train/images/19--Couple/19_Couple_Couple_19_518.jpg</path><source><database>Unknown</database></source><size><width>1024</width><height>1371</height><depth>3</depth></size><segmented>0</segmented><object><name>face</name><pose>Unspecified</pose><truncated>0</truncated><difficult>0</difficult><bndbox><xmin>258</xmin><ymin>188</ymin><xmax>503</xmax><ymax>527</ymax></bndbox></object><object><name>face</name><pose>Unspecified</pose><truncated>0</truncated><difficult>0</difficult><bndbox><xmin>515</xmin><ymin>147</ymin><xmax>770</xmax><ymax>484</ymax></bndbox></object><object><name>face</name><pose>Unspecified</pose><truncated>0</truncated><difficult>0</difficult><bndbox><xmin>934</xmin><ymin>270</ymin><xmax>986</xmax><ymax>329</ymax></bndbox></object></annotation>