<annotation><folder>19--Couple</folder><filename>19_Couple_Couple_19_557.jpg</filename><path>./WIDER_train/images/19--Couple/19_Couple_Couple_19_557.jpg</path><source><database>Unknown</database></source><size><width>1024</width><height>1328</height><depth>3</depth></size><segmented>0</segmented><object><name>face</name><pose>Unspecified</pose><truncated>0</truncated><difficult>0</difficult><bndbox><xmin>506</xmin><ymin>156</ymin><xmax>778</xmax><ymax>547</ymax></bndbox></object><object><name>face</name><pose>Unspecified</pose><truncated>0</truncated><difficult>0</difficult><bndbox><xmin>272</xmin><ymin>148</ymin><xmax>529</xmax><ymax>490</ymax></bndbox></object></annotation>