<annotation><folder>19--Couple</folder><filename>19_Couple_Couple_19_230.jpg</filename><path>./WIDER_train/images/19--Couple/19_Couple_Couple_19_230.jpg</path><source><database>Unknown</database></source><size><width>1024</width><height>768</height><depth>3</depth></size><segmented>0</segmented><object><name>face</name><pose>Unspecified</pose><truncated>0</truncated><difficult>0</difficult><bndbox><xmin>508</xmin><ymin>236</ymin><xmax>560</xmax><ymax>302</ymax></bndbox></object><object><name>face</name><pose>Unspecified</pose><truncated>0</truncated><difficult>0</difficult><bndbox><xmin>450</xmin><ymin>172</ymin><xmax>512</xmax><ymax>236</ymax></bndbox></object></annotation>