<annotation><folder>19--Couple</folder><filename>19_Couple_Couple_19_243.jpg</filename><path>./WIDER_train/images/19--Couple/19_Couple_Couple_19_243.jpg</path><source><database>Unknown</database></source><size><width>1024</width><height>1158</height><depth>3</depth></size><segmented>0</segmented><object><name>face</name><pose>Unspecified</pose><truncated>0</truncated><difficult>0</difficult><bndbox><xmin>493</xmin><ymin>147</ymin><xmax>687</xmax><ymax>380</ymax></bndbox></object><object><name>face</name><pose>Unspecified</pose><truncated>0</truncated><difficult>0</difficult><bndbox><xmin>307</xmin><ymin>262</ymin><xmax>467</xmax><ymax>479</ymax></bndbox></object></annotation>