<annotation><folder>19--Couple</folder><filename>19_Couple_Couple_19_181.jpg</filename><path>./WIDER_train/images/19--Couple/19_Couple_Couple_19_181.jpg</path><source><database>Unknown</database></source><size><width>1024</width><height>640</height><depth>3</depth></size><segmented>0</segmented><object><name>face</name><pose>Unspecified</pose><truncated>0</truncated><difficult>0</difficult><bndbox><xmin>428</xmin><ymin>190</ymin><xmax>658</xmax><ymax>498</ymax></bndbox></object><object><name>face</name><pose>Unspecified</pose><truncated>0</truncated><difficult>0</difficult><bndbox><xmin>276</xmin><ymin>118</ymin><xmax>418</xmax><ymax>446</ymax></bndbox></object></annotation>