<annotation><folder>19--Couple</folder><filename>19_Couple_Couple_19_22.jpg</filename><path>./WIDER_train/images/19--Couple/19_Couple_Couple_19_22.jpg</path><source><database>Unknown</database></source><size><width>1024</width><height>681</height><depth>3</depth></size><segmented>0</segmented><object><name>face</name><pose>Unspecified</pose><truncated>0</truncated><difficult>0</difficult><bndbox><xmin>708</xmin><ymin>90</ymin><xmax>814</xmax><ymax>296</ymax></bndbox></object><object><name>face</name><pose>Unspecified</pose><truncated>0</truncated><difficult>0</difficult><bndbox><xmin>234</xmin><ymin>146</ymin><xmax>326</xmax><ymax>302</ymax></bndbox></object></annotation>