<annotation><folder>19--Couple</folder><filename>19_Couple_Couple_19_58.jpg</filename><path>./WIDER_train/images/19--Couple/19_Couple_Couple_19_58.jpg</path><source><database>Unknown</database></source><size><width>1024</width><height>1024</height><depth>3</depth></size><segmented>0</segmented><object><name>face</name><pose>Unspecified</pose><truncated>0</truncated><difficult>0</difficult><bndbox><xmin>206</xmin><ymin>160</ymin><xmax>480</xmax><ymax>644</ymax></bndbox></object><object><name>face</name><pose>Unspecified</pose><truncated>0</truncated><difficult>0</difficult><bndbox><xmin>402</xmin><ymin>194</ymin><xmax>750</xmax><ymax>578</ymax></bndbox></object></annotation>