<annotation><folder>19--Couple</folder><filename>19_Couple_Couple_19_429.jpg</filename><path>./WIDER_train/images/19--Couple/19_Couple_Couple_19_429.jpg</path><source><database>Unknown</database></source><size><width>1024</width><height>842</height><depth>3</depth></size><segmented>0</segmented><object><name>face</name><pose>Unspecified</pose><truncated>0</truncated><difficult>0</difficult><bndbox><xmin>408</xmin><ymin>96</ymin><xmax>654</xmax><ymax>412</ymax></bndbox></object><object><name>face</name><pose>Unspecified</pose><truncated>0</truncated><difficult>0</difficult><bndbox><xmin>630</xmin><ymin>224</ymin><xmax>842</xmax><ymax>486</ymax></bndbox></object></annotation>