<annotation><folder>19--Couple</folder><filename>19_Couple_Couple_19_39.jpg</filename><path>./WIDER_train/images/19--Couple/19_Couple_Couple_19_39.jpg</path><source><database>Unknown</database></source><size><width>1024</width><height>1004</height><depth>3</depth></size><segmented>0</segmented><object><name>face</name><pose>Unspecified</pose><truncated>0</truncated><difficult>0</difficult><bndbox><xmin>618</xmin><ymin>266</ymin><xmax>696</xmax><ymax>368</ymax></bndbox></object><object><name>face</name><pose>Unspecified</pose><truncated>0</truncated><difficult>0</difficult><bndbox><xmin>716</xmin><ymin>204</ymin><xmax>810</xmax><ymax>334</ymax></bndbox></object></annotation>