<annotation><folder>19--Couple</folder><filename>19_Couple_Couple_19_461.jpg</filename><path>./WIDER_train/images/19--Couple/19_Couple_Couple_19_461.jpg</path><source><database>Unknown</database></source><size><width>1024</width><height>1536</height><depth>3</depth></size><segmented>0</segmented><object><name>face</name><pose>Unspecified</pose><truncated>0</truncated><difficult>0</difficult><bndbox><xmin>441</xmin><ymin>432</ymin><xmax>525</xmax><ymax>528</ymax></bndbox></object><object><name>face</name><pose>Unspecified</pose><truncated>0</truncated><difficult>0</difficult><bndbox><xmin>592</xmin><ymin>435</ymin><xmax>676</xmax><ymax>546</ymax></bndbox></object></annotation>