<annotation><folder>19--Couple</folder><filename>19_Couple_Couple_19_49.jpg</filename><path>./WIDER_train/images/19--Couple/19_Couple_Couple_19_49.jpg</path><source><database>Unknown</database></source><size><width>1024</width><height>681</height><depth>3</depth></size><segmented>0</segmented><object><name>face</name><pose>Unspecified</pose><truncated>0</truncated><difficult>0</difficult><bndbox><xmin>238</xmin><ymin>212</ymin><xmax>346</xmax><ymax>370</ymax></bndbox></object><object><name>face</name><pose>Unspecified</pose><truncated>0</truncated><difficult>0</difficult><bndbox><xmin>602</xmin><ymin>232</ymin><xmax>718</xmax><ymax>404</ymax></bndbox></object></annotation>