<annotation><folder>19--Couple</folder><filename>19_Couple_Couple_19_366.jpg</filename><path>./WIDER_train/images/19--Couple/19_Couple_Couple_19_366.jpg</path><source><database>Unknown</database></source><size><width>1024</width><height>684</height><depth>3</depth></size><segmented>0</segmented><object><name>face</name><pose>Unspecified</pose><truncated>0</truncated><difficult>0</difficult><bndbox><xmin>201</xmin><ymin>144</ymin><xmax>244</xmax><ymax>212</ymax></bndbox></object><object><name>face</name><pose>Unspecified</pose><truncated>0</truncated><difficult>0</difficult><bndbox><xmin>762</xmin><ymin>97</ymin><xmax>814</xmax><ymax>181</ymax></bndbox></object></annotation>