<annotation><folder>19--Couple</folder><filename>19_Couple_Couple_19_269.jpg</filename><path>./WIDER_train/images/19--Couple/19_Couple_Couple_19_269.jpg</path><source><database>Unknown</database></source><size><width>1024</width><height>973</height><depth>3</depth></size><segmented>0</segmented><object><name>face</name><pose>Unspecified</pose><truncated>0</truncated><difficult>0</difficult><bndbox><xmin>592</xmin><ymin>142</ymin><xmax>962</xmax><ymax>684</ymax></bndbox></object><object><name>face</name><pose>Unspecified</pose><truncated>0</truncated><difficult>0</difficult><bndbox><xmin>286</xmin><ymin>202</ymin><xmax>618</xmax><ymax>630</ymax></bndbox></object></annotation>