<annotation><folder>19--Couple</folder><filename>19_Couple_Couple_19_457.jpg</filename><path>./WIDER_train/images/19--Couple/19_Couple_Couple_19_457.jpg</path><source><database>Unknown</database></source><size><width>1024</width><height>687</height><depth>3</depth></size><segmented>0</segmented><object><name>face</name><pose>Unspecified</pose><truncated>0</truncated><difficult>0</difficult><bndbox><xmin>278</xmin><ymin>10</ymin><xmax>504</xmax><ymax>366</ymax></bndbox></object><object><name>face</name><pose>Unspecified</pose><truncated>0</truncated><difficult>0</difficult><bndbox><xmin>504</xmin><ymin>10</ymin><xmax>814</xmax><ymax>286</ymax></bndbox></object></annotation>