<annotation><folder>19--Couple</folder><filename>19_Couple_Couple_19_180.jpg</filename><path>./WIDER_train/images/19--Couple/19_Couple_Couple_19_180.jpg</path><source><database>Unknown</database></source><size><width>1024</width><height>1160</height><depth>3</depth></size><segmented>0</segmented><object><name>face</name><pose>Unspecified</pose><truncated>0</truncated><difficult>0</difficult><bndbox><xmin>718</xmin><ymin>45</ymin><xmax>845</xmax><ymax>213</ymax></bndbox></object><object><name>face</name><pose>Unspecified</pose><truncated>0</truncated><difficult>0</difficult><bndbox><xmin>578</xmin><ymin>134</ymin><xmax>691</xmax><ymax>306</ymax></bndbox></object></annotation>