<annotation><folder>19--Couple</folder><filename>19_Couple_Couple_19_476.jpg</filename><path>./WIDER_train/images/19--Couple/19_Couple_Couple_19_476.jpg</path><source><database>Unknown</database></source><size><width>1024</width><height>768</height><depth>3</depth></size><segmented>0</segmented><object><name>face</name><pose>Unspecified</pose><truncated>0</truncated><difficult>0</difficult><bndbox><xmin>211</xmin><ymin>397</ymin><xmax>248</xmax><ymax>442</ymax></bndbox></object><object><name>face</name><pose>Unspecified</pose><truncated>0</truncated><difficult>0</difficult><bndbox><xmin>255</xmin><ymin>412</ymin><xmax>301</xmax><ymax>457</ymax></bndbox></object></annotation>