<annotation><folder>13--Interview</folder><filename>13_Interview_Interview_On_Location_13_647.jpg</filename><path>./WIDER_train/images/13--Interview/13_Interview_Interview_On_Location_13_647.jpg</path><source><database>Unknown</database></source><size><width>1024</width><height>768</height><depth>3</depth></size><segmented>0</segmented><object><name>face</name><pose>Unspecified</pose><truncated>0</truncated><difficult>0</difficult><bndbox><xmin>272</xmin><ymin>208</ymin><xmax>416</xmax><ymax>420</ymax></bndbox></object><object><name>face</name><pose>Unspecified</pose><truncated>0</truncated><difficult>0</difficult><bndbox><xmin>656</xmin><ymin>192</ymin><xmax>772</xmax><ymax>374</ymax></bndbox></object></annotation>