<annotation><folder>13--Interview</folder><filename>13_Interview_Interview_On_Location_13_667.jpg</filename><path>./WIDER_train/images/13--Interview/13_Interview_Interview_On_Location_13_667.jpg</path><source><database>Unknown</database></source><size><width>1024</width><height>685</height><depth>3</depth></size><segmented>0</segmented><object><name>face</name><pose>Unspecified</pose><truncated>0</truncated><difficult>0</difficult><bndbox><xmin>343</xmin><ymin>157</ymin><xmax>585</xmax><ymax>510</ymax></bndbox></object><object><name>face</name><pose>Unspecified</pose><truncated>0</truncated><difficult>0</difficult><bndbox><xmin>926</xmin><ymin>76</ymin><xmax>950</xmax><ymax>118</ymax></bndbox></object><object><name>face</name><pose>Unspecified</pose><truncated>0</truncated><difficult>0</difficult><bndbox><xmin>917</xmin><ymin>412</ymin><xmax>939</xmax><ymax>447</ymax></bndbox></object></annotation>