<annotation><folder>13--Interview</folder><filename>13_Interview_Interview_On_Location_13_615.jpg</filename><path>./WIDER_train/images/13--Interview/13_Interview_Interview_On_Location_13_615.jpg</path><source><database>Unknown</database></source><size><width>1024</width><height>1024</height><depth>3</depth></size><segmented>0</segmented><object><name>face</name><pose>Unspecified</pose><truncated>0</truncated><difficult>0</difficult><bndbox><xmin>782</xmin><ymin>100</ymin><xmax>856</xmax><ymax>204</ymax></bndbox></object><object><name>face</name><pose>Unspecified</pose><truncated>0</truncated><difficult>0</difficult><bndbox><xmin>274</xmin><ymin>82</ymin><xmax>352</xmax><ymax>184</ymax></bndbox></object><object><name>face</name><pose>Unspecified</pose><truncated>0</truncated><difficult>0</difficult><bndbox><xmin>566</xmin><ymin>190</ymin><xmax>636</xmax><ymax>288</ymax></bndbox></object><object><name>face</name><pose>Unspecified</pose><truncated>0</truncated><difficult>0</difficult><bndbox><xmin>242</xmin><ymin>444</ymin><xmax>324</xmax><ymax>552</ymax></bndbox></object><object><name>face</name><pose>Unspecified</pose><truncated>0</truncated><difficult>0</difficult><bndbox><xmin>532</xmin><ymin>396</ymin><xmax>608</xmax><ymax>506</ymax></bndbox></object></annotation>