<annotation><folder>13--Interview</folder><filename>13_Interview_Interview_On_Location_13_720.jpg</filename><path>./WIDER_train/images/13--Interview/13_Interview_Interview_On_Location_13_720.jpg</path><source><database>Unknown</database></source><size><width>1024</width><height>904</height><depth>3</depth></size><segmented>0</segmented><object><name>face</name><pose>Unspecified</pose><truncated>0</truncated><difficult>0</difficult><bndbox><xmin>440</xmin><ymin>62</ymin><xmax>558</xmax><ymax>242</ymax></bndbox></object></annotation>