<annotation><folder>13--Interview</folder><filename>13_Interview_Interview_On_Location_13_700.jpg</filename><path>./WIDER_train/images/13--Interview/13_Interview_Interview_On_Location_13_700.jpg</path><source><database>Unknown</database></source><size><width>1024</width><height>2059</height><depth>3</depth></size><segmented>0</segmented><object><name>face</name><pose>Unspecified</pose><truncated>0</truncated><difficult>0</difficult><bndbox><xmin>254</xmin><ymin>236</ymin><xmax>302</xmax><ymax>301</ymax></bndbox></object><object><name>face</name><pose>Unspecified</pose><truncated>0</truncated><difficult>0</difficult><bndbox><xmin>765</xmin><ymin>287</ymin><xmax>830</xmax><ymax>368</ymax></bndbox></object><object><name>face</name><pose>Unspecified</pose><truncated>0</truncated><difficult>0</difficult><bndbox><xmin>276</xmin><ymin>1088</ymin><xmax>328</xmax><ymax>1164</ymax></bndbox></object><object><name>face</name><pose>Unspecified</pose><truncated>0</truncated><difficult>0</difficult><bndbox><xmin>772</xmin><ymin>1190</ymin><xmax>832</xmax><ymax>1270</ymax></bndbox></object></annotation>