<annotation><folder>13--Interview</folder><filename>13_Interview_Interview_2_People_Visible_13_1012.jpg</filename><path>./WIDER_train/images/13--Interview/13_Interview_Interview_2_People_Visible_13_1012.jpg</path><source><database>Unknown</database></source><size><width>1024</width><height>726</height><depth>3</depth></size><segmented>0</segmented><object><name>face</name><pose>Unspecified</pose><truncated>0</truncated><difficult>0</difficult><bndbox><xmin>53</xmin><ymin>92</ymin><xmax>92</xmax><ymax>161</ymax></bndbox></object><object><name>face</name><pose>Unspecified</pose><truncated>0</truncated><difficult>0</difficult><bndbox><xmin>292</xmin><ymin>104</ymin><xmax>330</xmax><ymax>163</ymax></bndbox></object><object><name>face</name><pose>Unspecified</pose><truncated>0</truncated><difficult>0</difficult><bndbox><xmin>640</xmin><ymin>0</ymin><xmax>688</xmax><ymax>67</ymax></bndbox></object></annotation>