<annotation><folder>13--Interview</folder><filename>13_Interview_Interview_On_Location_13_292.jpg</filename><path>./WIDER_train/images/13--Interview/13_Interview_Interview_On_Location_13_292.jpg</path><source><database>Unknown</database></source><size><width>1024</width><height>735</height><depth>3</depth></size><segmented>0</segmented><object><name>face</name><pose>Unspecified</pose><truncated>0</truncated><difficult>0</difficult><bndbox><xmin>440</xmin><ymin>274</ymin><xmax>520</xmax><ymax>398</ymax></bndbox></object><object><name>face</name><pose>Unspecified</pose><truncated>0</truncated><difficult>0</difficult><bndbox><xmin>628</xmin><ymin>316</ymin><xmax>702</xmax><ymax>414</ymax></bndbox></object></annotation>