<annotation><folder>13--Interview</folder><filename>13_Interview_Interview_On_Location_13_57.jpg</filename><path>./WIDER_train/images/13--Interview/13_Interview_Interview_On_Location_13_57.jpg</path><source><database>Unknown</database></source><size><width>1024</width><height>576</height><depth>3</depth></size><segmented>0</segmented><object><name>face</name><pose>Unspecified</pose><truncated>0</truncated><difficult>0</difficult><bndbox><xmin>224</xmin><ymin>214</ymin><xmax>308</xmax><ymax>342</ymax></bndbox></object><object><name>face</name><pose>Unspecified</pose><truncated>0</truncated><difficult>0</difficult><bndbox><xmin>686</xmin><ymin>198</ymin><xmax>792</xmax><ymax>360</ymax></bndbox></object></annotation>