<annotation><folder>13--Interview</folder><filename>13_Interview_Interview_On_Location_13_421.jpg</filename><path>./WIDER_train/images/13--Interview/13_Interview_Interview_On_Location_13_421.jpg</path><source><database>Unknown</database></source><size><width>1024</width><height>576</height><depth>3</depth></size><segmented>0</segmented><object><name>face</name><pose>Unspecified</pose><truncated>0</truncated><difficult>0</difficult><bndbox><xmin>436</xmin><ymin>128</ymin><xmax>602</xmax><ymax>382</ymax></bndbox></object></annotation>