<annotation><folder>13--Interview</folder><filename>13_Interview_Interview_On_Location_13_195.jpg</filename><path>./WIDER_train/images/13--Interview/13_Interview_Interview_On_Location_13_195.jpg</path><source><database>Unknown</database></source><size><width>1024</width><height>681</height><depth>3</depth></size><segmented>0</segmented><object><name>face</name><pose>Unspecified</pose><truncated>0</truncated><difficult>0</difficult><bndbox><xmin>150</xmin><ymin>124</ymin><xmax>230</xmax><ymax>282</ymax></bndbox></object><object><name>face</name><pose>Unspecified</pose><truncated>0</truncated><difficult>0</difficult><bndbox><xmin>486</xmin><ymin>186</ymin><xmax>564</xmax><ymax>310</ymax></bndbox></object><object><name>face</name><pose>Unspecified</pose><truncated>0</truncated><difficult>0</difficult><bndbox><xmin>860</xmin><ymin>78</ymin><xmax>980</xmax><ymax>278</ymax></bndbox></object></annotation>