<annotation><folder>13--Interview</folder><filename>13_Interview_Interview_On_Location_13_92.jpg</filename><path>./WIDER_train/images/13--Interview/13_Interview_Interview_On_Location_13_92.jpg</path><source><database>Unknown</database></source><size><width>1024</width><height>576</height><depth>3</depth></size><segmented>0</segmented><object><name>face</name><pose>Unspecified</pose><truncated>0</truncated><difficult>0</difficult><bndbox><xmin>694</xmin><ymin>104</ymin><xmax>800</xmax><ymax>240</ymax></bndbox></object><object><name>face</name><pose>Unspecified</pose><truncated>0</truncated><difficult>0</difficult><bndbox><xmin>286</xmin><ymin>38</ymin><xmax>412</xmax><ymax>190</ymax></bndbox></object></annotation>