<annotation><folder>13--Interview</folder><filename>13_Interview_Interview_2_People_Visible_13_101.jpg</filename><path>./WIDER_train/images/13--Interview/13_Interview_Interview_2_People_Visible_13_101.jpg</path><source><database>Unknown</database></source><size><width>1024</width><height>1535</height><depth>3</depth></size><segmented>0</segmented><object><name>face</name><pose>Unspecified</pose><truncated>0</truncated><difficult>0</difficult><bndbox><xmin>25</xmin><ymin>0</ymin><xmax>102</xmax><ymax>95</ymax></bndbox></object><object><name>face</name><pose>Unspecified</pose><truncated>0</truncated><difficult>0</difficult><bndbox><xmin>243</xmin><ymin>0</ymin><xmax>321</xmax><ymax>58</ymax></bndbox></object><object><name>face</name><pose>Unspecified</pose><truncated>0</truncated><difficult>0</difficult><bndbox><xmin>495</xmin><ymin>0</ymin><xmax>577</xmax><ymax>56</ymax></bndbox></object><object><name>face</name><pose>Unspecified</pose><truncated>0</truncated><difficult>0</difficult><bndbox><xmin>535</xmin><ymin>199</ymin><xmax>709</xmax><ymax>410</ymax></bndbox></object></annotation>