<annotation><folder>13--Interview</folder><filename>13_Interview_Interview_On_Location_13_344.jpg</filename><path>./WIDER_train/images/13--Interview/13_Interview_Interview_On_Location_13_344.jpg</path><source><database>Unknown</database></source><size><width>1024</width><height>901</height><depth>3</depth></size><segmented>0</segmented><object><name>face</name><pose>Unspecified</pose><truncated>0</truncated><difficult>0</difficult><bndbox><xmin>356</xmin><ymin>102</ymin><xmax>492</xmax><ymax>298</ymax></bndbox></object></annotation>