<annotation><folder>13--Interview</folder><filename>13_Interview_Interview_2_People_Visible_13_230.jpg</filename><path>./WIDER_train/images/13--Interview/13_Interview_Interview_2_People_Visible_13_230.jpg</path><source><database>Unknown</database></source><size><width>1024</width><height>1020</height><depth>3</depth></size><segmented>0</segmented><object><name>face</name><pose>Unspecified</pose><truncated>0</truncated><difficult>0</difficult><bndbox><xmin>796</xmin><ymin>320</ymin><xmax>884</xmax><ymax>466</ymax></bndbox></object><object><name>face</name><pose>Unspecified</pose><truncated>0</truncated><difficult>0</difficult><bndbox><xmin>136</xmin><ymin>420</ymin><xmax>206</xmax><ymax>524</ymax></bndbox></object><object><name>face</name><pose>Unspecified</pose><truncated>0</truncated><difficult>0</difficult><bndbox><xmin>400</xmin><ymin>132</ymin><xmax>616</xmax><ymax>484</ymax></bndbox></object></annotation>