<annotation>
	<folder>train</folder>
	<filename>13_Interview_Interview_On_Location_13_205.jpg</filename>
	<path>/home/daniel/Data/Dataset/FaceMaskNew/train/13_Interview_Interview_On_Location_13_205.jpg</path>
	<source>
		<database>Unknown</database>
	</source>
	<size>
		<width>1024</width>
		<height>576</height>
		<depth>3</depth>
	</size>
	<segmented>0</segmented>
	<object>
		<name>face</name>
		<pose>Unspecified</pose>
		<truncated>0</truncated>
		<difficult>0</difficult>
		<bndbox>
			<xmin>302</xmin>
			<ymin>86</ymin>
			<xmax>538</xmax>
			<ymax>450</ymax>
		</bndbox>
	</object>
	<object>
		<name>face</name>
		<pose>Unspecified</pose>
		<truncated>0</truncated>
		<difficult>0</difficult>
		<bndbox>
			<xmin>868</xmin>
			<ymin>90</ymin>
			<xmax>900</xmax>
			<ymax>131</ymax>
		</bndbox>
	</object>
</annotation>
