<annotation><folder>13--Interview</folder><filename>13_Interview_Interview_On_Location_13_275.jpg</filename><path>./WIDER_train/images/13--Interview/13_Interview_Interview_On_Location_13_275.jpg</path><source><database>Unknown</database></source><size><width>1024</width><height>1543</height><depth>3</depth></size><segmented>0</segmented><object><name>face</name><pose>Unspecified</pose><truncated>0</truncated><difficult>0</difficult><bndbox><xmin>464</xmin><ymin>389</ymin><xmax>533</xmax><ymax>482</ymax></bndbox></object><object><name>face</name><pose>Unspecified</pose><truncated>0</truncated><difficult>0</difficult><bndbox><xmin>626</xmin><ymin>367</ymin><xmax>704</xmax><ymax>460</ymax></bndbox></object></annotation>