<annotation><folder>13--Interview</folder><filename>13_Interview_Interview_On_Location_13_211.jpg</filename><path>./WIDER_train/images/13--Interview/13_Interview_Interview_On_Location_13_211.jpg</path><source><database>Unknown</database></source><size><width>1024</width><height>768</height><depth>3</depth></size><segmented>0</segmented><object><name>face</name><pose>Unspecified</pose><truncated>0</truncated><difficult>0</difficult><bndbox><xmin>124</xmin><ymin>238</ymin><xmax>214</xmax><ymax>352</ymax></bndbox></object><object><name>face</name><pose>Unspecified</pose><truncated>0</truncated><difficult>0</difficult><bndbox><xmin>376</xmin><ymin>296</ymin><xmax>446</xmax><ymax>396</ymax></bndbox></object><object><name>face</name><pose>Unspecified</pose><truncated>0</truncated><difficult>0</difficult><bndbox><xmin>540</xmin><ymin>142</ymin><xmax>612</xmax><ymax>252</ymax></bndbox></object><object><name>face</name><pose>Unspecified</pose><truncated>0</truncated><difficult>0</difficult><bndbox><xmin>812</xmin><ymin>170</ymin><xmax>886</xmax><ymax>280</ymax></bndbox></object></annotation>