<annotation><folder>13--Interview</folder><filename>13_Interview_Interview_On_Location_13_550.jpg</filename><path>./WIDER_train/images/13--Interview/13_Interview_Interview_On_Location_13_550.jpg</path><source><database>Unknown</database></source><size><width>1024</width><height>1357</height><depth>3</depth></size><segmented>0</segmented><object><name>face</name><pose>Unspecified</pose><truncated>0</truncated><difficult>0</difficult><bndbox><xmin>220</xmin><ymin>454</ymin><xmax>414</xmax><ymax>722</ymax></bndbox></object><object><name>face</name><pose>Unspecified</pose><truncated>0</truncated><difficult>0</difficult><bndbox><xmin>525</xmin><ymin>210</ymin><xmax>766</xmax><ymax>526</ymax></bndbox></object></annotation>