<annotation><folder>13--Interview</folder><filename>13_Interview_Interview_2_People_Visible_13_132.jpg</filename><path>./WIDER_train/images/13--Interview/13_Interview_Interview_2_People_Visible_13_132.jpg</path><source><database>Unknown</database></source><size><width>1024</width><height>578</height><depth>3</depth></size><segmented>0</segmented><object><name>face</name><pose>Unspecified</pose><truncated>0</truncated><difficult>0</difficult><bndbox><xmin>202</xmin><ymin>76</ymin><xmax>352</xmax><ymax>278</ymax></bndbox></object><object><name>face</name><pose>Unspecified</pose><truncated>0</truncated><difficult>0</difficult><bndbox><xmin>370</xmin><ymin>60</ymin><xmax>490</xmax><ymax>266</ymax></bndbox></object></annotation>