<annotation>
	<folder>train</folder>
	<filename>13_Interview_Interview_2_People_Visible_13_26.jpg</filename>
	<path>D:\mask_dataset\train\13_Interview_Interview_2_People_Visible_13_26.jpg</path>
	<source>
		<database>Unknown</database>
	</source>
	<size>
		<width>1024</width>
		<height>1024</height>
		<depth>3</depth>
	</size>
	<segmented>0</segmented>
	<object>
		<name>face</name>
		<pose>Unspecified</pose>
		<truncated>1</truncated>
		<difficult>0</difficult>
		<bndbox>
			<xmin>1</xmin>
			<ymin>242</ymin>
			<xmax>33</xmax>
			<ymax>292</ymax>
		</bndbox>
	</object>
	<object>
		<name>face</name>
		<pose>Unspecified</pose>
		<truncated>0</truncated>
		<difficult>0</difficult>
		<bndbox>
			<xmin>177</xmin>
			<ymin>248</ymin>
			<xmax>362</xmax>
			<ymax>450</ymax>
		</bndbox>
	</object>
	<object>
		<name>face</name>
		<pose>Unspecified</pose>
		<truncated>0</truncated>
		<difficult>0</difficult>
		<bndbox>
			<xmin>369</xmin>
			<ymin>214</ymin>
			<xmax>433</xmax>
			<ymax>314</ymax>
		</bndbox>
	</object>
	<object>
		<name>face</name>
		<pose>Unspecified</pose>
		<truncated>0</truncated>
		<difficult>0</difficult>
		<bndbox>
			<xmin>442</xmin>
			<ymin>289</ymin>
			<xmax>495</xmax>
			<ymax>350</ymax>
		</bndbox>
	</object>
</annotation>
