<annotation>
	<folder>train</folder>
	<filename>13_Interview_Interview_On_Location_13_100.jpg</filename>
	<path>/home/daniel/Data/Dataset/FaceMaskNew/train/13_Interview_Interview_On_Location_13_100.jpg</path>
	<source>
		<database>Unknown</database>
	</source>
	<size>
		<width>1024</width>
		<height>768</height>
		<depth>3</depth>
	</size>
	<segmented>0</segmented>
	<object>
		<name>face</name>
		<pose>Unspecified</pose>
		<truncated>0</truncated>
		<difficult>0</difficult>
		<bndbox>
			<xmin>378</xmin>
			<ymin>36</ymin>
			<xmax>542</xmax>
			<ymax>302</ymax>
		</bndbox>
	</object>
	<object>
		<name>face</name>
		<pose>Unspecified</pose>
		<truncated>1</truncated>
		<difficult>0</difficult>
		<bndbox>
			<xmin>619</xmin>
			<ymin>1</ymin>
			<xmax>1022</xmax>
			<ymax>449</ymax>
		</bndbox>
	</object>
</annotation>
