<annotation><folder>13--Interview</folder><filename>13_Interview_Interview_2_People_Visible_13_167.jpg</filename><path>./WIDER_train/images/13--Interview/13_Interview_Interview_2_People_Visible_13_167.jpg</path><source><database>Unknown</database></source><size><width>1024</width><height>564</height><depth>3</depth></size><segmented>0</segmented><object><name>face</name><pose>Unspecified</pose><truncated>0</truncated><difficult>0</difficult><bndbox><xmin>130</xmin><ymin>122</ymin><xmax>204</xmax><ymax>246</ymax></bndbox></object><object><name>face</name><pose>Unspecified</pose><truncated>0</truncated><difficult>0</difficult><bndbox><xmin>566</xmin><ymin>74</ymin><xmax>640</xmax><ymax>188</ymax></bndbox></object></annotation>