<annotation>
	<folder>train</folder>
	<filename>13_Interview_Interview_2_People_Visible_13_476.jpg</filename>
	<path>D:\mask_dataset\train\13_Interview_Interview_2_People_Visible_13_476.jpg</path>
	<source>
		<database>Unknown</database>
	</source>
	<size>
		<width>1024</width>
		<height>2125</height>
		<depth>3</depth>
	</size>
	<segmented>0</segmented>
	<object>
		<name>face</name>
		<pose>Unspecified</pose>
		<truncated>0</truncated>
		<difficult>0</difficult>
		<bndbox>
			<xmin>394</xmin>
			<ymin>298</ymin>
			<xmax>605</xmax>
			<ymax>642</ymax>
		</bndbox>
	</object>
</annotation>
