<annotation><folder>13--Interview</folder><filename>13_Interview_Interview_On_Location_13_338.jpg</filename><path>./WIDER_train/images/13--Interview/13_Interview_Interview_On_Location_13_338.jpg</path><source><database>Unknown</database></source><size><width>1024</width><height>683</height><depth>3</depth></size><segmented>0</segmented><object><name>face</name><pose>Unspecified</pose><truncated>0</truncated><difficult>0</difficult><bndbox><xmin>398</xmin><ymin>122</ymin><xmax>484</xmax><ymax>236</ymax></bndbox></object><object><name>face</name><pose>Unspecified</pose><truncated>0</truncated><difficult>0</difficult><bndbox><xmin>542</xmin><ymin>368</ymin><xmax>646</xmax><ymax>512</ymax></bndbox></object><object><name>face</name><pose>Unspecified</pose><truncated>0</truncated><difficult>0</difficult><bndbox><xmin>748</xmin><ymin>392</ymin><xmax>846</xmax><ymax>532</ymax></bndbox></object></annotation>