<annotation><folder>13--Interview</folder><filename>13_Interview_Interview_2_People_Visible_13_240.jpg</filename><path>./WIDER_train/images/13--Interview/13_Interview_Interview_2_People_Visible_13_240.jpg</path><source><database>Unknown</database></source><size><width>1024</width><height>563</height><depth>3</depth></size><segmented>0</segmented><object><name>face</name><pose>Unspecified</pose><truncated>0</truncated><difficult>0</difficult><bndbox><xmin>226</xmin><ymin>180</ymin><xmax>290</xmax><ymax>282</ymax></bndbox></object><object><name>face</name><pose>Unspecified</pose><truncated>0</truncated><difficult>0</difficult><bndbox><xmin>710</xmin><ymin>184</ymin><xmax>782</xmax><ymax>274</ymax></bndbox></object></annotation>