<annotation>
	<folder>train</folder>
	<filename>13_Interview_Interview_2_People_Visible_13_364.jpg</filename>
	<path>D:\mask_dataset\train\13_Interview_Interview_2_People_Visible_13_364.jpg</path>
	<source>
		<database>Unknown</database>
	</source>
	<size>
		<width>1024</width>
		<height>1366</height>
		<depth>3</depth>
	</size>
	<segmented>0</segmented>
	<object>
		<name>face</name>
		<pose>Unspecified</pose>
		<truncated>0</truncated>
		<difficult>0</difficult>
		<bndbox>
			<xmin>56</xmin>
			<ymin>157</ymin>
			<xmax>142</xmax>
			<ymax>295</ymax>
		</bndbox>
	</object>
	<object>
		<name>face</name>
		<pose>Unspecified</pose>
		<truncated>0</truncated>
		<difficult>0</difficult>
		<bndbox>
			<xmin>348</xmin>
			<ymin>146</ymin>
			<xmax>456</xmax>
			<ymax>369</ymax>
		</bndbox>
	</object>
	<object>
		<name>face</name>
		<pose>Unspecified</pose>
		<truncated>0</truncated>
		<difficult>0</difficult>
		<bndbox>
			<xmin>515</xmin>
			<ymin>186</ymin>
			<xmax>597</xmax>
			<ymax>313</ymax>
		</bndbox>
	</object>
	<object>
		<name>face</name>
		<pose>Unspecified</pose>
		<truncated>0</truncated>
		<difficult>0</difficult>
		<bndbox>
			<xmin>599</xmin>
			<ymin>130</ymin>
			<xmax>717</xmax>
			<ymax>329</ymax>
		</bndbox>
	</object>
</annotation>
