<annotation><folder>13--Interview</folder><filename>13_Interview_Interview_2_People_Visible_13_462.jpg</filename><path>./WIDER_train/images/13--Interview/13_Interview_Interview_2_People_Visible_13_462.jpg</path><source><database>Unknown</database></source><size><width>1024</width><height>1538</height><depth>3</depth></size><segmented>0</segmented><object><name>face</name><pose>Unspecified</pose><truncated>0</truncated><difficult>0</difficult><bndbox><xmin>483</xmin><ymin>66</ymin><xmax>603</xmax><ymax>252</ymax></bndbox></object></annotation>