<annotation><folder>13--Interview</folder><filename>13_Interview_Interview_2_People_Visible_13_310.jpg</filename><path>./WIDER_train/images/13--Interview/13_Interview_Interview_2_People_Visible_13_310.jpg</path><source><database>Unknown</database></source><size><width>1024</width><height>1344</height><depth>3</depth></size><segmented>0</segmented><object><name>face</name><pose>Unspecified</pose><truncated>0</truncated><difficult>0</difficult><bndbox><xmin>431</xmin><ymin>239</ymin><xmax>560</xmax><ymax>457</ymax></bndbox></object></annotation>