<annotation>
	<folder>train</folder>
	<filename>13_Interview_Interview_On_Location_13_604.jpg</filename>
	<path>D:\mask_dataset\train\13_Interview_Interview_On_Location_13_604.jpg</path>
	<source>
		<database>Unknown</database>
	</source>
	<size>
		<width>1024</width>
		<height>1369</height>
		<depth>3</depth>
	</size>
	<segmented>0</segmented>
	<object>
		<name>face</name>
		<pose>Unspecified</pose>
		<truncated>0</truncated>
		<difficult>0</difficult>
		<bndbox>
			<xmin>235</xmin>
			<ymin>265</ymin>
			<xmax>623</xmax>
			<ymax>829</ymax>
		</bndbox>
	</object>
</annotation>
