<annotation><folder>13--Interview</folder><filename>13_Interview_Interview_On_Location_13_664.jpg</filename><path>./WIDER_train/images/13--Interview/13_Interview_Interview_On_Location_13_664.jpg</path><source><database>Unknown</database></source><size><width>1024</width><height>1311</height><depth>3</depth></size><segmented>0</segmented><object><name>face</name><pose>Unspecified</pose><truncated>0</truncated><difficult>0</difficult><bndbox><xmin>276</xmin><ymin>92</ymin><xmax>422</xmax><ymax>312</ymax></bndbox></object><object><name>face</name><pose>Unspecified</pose><truncated>0</truncated><difficult>0</difficult><bndbox><xmin>653</xmin><ymin>179</ymin><xmax>786</xmax><ymax>389</ymax></bndbox></object></annotation>