<annotation><folder>13--Interview</folder><filename>13_Interview_Interview_2_People_Visible_13_116.jpg</filename><path>./WIDER_train/images/13--Interview/13_Interview_Interview_2_People_Visible_13_116.jpg</path><source><database>Unknown</database></source><size><width>1024</width><height>1301</height><depth>3</depth></size><segmented>0</segmented><object><name>face</name><pose>Unspecified</pose><truncated>0</truncated><difficult>0</difficult><bndbox><xmin>551</xmin><ymin>81</ymin><xmax>645</xmax><ymax>216</ymax></bndbox></object><object><name>face</name><pose>Unspecified</pose><truncated>0</truncated><difficult>0</difficult><bndbox><xmin>145</xmin><ymin>163</ymin><xmax>214</xmax><ymax>257</ymax></bndbox></object></annotation>