<annotation><folder>13--Interview</folder><filename>13_Interview_Interview_On_Location_13_311.jpg</filename><path>./WIDER_train/images/13--Interview/13_Interview_Interview_On_Location_13_311.jpg</path><source><database>Unknown</database></source><size><width>1024</width><height>768</height><depth>3</depth></size><segmented>0</segmented><object><name>face</name><pose>Unspecified</pose><truncated>0</truncated><difficult>0</difficult><bndbox><xmin>276</xmin><ymin>82</ymin><xmax>328</xmax><ymax>170</ymax></bndbox></object><object><name>face</name><pose>Unspecified</pose><truncated>0</truncated><difficult>0</difficult><bndbox><xmin>658</xmin><ymin>580</ymin><xmax>710</xmax><ymax>670</ymax></bndbox></object><object><name>face</name><pose>Unspecified</pose><truncated>0</truncated><difficult>0</difficult><bndbox><xmin>632</xmin><ymin>38</ymin><xmax>684</xmax><ymax>120</ymax></bndbox></object></annotation>