<annotation><folder>13--Interview</folder><filename>13_Interview_Interview_On_Location_13_549.jpg</filename><path>./WIDER_train/images/13--Interview/13_Interview_Interview_On_Location_13_549.jpg</path><source><database>Unknown</database></source><size><width>1024</width><height>374</height><depth>3</depth></size><segmented>0</segmented><object><name>face</name><pose>Unspecified</pose><truncated>0</truncated><difficult>0</difficult><bndbox><xmin>606</xmin><ymin>62</ymin><xmax>630</xmax><ymax>96</ymax></bndbox></object><object><name>face</name><pose>Unspecified</pose><truncated>0</truncated><difficult>0</difficult><bndbox><xmin>713</xmin><ymin>64</ymin><xmax>736</xmax><ymax>96</ymax></bndbox></object><object><name>face</name><pose>Unspecified</pose><truncated>0</truncated><difficult>0</difficult><bndbox><xmin>812</xmin><ymin>76</ymin><xmax>834</xmax><ymax>103</ymax></bndbox></object><object><name>face</name><pose>Unspecified</pose><truncated>0</truncated><difficult>0</difficult><bndbox><xmin>923</xmin><ymin>65</ymin><xmax>948</xmax><ymax>97</ymax></bndbox></object></annotation>