<annotation><folder>13--Interview</folder><filename>13_Interview_Interview_On_Location_13_152.jpg</filename><path>./WIDER_train/images/13--Interview/13_Interview_Interview_On_Location_13_152.jpg</path><source><database>Unknown</database></source><size><width>1024</width><height>768</height><depth>3</depth></size><segmented>0</segmented><object><name>face</name><pose>Unspecified</pose><truncated>0</truncated><difficult>0</difficult><bndbox><xmin>544</xmin><ymin>46</ymin><xmax>900</xmax><ymax>474</ymax></bndbox></object></annotation>