<annotation><folder>13--Interview</folder><filename>13_Interview_Interview_On_Location_13_753.jpg</filename><path>./WIDER_train/images/13--Interview/13_Interview_Interview_On_Location_13_753.jpg</path><source><database>Unknown</database></source><size><width>1024</width><height>1541</height><depth>3</depth></size><segmented>0</segmented><object><name>face</name><pose>Unspecified</pose><truncated>0</truncated><difficult>0</difficult><bndbox><xmin>473</xmin><ymin>738</ymin><xmax>630</xmax><ymax>970</ymax></bndbox></object><object><name>face</name><pose>Unspecified</pose><truncated>0</truncated><difficult>0</difficult><bndbox><xmin>581</xmin><ymin>527</ymin><xmax>756</xmax><ymax>750</ymax></bndbox></object></annotation>