<annotation><folder>13--Interview</folder><filename>13_Interview_Interview_On_Location_13_210.jpg</filename><path>./WIDER_train/images/13--Interview/13_Interview_Interview_On_Location_13_210.jpg</path><source><database>Unknown</database></source><size><width>1024</width><height>1503</height><depth>3</depth></size><segmented>0</segmented><object><name>face</name><pose>Unspecified</pose><truncated>0</truncated><difficult>0</difficult><bndbox><xmin>314</xmin><ymin>97</ymin><xmax>437</xmax><ymax>267</ymax></bndbox></object><object><name>face</name><pose>Unspecified</pose><truncated>0</truncated><difficult>0</difficult><bndbox><xmin>631</xmin><ymin>111</ymin><xmax>775</xmax><ymax>296</ymax></bndbox></object></annotation>