<annotation>
	<folder>train</folder>
	<filename>13_Interview_Interview_On_Location_13_96.jpg</filename>
	<path>D:\mask_dataset\train\13_Interview_Interview_On_Location_13_96.jpg</path>
	<source>
		<database>Unknown</database>
	</source>
	<size>
		<width>1024</width>
		<height>768</height>
		<depth>3</depth>
	</size>
	<segmented>0</segmented>
	<object>
		<name>face</name>
		<pose>Unspecified</pose>
		<truncated>0</truncated>
		<difficult>0</difficult>
		<bndbox>
			<xmin>394</xmin>
			<ymin>192</ymin>
			<xmax>437</xmax>
			<ymax>258</ymax>
		</bndbox>
	</object>
	<object>
		<name>face</name>
		<pose>Unspecified</pose>
		<truncated>0</truncated>
		<difficult>0</difficult>
		<bndbox>
			<xmin>652</xmin>
			<ymin>197</ymin>
			<xmax>697</xmax>
			<ymax>260</ymax>
		</bndbox>
	</object>
</annotation>
