<annotation>
	<folder>train</folder>
	<filename>13_Interview_Interview_On_Location_13_755.jpg</filename>
	<path>/home/daniel/Data/Dataset/FaceMaskNew/train/13_Interview_Interview_On_Location_13_755.jpg</path>
	<source>
		<database>Unknown</database>
	</source>
	<size>
		<width>1024</width>
		<height>1366</height>
		<depth>3</depth>
	</size>
	<segmented>0</segmented>
	<object>
		<name>face</name>
		<pose>Unspecified</pose>
		<truncated>0</truncated>
		<difficult>0</difficult>
		<bndbox>
			<xmin>480</xmin>
			<ymin>129</ymin>
			<xmax>722</xmax>
			<ymax>491</ymax>
		</bndbox>
	</object>
	<object>
		<name>face</name>
		<pose>Unspecified</pose>
		<truncated>0</truncated>
		<difficult>0</difficult>
		<bndbox>
			<xmin>933</xmin>
			<ymin>301</ymin>
			<xmax>970</xmax>
			<ymax>359</ymax>
		</bndbox>
	</object>
</annotation>
