<annotation><folder>13--Interview</folder><filename>13_Interview_Interview_On_Location_13_385.jpg</filename><path>./WIDER_train/images/13--Interview/13_Interview_Interview_On_Location_13_385.jpg</path><source><database>Unknown</database></source><size><width>1024</width><height>682</height><depth>3</depth></size><segmented>0</segmented><object><name>face</name><pose>Unspecified</pose><truncated>0</truncated><difficult>0</difficult><bndbox><xmin>196</xmin><ymin>52</ymin><xmax>260</xmax><ymax>146</ymax></bndbox></object><object><name>face</name><pose>Unspecified</pose><truncated>0</truncated><difficult>0</difficult><bndbox><xmin>490</xmin><ymin>84</ymin><xmax>544</xmax><ymax>164</ymax></bndbox></object><object><name>face</name><pose>Unspecified</pose><truncated>0</truncated><difficult>0</difficult><bndbox><xmin>808</xmin><ymin>48</ymin><xmax>870</xmax><ymax>144</ymax></bndbox></object></annotation>