<annotation><folder>13--Interview</folder><filename>13_Interview_Interview_On_Location_13_41.jpg</filename><path>./WIDER_train/images/13--Interview/13_Interview_Interview_On_Location_13_41.jpg</path><source><database>Unknown</database></source><size><width>1024</width><height>1024</height><depth>3</depth></size><segmented>0</segmented><object><name>face</name><pose>Unspecified</pose><truncated>0</truncated><difficult>0</difficult><bndbox><xmin>357</xmin><ymin>498</ymin><xmax>387</xmax><ymax>543</ymax></bndbox></object><object><name>face</name><pose>Unspecified</pose><truncated>0</truncated><difficult>0</difficult><bndbox><xmin>443</xmin><ymin>524</ymin><xmax>472</xmax><ymax>564</ymax></bndbox></object></annotation>