<annotation><folder>13--Interview</folder><filename>13_Interview_Interview_On_Location_13_400.jpg</filename><path>./WIDER_train/images/13--Interview/13_Interview_Interview_On_Location_13_400.jpg</path><source><database>Unknown</database></source><size><width>1024</width><height>571</height><depth>3</depth></size><segmented>0</segmented><object><name>face</name><pose>Unspecified</pose><truncated>0</truncated><difficult>0</difficult><bndbox><xmin>662</xmin><ymin>108</ymin><xmax>754</xmax><ymax>254</ymax></bndbox></object><object><name>face</name><pose>Unspecified</pose><truncated>0</truncated><difficult>0</difficult><bndbox><xmin>490</xmin><ymin>142</ymin><xmax>582</xmax><ymax>258</ymax></bndbox></object></annotation>