<annotation><folder>13--Interview</folder><filename>13_Interview_Interview_On_Location_13_498.jpg</filename><path>./WIDER_train/images/13--Interview/13_Interview_Interview_On_Location_13_498.jpg</path><source><database>Unknown</database></source><size><width>1024</width><height>692</height><depth>3</depth></size><segmented>0</segmented><object><name>face</name><pose>Unspecified</pose><truncated>0</truncated><difficult>0</difficult><bndbox><xmin>278</xmin><ymin>268</ymin><xmax>384</xmax><ymax>400</ymax></bndbox></object><object><name>face</name><pose>Unspecified</pose><truncated>0</truncated><difficult>0</difficult><bndbox><xmin>536</xmin><ymin>142</ymin><xmax>646</xmax><ymax>294</ymax></bndbox></object></annotation>