<annotation><folder>13--Interview</folder><filename>13_Interview_Interview_On_Location_13_399.jpg</filename><path>./WIDER_train/images/13--Interview/13_Interview_Interview_On_Location_13_399.jpg</path><source><database>Unknown</database></source><size><width>1024</width><height>1024</height><depth>3</depth></size><segmented>0</segmented><object><name>face</name><pose>Unspecified</pose><truncated>0</truncated><difficult>0</difficult><bndbox><xmin>602</xmin><ymin>44</ymin><xmax>826</xmax><ymax>352</ymax></bndbox></object><object><name>face</name><pose>Unspecified</pose><truncated>0</truncated><difficult>0</difficult><bndbox><xmin>714</xmin><ymin>520</ymin><xmax>812</xmax><ymax>614</ymax></bndbox></object></annotation>