<annotation><folder>13--Interview</folder><filename>13_Interview_Interview_On_Location_13_217.jpg</filename><path>./WIDER_train/images/13--Interview/13_Interview_Interview_On_Location_13_217.jpg</path><source><database>Unknown</database></source><size><width>1024</width><height>680</height><depth>3</depth></size><segmented>0</segmented><object><name>face</name><pose>Unspecified</pose><truncated>0</truncated><difficult>0</difficult><bndbox><xmin>212</xmin><ymin>170</ymin><xmax>296</xmax><ymax>284</ymax></bndbox></object><object><name>face</name><pose>Unspecified</pose><truncated>0</truncated><difficult>0</difficult><bndbox><xmin>456</xmin><ymin>112</ymin><xmax>528</xmax><ymax>230</ymax></bndbox></object></annotation>