<annotation><folder>13--Interview</folder><filename>13_Interview_Interview_2_People_Visible_13_93.jpg</filename><path>./WIDER_train/images/13--Interview/13_Interview_Interview_2_People_Visible_13_93.jpg</path><source><database>Unknown</database></source><size><width>1024</width><height>845</height><depth>3</depth></size><segmented>0</segmented><object><name>face</name><pose>Unspecified</pose><truncated>0</truncated><difficult>0</difficult><bndbox><xmin>608</xmin><ymin>224</ymin><xmax>668</xmax><ymax>302</ymax></bndbox></object><object><name>face</name><pose>Unspecified</pose><truncated>0</truncated><difficult>0</difficult><bndbox><xmin>222</xmin><ymin>208</ymin><xmax>282</xmax><ymax>312</ymax></bndbox></object></annotation>