<annotation><folder>13--Interview</folder><filename>13_Interview_Interview_On_Location_13_536.jpg</filename><path>./WIDER_train/images/13--Interview/13_Interview_Interview_On_Location_13_536.jpg</path><source><database>Unknown</database></source><size><width>1024</width><height>1231</height><depth>3</depth></size><segmented>0</segmented><object><name>face</name><pose>Unspecified</pose><truncated>0</truncated><difficult>0</difficult><bndbox><xmin>91</xmin><ymin>195</ymin><xmax>315</xmax><ymax>493</ymax></bndbox></object><object><name>face</name><pose>Unspecified</pose><truncated>0</truncated><difficult>0</difficult><bndbox><xmin>394</xmin><ymin>276</ymin><xmax>526</xmax><ymax>442</ymax></bndbox></object><object><name>face</name><pose>Unspecified</pose><truncated>0</truncated><difficult>0</difficult><bndbox><xmin>712</xmin><ymin>144</ymin><xmax>993</xmax><ymax>519</ymax></bndbox></object></annotation>