<annotation><folder>13--Interview</folder><filename>13_Interview_Interview_2_People_Visible_13_244.jpg</filename><path>./WIDER_train/images/13--Interview/13_Interview_Interview_2_People_Visible_13_244.jpg</path><source><database>Unknown</database></source><size><width>1024</width><height>1333</height><depth>3</depth></size><segmented>0</segmented><object><name>face</name><pose>Unspecified</pose><truncated>0</truncated><difficult>0</difficult><bndbox><xmin>297</xmin><ymin>149</ymin><xmax>386</xmax><ymax>290</ymax></bndbox></object><object><name>face</name><pose>Unspecified</pose><truncated>0</truncated><difficult>0</difficult><bndbox><xmin>737</xmin><ymin>133</ymin><xmax>828</xmax><ymax>284</ymax></bndbox></object><object><name>face</name><pose>Unspecified</pose><truncated>0</truncated><difficult>0</difficult><bndbox><xmin>276</xmin><ymin>456</ymin><xmax>370</xmax><ymax>602</ymax></bndbox></object><object><name>face</name><pose>Unspecified</pose><truncated>0</truncated><difficult>0</difficult><bndbox><xmin>750</xmin><ymin>485</ymin><xmax>831</xmax><ymax>628</ymax></bndbox></object><object><name>face</name><pose>Unspecified</pose><truncated>0</truncated><difficult>0</difficult><bndbox><xmin>302</xmin><ymin>823</ymin><xmax>393</xmax><ymax>974</ymax></bndbox></object><object><name>face</name><pose>Unspecified</pose><truncated>0</truncated><difficult>0</difficult><bndbox><xmin>753</xmin><ymin>818</ymin><xmax>826</xmax><ymax>974</ymax></bndbox></object></annotation>