<annotation><folder>13--Interview</folder><filename>13_Interview_Interview_On_Location_13_260.jpg</filename><path>./WIDER_train/images/13--Interview/13_Interview_Interview_On_Location_13_260.jpg</path><source><database>Unknown</database></source><size><width>1024</width><height>768</height><depth>3</depth></size><segmented>0</segmented><object><name>face</name><pose>Unspecified</pose><truncated>0</truncated><difficult>0</difficult><bndbox><xmin>138</xmin><ymin>228</ymin><xmax>272</xmax><ymax>440</ymax></bndbox></object><object><name>face</name><pose>Unspecified</pose><truncated>0</truncated><difficult>0</difficult><bndbox><xmin>506</xmin><ymin>250</ymin><xmax>628</xmax><ymax>412</ymax></bndbox></object><object><name>face</name><pose>Unspecified</pose><truncated>0</truncated><difficult>0</difficult><bndbox><xmin>828</xmin><ymin>122</ymin><xmax>980</xmax><ymax>342</ymax></bndbox></object></annotation>