<annotation><folder>13--Interview</folder><filename>13_Interview_Interview_2_People_Visible_13_284.jpg</filename><path>./WIDER_train/images/13--Interview/13_Interview_Interview_2_People_Visible_13_284.jpg</path><source><database>Unknown</database></source><size><width>1024</width><height>1498</height><depth>3</depth></size><segmented>0</segmented><object><name>face</name><pose>Unspecified</pose><truncated>0</truncated><difficult>0</difficult><bndbox><xmin>123</xmin><ymin>301</ymin><xmax>459</xmax><ymax>719</ymax></bndbox></object></annotation>