<annotation><folder>13--Interview</folder><filename>13_Interview_Interview_On_Location_13_668.jpg</filename><path>./WIDER_train/images/13--Interview/13_Interview_Interview_On_Location_13_668.jpg</path><source><database>Unknown</database></source><size><width>1024</width><height>682</height><depth>3</depth></size><segmented>0</segmented><object><name>face</name><pose>Unspecified</pose><truncated>0</truncated><difficult>0</difficult><bndbox><xmin>317</xmin><ymin>136</ymin><xmax>415</xmax><ymax>276</ymax></bndbox></object><object><name>face</name><pose>Unspecified</pose><truncated>0</truncated><difficult>0</difficult><bndbox><xmin>492</xmin><ymin>1</ymin><xmax>547</xmax><ymax>84</ymax></bndbox></object><object><name>face</name><pose>Unspecified</pose><truncated>0</truncated><difficult>0</difficult><bndbox><xmin>607</xmin><ymin>83</ymin><xmax>647</xmax><ymax>150</ymax></bndbox></object><object><name>face</name><pose>Unspecified</pose><truncated>0</truncated><difficult>0</difficult><bndbox><xmin>627</xmin><ymin>99</ymin><xmax>784</xmax><ymax>307</ymax></bndbox></object></annotation>