<annotation><folder>13--Interview</folder><filename>13_Interview_Interview_On_Location_13_384.jpg</filename><path>./WIDER_train/images/13--Interview/13_Interview_Interview_On_Location_13_384.jpg</path><source><database>Unknown</database></source><size><width>1024</width><height>768</height><depth>3</depth></size><segmented>0</segmented><object><name>face</name><pose>Unspecified</pose><truncated>0</truncated><difficult>0</difficult><bndbox><xmin>464</xmin><ymin>430</ymin><xmax>560</xmax><ymax>556</ymax></bndbox></object><object><name>face</name><pose>Unspecified</pose><truncated>0</truncated><difficult>0</difficult><bndbox><xmin>738</xmin><ymin>354</ymin><xmax>870</xmax><ymax>510</ymax></bndbox></object></annotation>