<annotation><folder>13--Interview</folder><filename>13_Interview_Interview_2_People_Visible_13_321.jpg</filename><path>./WIDER_train/images/13--Interview/13_Interview_Interview_2_People_Visible_13_321.jpg</path><source><database>Unknown</database></source><size><width>1024</width><height>848</height><depth>3</depth></size><segmented>0</segmented><object><name>face</name><pose>Unspecified</pose><truncated>0</truncated><difficult>0</difficult><bndbox><xmin>360</xmin><ymin>128</ymin><xmax>632</xmax><ymax>554</ymax></bndbox></object></annotation>