<annotation><folder>13--Interview</folder><filename>13_Interview_Interview_On_Location_13_204.jpg</filename><path>./WIDER_train/images/13--Interview/13_Interview_Interview_On_Location_13_204.jpg</path><source><database>Unknown</database></source><size><width>1024</width><height>794</height><depth>3</depth></size><segmented>0</segmented><object><name>face</name><pose>Unspecified</pose><truncated>0</truncated><difficult>0</difficult><bndbox><xmin>200</xmin><ymin>153</ymin><xmax>323</xmax><ymax>304</ymax></bndbox></object><object><name>face</name><pose>Unspecified</pose><truncated>0</truncated><difficult>0</difficult><bndbox><xmin>398</xmin><ymin>284</ymin><xmax>425</xmax><ymax>324</ymax></bndbox></object><object><name>face</name><pose>Unspecified</pose><truncated>0</truncated><difficult>0</difficult><bndbox><xmin>436</xmin><ymin>57</ymin><xmax>564</xmax><ymax>233</ymax></bndbox></object></annotation>