<annotation><folder>13--Interview</folder><filename>13_Interview_Interview_On_Location_13_90.jpg</filename><path>./WIDER_train/images/13--Interview/13_Interview_Interview_On_Location_13_90.jpg</path><source><database>Unknown</database></source><size><width>1024</width><height>576</height><depth>3</depth></size><segmented>0</segmented><object><name>face</name><pose>Unspecified</pose><truncated>0</truncated><difficult>0</difficult><bndbox><xmin>204</xmin><ymin>145</ymin><xmax>402</xmax><ymax>392</ymax></bndbox></object><object><name>face</name><pose>Unspecified</pose><truncated>0</truncated><difficult>0</difficult><bndbox><xmin>748</xmin><ymin>52</ymin><xmax>789</xmax><ymax>99</ymax></bndbox></object></annotation>