<annotation><folder>13--Interview</folder><filename>13_Interview_Interview_On_Location_13_523.jpg</filename><path>./WIDER_train/images/13--Interview/13_Interview_Interview_On_Location_13_523.jpg</path><source><database>Unknown</database></source><size><width>1024</width><height>1371</height><depth>3</depth></size><segmented>0</segmented><object><name>face</name><pose>Unspecified</pose><truncated>0</truncated><difficult>0</difficult><bndbox><xmin>541</xmin><ymin>121</ymin><xmax>662</xmax><ymax>317</ymax></bndbox></object><object><name>face</name><pose>Unspecified</pose><truncated>0</truncated><difficult>0</difficult><bndbox><xmin>241</xmin><ymin>989</ymin><xmax>324</xmax><ymax>1115</ymax></bndbox></object></annotation>