<annotation><folder>13--Interview</folder><filename>13_Interview_Interview_On_Location_13_73.jpg</filename><path>./WIDER_train/images/13--Interview/13_Interview_Interview_On_Location_13_73.jpg</path><source><database>Unknown</database></source><size><width>1024</width><height>683</height><depth>3</depth></size><segmented>0</segmented><object><name>face</name><pose>Unspecified</pose><truncated>0</truncated><difficult>0</difficult><bndbox><xmin>590</xmin><ymin>103</ymin><xmax>644</xmax><ymax>176</ymax></bndbox></object></annotation>