<annotation><folder>13--Interview</folder><filename>13_Interview_Interview_On_Location_13_496.jpg</filename><path>./WIDER_train/images/13--Interview/13_Interview_Interview_On_Location_13_496.jpg</path><source><database>Unknown</database></source><size><width>1024</width><height>742</height><depth>3</depth></size><segmented>0</segmented><object><name>face</name><pose>Unspecified</pose><truncated>0</truncated><difficult>0</difficult><bndbox><xmin>182</xmin><ymin>180</ymin><xmax>223</xmax><ymax>233</ymax></bndbox></object><object><name>face</name><pose>Unspecified</pose><truncated>0</truncated><difficult>0</difficult><bndbox><xmin>317</xmin><ymin>188</ymin><xmax>360</xmax><ymax>240</ymax></bndbox></object><object><name>face</name><pose>Unspecified</pose><truncated>0</truncated><difficult>0</difficult><bndbox><xmin>440</xmin><ymin>148</ymin><xmax>482</xmax><ymax>202</ymax></bndbox></object><object><name>face</name><pose>Unspecified</pose><truncated>0</truncated><difficult>0</difficult><bndbox><xmin>507</xmin><ymin>186</ymin><xmax>551</xmax><ymax>245</ymax></bndbox></object><object><name>face</name><pose>Unspecified</pose><truncated>0</truncated><difficult>0</difficult><bndbox><xmin>617</xmin><ymin>140</ymin><xmax>671</xmax><ymax>214</ymax></bndbox></object><object><name>face</name><pose>Unspecified</pose><truncated>0</truncated><difficult>0</difficult><bndbox><xmin>774</xmin><ymin>164</ymin><xmax>822</xmax><ymax>233</ymax></bndbox></object></annotation>