<annotation><folder>13--Interview</folder><filename>13_Interview_Interview_2_People_Visible_13_398.jpg</filename><path>./WIDER_train/images/13--Interview/13_Interview_Interview_2_People_Visible_13_398.jpg</path><source><database>Unknown</database></source><size><width>1024</width><height>1288</height><depth>3</depth></size><segmented>0</segmented><object><name>face</name><pose>Unspecified</pose><truncated>0</truncated><difficult>0</difficult><bndbox><xmin>242</xmin><ymin>322</ymin><xmax>411</xmax><ymax>589</ymax></bndbox></object><object><name>face</name><pose>Unspecified</pose><truncated>0</truncated><difficult>0</difficult><bndbox><xmin>413</xmin><ymin>277</ymin><xmax>614</xmax><ymax>584</ymax></bndbox></object><object><name>face</name><pose>Unspecified</pose><truncated>0</truncated><difficult>0</difficult><bndbox><xmin>626</xmin><ymin>335</ymin><xmax>790</xmax><ymax>592</ymax></bndbox></object></annotation>