<annotation><folder>13--Interview</folder><filename>13_Interview_Interview_On_Location_13_389.jpg</filename><path>./WIDER_train/images/13--Interview/13_Interview_Interview_On_Location_13_389.jpg</path><source><database>Unknown</database></source><size><width>1024</width><height>719</height><depth>3</depth></size><segmented>0</segmented><object><name>face</name><pose>Unspecified</pose><truncated>0</truncated><difficult>0</difficult><bndbox><xmin>230</xmin><ymin>176</ymin><xmax>318</xmax><ymax>320</ymax></bndbox></object><object><name>face</name><pose>Unspecified</pose><truncated>0</truncated><difficult>0</difficult><bndbox><xmin>632</xmin><ymin>36</ymin><xmax>780</xmax><ymax>298</ymax></bndbox></object><object><name>face</name><pose>Unspecified</pose><truncated>0</truncated><difficult>0</difficult><bndbox><xmin>710</xmin><ymin>376</ymin><xmax>848</xmax><ymax>568</ymax></bndbox></object><object><name>face</name><pose>Unspecified</pose><truncated>0</truncated><difficult>0</difficult><bndbox><xmin>696</xmin><ymin>70</ymin><xmax>896</xmax><ymax>366</ymax></bndbox></object></annotation>