<annotation><folder>13--Interview</folder><filename>13_Interview_Interview_On_Location_13_371.jpg</filename><path>./WIDER_train/images/13--Interview/13_Interview_Interview_On_Location_13_371.jpg</path><source><database>Unknown</database></source><size><width>1024</width><height>1366</height><depth>3</depth></size><segmented>0</segmented><object><name>face</name><pose>Unspecified</pose><truncated>0</truncated><difficult>0</difficult><bndbox><xmin>880</xmin><ymin>256</ymin><xmax>1008</xmax><ymax>517</ymax></bndbox></object><object><name>face</name><pose>Unspecified</pose><truncated>0</truncated><difficult>0</difficult><bndbox><xmin>69</xmin><ymin>299</ymin><xmax>266</xmax><ymax>579</ymax></bndbox></object></annotation>