<annotation><folder>13--Interview</folder><filename>13_Interview_Interview_On_Location_13_656.jpg</filename><path>./WIDER_train/images/13--Interview/13_Interview_Interview_On_Location_13_656.jpg</path><source><database>Unknown</database></source><size><width>1024</width><height>682</height><depth>3</depth></size><segmented>0</segmented><object><name>face</name><pose>Unspecified</pose><truncated>0</truncated><difficult>0</difficult><bndbox><xmin>408</xmin><ymin>148</ymin><xmax>574</xmax><ymax>352</ymax></bndbox></object><object><name>face</name><pose>Unspecified</pose><truncated>0</truncated><difficult>0</difficult><bndbox><xmin>610</xmin><ymin>164</ymin><xmax>748</xmax><ymax>390</ymax></bndbox></object></annotation>