<annotation><folder>13--Interview</folder><filename>13_Interview_Interview_On_Location_13_270.jpg</filename><path>./WIDER_train/images/13--Interview/13_Interview_Interview_On_Location_13_270.jpg</path><source><database>Unknown</database></source><size><width>1024</width><height>579</height><depth>3</depth></size><segmented>0</segmented><object><name>face</name><pose>Unspecified</pose><truncated>0</truncated><difficult>0</difficult><bndbox><xmin>202</xmin><ymin>66</ymin><xmax>378</xmax><ymax>298</ymax></bndbox></object><object><name>face</name><pose>Unspecified</pose><truncated>0</truncated><difficult>0</difficult><bndbox><xmin>416</xmin><ymin>334</ymin><xmax>572</xmax><ymax>542</ymax></bndbox></object><object><name>face</name><pose>Unspecified</pose><truncated>0</truncated><difficult>0</difficult><bndbox><xmin>700</xmin><ymin>88</ymin><xmax>874</xmax><ymax>366</ymax></bndbox></object></annotation>