<annotation><folder>13--Interview</folder><filename>13_Interview_Interview_On_Location_13_199.jpg</filename><path>./WIDER_train/images/13--Interview/13_Interview_Interview_On_Location_13_199.jpg</path><source><database>Unknown</database></source><size><width>1024</width><height>1024</height><depth>3</depth></size><segmented>0</segmented><object><name>face</name><pose>Unspecified</pose><truncated>0</truncated><difficult>0</difficult><bndbox><xmin>6</xmin><ymin>274</ymin><xmax>76</xmax><ymax>396</ymax></bndbox></object><object><name>face</name><pose>Unspecified</pose><truncated>0</truncated><difficult>0</difficult><bndbox><xmin>252</xmin><ymin>256</ymin><xmax>332</xmax><ymax>386</ymax></bndbox></object><object><name>face</name><pose>Unspecified</pose><truncated>0</truncated><difficult>0</difficult><bndbox><xmin>496</xmin><ymin>258</ymin><xmax>582</xmax><ymax>392</ymax></bndbox></object><object><name>face</name><pose>Unspecified</pose><truncated>0</truncated><difficult>0</difficult><bndbox><xmin>738</xmin><ymin>206</ymin><xmax>834</xmax><ymax>340</ymax></bndbox></object><object><name>face</name><pose>Unspecified</pose><truncated>0</truncated><difficult>0</difficult><bndbox><xmin>940</xmin><ymin>170</ymin><xmax>1022</xmax><ymax>322</ymax></bndbox></object></annotation>