<annotation><folder>13--Interview</folder><filename>13_Interview_Interview_On_Location_13_529.jpg</filename><path>./WIDER_train/images/13--Interview/13_Interview_Interview_On_Location_13_529.jpg</path><source><database>Unknown</database></source><size><width>1024</width><height>770</height><depth>3</depth></size><segmented>0</segmented><object><name>face</name><pose>Unspecified</pose><truncated>0</truncated><difficult>0</difficult><bndbox><xmin>381</xmin><ymin>316</ymin><xmax>408</xmax><ymax>375</ymax></bndbox></object><object><name>face</name><pose>Unspecified</pose><truncated>0</truncated><difficult>0</difficult><bndbox><xmin>539</xmin><ymin>302</ymin><xmax>577</xmax><ymax>347</ymax></bndbox></object></annotation>