<annotation><folder>13--Interview</folder><filename>13_Interview_Interview_2_People_Visible_13_334.jpg</filename><path>./WIDER_train/images/13--Interview/13_Interview_Interview_2_People_Visible_13_334.jpg</path><source><database>Unknown</database></source><size><width>1024</width><height>1453</height><depth>3</depth></size><segmented>0</segmented><object><name>face</name><pose>Unspecified</pose><truncated>0</truncated><difficult>0</difficult><bndbox><xmin>471</xmin><ymin>377</ymin><xmax>653</xmax><ymax>607</ymax></bndbox></object><object><name>face</name><pose>Unspecified</pose><truncated>0</truncated><difficult>0</difficult><bndbox><xmin>834</xmin><ymin>919</ymin><xmax>933</xmax><ymax>1084</ymax></bndbox></object></annotation>