<annotation><folder>13--Interview</folder><filename>13_Interview_Interview_2_People_Visible_13_274.jpg</filename><path>./WIDER_train/images/13--Interview/13_Interview_Interview_2_People_Visible_13_274.jpg</path><source><database>Unknown</database></source><size><width>1024</width><height>1288</height><depth>3</depth></size><segmented>0</segmented><object><name>face</name><pose>Unspecified</pose><truncated>0</truncated><difficult>0</difficult><bndbox><xmin>181</xmin><ymin>279</ymin><xmax>453</xmax><ymax>661</ymax></bndbox></object><object><name>face</name><pose>Unspecified</pose><truncated>0</truncated><difficult>0</difficult><bndbox><xmin>559</xmin><ymin>201</ymin><xmax>846</xmax><ymax>606</ymax></bndbox></object></annotation>