<annotation><folder>13--Interview</folder><filename>13_Interview_Interview_On_Location_13_609.jpg</filename><path>./WIDER_train/images/13--Interview/13_Interview_Interview_On_Location_13_609.jpg</path><source><database>Unknown</database></source><size><width>1024</width><height>574</height><depth>3</depth></size><segmented>0</segmented><object><name>face</name><pose>Unspecified</pose><truncated>0</truncated><difficult>0</difficult><bndbox><xmin>476</xmin><ymin>84</ymin><xmax>608</xmax><ymax>268</ymax></bndbox></object></annotation>