<annotation><folder>13--Interview</folder><filename>13_Interview_Interview_On_Location_13_607.jpg</filename><path>./WIDER_train/images/13--Interview/13_Interview_Interview_On_Location_13_607.jpg</path><source><database>Unknown</database></source><size><width>1024</width><height>1366</height><depth>3</depth></size><segmented>0</segmented><object><name>face</name><pose>Unspecified</pose><truncated>0</truncated><difficult>0</difficult><bndbox><xmin>573</xmin><ymin>45</ymin><xmax>720</xmax><ymax>261</ymax></bndbox></object><object><name>face</name><pose>Unspecified</pose><truncated>0</truncated><difficult>0</difficult><bndbox><xmin>181</xmin><ymin>149</ymin><xmax>320</xmax><ymax>352</ymax></bndbox></object></annotation>