<annotation>
	<folder>train</folder>
	<filename>13_Interview_Interview_On_Location_13_240.jpg</filename>
	<path>D:\mask_dataset\train\13_Interview_Interview_On_Location_13_240.jpg</path>
	<source>
		<database>Unknown</database>
	</source>
	<size>
		<width>1024</width>
		<height>683</height>
		<depth>3</depth>
	</size>
	<segmented>0</segmented>
	<object>
		<name>face</name>
		<pose>Unspecified</pose>
		<truncated>0</truncated>
		<difficult>0</difficult>
		<bndbox>
			<xmin>498</xmin>
			<ymin>80</ymin>
			<xmax>566</xmax>
			<ymax>182</ymax>
		</bndbox>
	</object>
	<object>
		<name>face</name>
		<pose>Unspecified</pose>
		<truncated>0</truncated>
		<difficult>0</difficult>
		<bndbox>
			<xmin>882</xmin>
			<ymin>104</ymin>
			<xmax>952</xmax>
			<ymax>224</ymax>
		</bndbox>
	</object>
	<object>
		<name>face</name>
		<pose>Unspecified</pose>
		<truncated>0</truncated>
		<difficult>0</difficult>
		<bndbox>
			<xmin>210</xmin>
			<ymin>118</ymin>
			<xmax>288</xmax>
			<ymax>238</ymax>
		</bndbox>
	</object>
</annotation>
