<annotation>
	<folder>train</folder>
	<filename>13_Interview_Interview_2_People_Visible_13_59.jpg</filename>
	<path>D:\mask_dataset\train\13_Interview_Interview_2_People_Visible_13_59.jpg</path>
	<source>
		<database>Unknown</database>
	</source>
	<size>
		<width>1024</width>
		<height>1024</height>
		<depth>3</depth>
	</size>
	<segmented>0</segmented>
	<object>
		<name>face</name>
		<pose>Unspecified</pose>
		<truncated>0</truncated>
		<difficult>0</difficult>
		<bndbox>
			<xmin>263</xmin>
			<ymin>320</ymin>
			<xmax>316</xmax>
			<ymax>404</ymax>
		</bndbox>
	</object>
	<object>
		<name>face</name>
		<pose>Unspecified</pose>
		<truncated>0</truncated>
		<difficult>0</difficult>
		<bndbox>
			<xmin>557</xmin>
			<ymin>367</ymin>
			<xmax>590</xmax>
			<ymax>425</ymax>
		</bndbox>
	</object>
	<object>
		<name>face</name>
		<pose>Unspecified</pose>
		<truncated>0</truncated>
		<difficult>0</difficult>
		<bndbox>
			<xmin>707</xmin>
			<ymin>292</ymin>
			<xmax>755</xmax>
			<ymax>364</ymax>
		</bndbox>
	</object>
</annotation>
