<annotation><folder>13--Interview</folder><filename>13_Interview_Interview_On_Location_13_66.jpg</filename><path>./WIDER_train/images/13--Interview/13_Interview_Interview_On_Location_13_66.jpg</path><source><database>Unknown</database></source><size><width>1024</width><height>911</height><depth>3</depth></size><segmented>0</segmented><object><name>face</name><pose>Unspecified</pose><truncated>0</truncated><difficult>0</difficult><bndbox><xmin>162</xmin><ymin>60</ymin><xmax>220</xmax><ymax>158</ymax></bndbox></object><object><name>face</name><pose>Unspecified</pose><truncated>0</truncated><difficult>0</difficult><bndbox><xmin>686</xmin><ymin>60</ymin><xmax>750</xmax><ymax>166</ymax></bndbox></object><object><name>face</name><pose>Unspecified</pose><truncated>0</truncated><difficult>0</difficult><bndbox><xmin>784</xmin><ymin>126</ymin><xmax>850</xmax><ymax>212</ymax></bndbox></object></annotation>