<annotation><folder>13--Interview</folder><filename>13_Interview_Interview_2_People_Visible_13_272.jpg</filename><path>./WIDER_train/images/13--Interview/13_Interview_Interview_2_People_Visible_13_272.jpg</path><source><database>Unknown</database></source><size><width>1024</width><height>1366</height><depth>3</depth></size><segmented>0</segmented><object><name>face</name><pose>Unspecified</pose><truncated>0</truncated><difficult>0</difficult><bndbox><xmin>435</xmin><ymin>149</ymin><xmax>648</xmax><ymax>477</ymax></bndbox></object><object><name>face</name><pose>Unspecified</pose><truncated>0</truncated><difficult>0</difficult><bndbox><xmin>688</xmin><ymin>40</ymin><xmax>853</xmax><ymax>307</ymax></bndbox></object></annotation>