<annotation><folder>13--Interview</folder><filename>13_Interview_Interview_On_Location_13_734.jpg</filename><path>./WIDER_train/images/13--Interview/13_Interview_Interview_On_Location_13_734.jpg</path><source><database>Unknown</database></source><size><width>1024</width><height>322</height><depth>3</depth></size><segmented>0</segmented><object><name>face</name><pose>Unspecified</pose><truncated>0</truncated><difficult>0</difficult><bndbox><xmin>166</xmin><ymin>69</ymin><xmax>220</xmax><ymax>132</ymax></bndbox></object><object><name>face</name><pose>Unspecified</pose><truncated>0</truncated><difficult>0</difficult><bndbox><xmin>328</xmin><ymin>57</ymin><xmax>380</xmax><ymax>122</ymax></bndbox></object><object><name>face</name><pose>Unspecified</pose><truncated>0</truncated><difficult>0</difficult><bndbox><xmin>491</xmin><ymin>41</ymin><xmax>540</xmax><ymax>111</ymax></bndbox></object><object><name>face</name><pose>Unspecified</pose><truncated>0</truncated><difficult>0</difficult><bndbox><xmin>627</xmin><ymin>70</ymin><xmax>674</xmax><ymax>130</ymax></bndbox></object><object><name>face</name><pose>Unspecified</pose><truncated>0</truncated><difficult>0</difficult><bndbox><xmin>836</xmin><ymin>36</ymin><xmax>892</xmax><ymax>105</ymax></bndbox></object></annotation>