<annotation><folder>13--Interview</folder><filename>13_Interview_Interview_On_Location_13_642.jpg</filename><path>./WIDER_train/images/13--Interview/13_Interview_Interview_On_Location_13_642.jpg</path><source><database>Unknown</database></source><size><width>1024</width><height>768</height><depth>3</depth></size><segmented>0</segmented><object><name>face</name><pose>Unspecified</pose><truncated>0</truncated><difficult>0</difficult><bndbox><xmin>370</xmin><ymin>114</ymin><xmax>460</xmax><ymax>210</ymax></bndbox></object><object><name>face</name><pose>Unspecified</pose><truncated>0</truncated><difficult>0</difficult><bndbox><xmin>542</xmin><ymin>148</ymin><xmax>608</xmax><ymax>246</ymax></bndbox></object></annotation>