<annotation><folder>13--Interview</folder><filename>13_Interview_Interview_On_Location_13_719.jpg</filename><path>./WIDER_train/images/13--Interview/13_Interview_Interview_On_Location_13_719.jpg</path><source><database>Unknown</database></source><size><width>1024</width><height>400</height><depth>3</depth></size><segmented>0</segmented><object><name>face</name><pose>Unspecified</pose><truncated>0</truncated><difficult>0</difficult><bndbox><xmin>450</xmin><ymin>18</ymin><xmax>582</xmax><ymax>184</ymax></bndbox></object><object><name>face</name><pose>Unspecified</pose><truncated>0</truncated><difficult>0</difficult><bndbox><xmin>708</xmin><ymin>136</ymin><xmax>840</xmax><ymax>320</ymax></bndbox></object><object><name>face</name><pose>Unspecified</pose><truncated>0</truncated><difficult>0</difficult><bndbox><xmin>244</xmin><ymin>196</ymin><xmax>380</xmax><ymax>386</ymax></bndbox></object></annotation>