<annotation><folder>13--Interview</folder><filename>13_Interview_Interview_On_Location_13_533.jpg</filename><path>./WIDER_train/images/13--Interview/13_Interview_Interview_On_Location_13_533.jpg</path><source><database>Unknown</database></source><size><width>1024</width><height>764</height><depth>3</depth></size><segmented>0</segmented><object><name>face</name><pose>Unspecified</pose><truncated>0</truncated><difficult>0</difficult><bndbox><xmin>103</xmin><ymin>364</ymin><xmax>175</xmax><ymax>437</ymax></bndbox></object><object><name>face</name><pose>Unspecified</pose><truncated>0</truncated><difficult>0</difficult><bndbox><xmin>306</xmin><ymin>134</ymin><xmax>375</xmax><ymax>195</ymax></bndbox></object><object><name>face</name><pose>Unspecified</pose><truncated>0</truncated><difficult>0</difficult><bndbox><xmin>718</xmin><ymin>317</ymin><xmax>755</xmax><ymax>360</ymax></bndbox></object><object><name>face</name><pose>Unspecified</pose><truncated>0</truncated><difficult>0</difficult><bndbox><xmin>862</xmin><ymin>327</ymin><xmax>887</xmax><ymax>357</ymax></bndbox></object></annotation>