<annotation><folder>13--Interview</folder><filename>13_Interview_Interview_On_Location_13_88.jpg</filename><path>./WIDER_train/images/13--Interview/13_Interview_Interview_On_Location_13_88.jpg</path><source><database>Unknown</database></source><size><width>1024</width><height>688</height><depth>3</depth></size><segmented>0</segmented><object><name>face</name><pose>Unspecified</pose><truncated>0</truncated><difficult>0</difficult><bndbox><xmin>722</xmin><ymin>82</ymin><xmax>810</xmax><ymax>222</ymax></bndbox></object></annotation>