<annotation>
	<folder>train</folder>
	<filename>13_Interview_Interview_On_Location_13_684.jpg</filename>
	<path>D:\mask_dataset\train\13_Interview_Interview_On_Location_13_684.jpg</path>
	<source>
		<database>Unknown</database>
	</source>
	<size>
		<width>1024</width>
		<height>682</height>
		<depth>3</depth>
	</size>
	<segmented>0</segmented>
	<object>
		<name>face</name>
		<pose>Unspecified</pose>
		<truncated>0</truncated>
		<difficult>0</difficult>
		<bndbox>
			<xmin>395</xmin>
			<ymin>157</ymin>
			<xmax>472</xmax>
			<ymax>254</ymax>
		</bndbox>
	</object>
	<object>
		<name>face</name>
		<pose>Unspecified</pose>
		<truncated>0</truncated>
		<difficult>0</difficult>
		<bndbox>
			<xmin>581</xmin>
			<ymin>177</ymin>
			<xmax>643</xmax>
			<ymax>267</ymax>
		</bndbox>
	</object>
	<object>
		<name>face</name>
		<pose>Unspecified</pose>
		<truncated>0</truncated>
		<difficult>0</difficult>
		<bndbox>
			<xmin>643</xmin>
			<ymin>131</ymin>
			<xmax>702</xmax>
			<ymax>258</ymax>
		</bndbox>
	</object>
</annotation>
