<annotation><folder>13--Interview</folder><filename>13_Interview_Interview_On_Location_13_229.jpg</filename><path>./WIDER_train/images/13--Interview/13_Interview_Interview_On_Location_13_229.jpg</path><source><database>Unknown</database></source><size><width>1024</width><height>769</height><depth>3</depth></size><segmented>0</segmented><object><name>face</name><pose>Unspecified</pose><truncated>0</truncated><difficult>0</difficult><bndbox><xmin>202</xmin><ymin>254</ymin><xmax>334</xmax><ymax>458</ymax></bndbox></object><object><name>face</name><pose>Unspecified</pose><truncated>0</truncated><difficult>0</difficult><bndbox><xmin>636</xmin><ymin>234</ymin><xmax>762</xmax><ymax>438</ymax></bndbox></object></annotation>