<annotation><folder>13--Interview</folder><filename>13_Interview_Interview_On_Location_13_29.jpg</filename><path>./WIDER_train/images/13--Interview/13_Interview_Interview_On_Location_13_29.jpg</path><source><database>Unknown</database></source><size><width>1024</width><height>615</height><depth>3</depth></size><segmented>0</segmented><object><name>face</name><pose>Unspecified</pose><truncated>0</truncated><difficult>0</difficult><bndbox><xmin>250</xmin><ymin>176</ymin><xmax>374</xmax><ymax>344</ymax></bndbox></object><object><name>face</name><pose>Unspecified</pose><truncated>0</truncated><difficult>0</difficult><bndbox><xmin>496</xmin><ymin>92</ymin><xmax>642</xmax><ymax>334</ymax></bndbox></object></annotation>