<annotation><folder>13--Interview</folder><filename>13_Interview_Interview_On_Location_13_441.jpg</filename><path>./WIDER_train/images/13--Interview/13_Interview_Interview_On_Location_13_441.jpg</path><source><database>Unknown</database></source><size><width>1024</width><height>574</height><depth>3</depth></size><segmented>0</segmented><object><name>face</name><pose>Unspecified</pose><truncated>0</truncated><difficult>0</difficult><bndbox><xmin>216</xmin><ymin>88</ymin><xmax>276</xmax><ymax>168</ymax></bndbox></object><object><name>face</name><pose>Unspecified</pose><truncated>0</truncated><difficult>0</difficult><bndbox><xmin>712</xmin><ymin>98</ymin><xmax>778</xmax><ymax>180</ymax></bndbox></object><object><name>face</name><pose>Unspecified</pose><truncated>0</truncated><difficult>0</difficult><bndbox><xmin>204</xmin><ymin>366</ymin><xmax>264</xmax><ymax>454</ymax></bndbox></object><object><name>face</name><pose>Unspecified</pose><truncated>0</truncated><difficult>0</difficult><bndbox><xmin>736</xmin><ymin>386</ymin><xmax>790</xmax><ymax>458</ymax></bndbox></object></annotation>