<annotation><folder>13--Interview</folder><filename>13_Interview_Interview_On_Location_13_420.jpg</filename><path>./WIDER_train/images/13--Interview/13_Interview_Interview_On_Location_13_420.jpg</path><source><database>Unknown</database></source><size><width>1024</width><height>683</height><depth>3</depth></size><segmented>0</segmented><object><name>face</name><pose>Unspecified</pose><truncated>0</truncated><difficult>0</difficult><bndbox><xmin>244</xmin><ymin>174</ymin><xmax>348</xmax><ymax>352</ymax></bndbox></object><object><name>face</name><pose>Unspecified</pose><truncated>0</truncated><difficult>0</difficult><bndbox><xmin>728</xmin><ymin>162</ymin><xmax>830</xmax><ymax>328</ymax></bndbox></object></annotation>