<annotation><folder>13--Interview</folder><filename>13_Interview_Interview_On_Location_13_85.jpg</filename><path>./WIDER_train/images/13--Interview/13_Interview_Interview_On_Location_13_85.jpg</path><source><database>Unknown</database></source><size><width>1024</width><height>698</height><depth>3</depth></size><segmented>0</segmented><object><name>face</name><pose>Unspecified</pose><truncated>0</truncated><difficult>0</difficult><bndbox><xmin>121</xmin><ymin>183</ymin><xmax>163</xmax><ymax>240</ymax></bndbox></object><object><name>face</name><pose>Unspecified</pose><truncated>0</truncated><difficult>0</difficult><bndbox><xmin>252</xmin><ymin>149</ymin><xmax>312</xmax><ymax>225</ymax></bndbox></object></annotation>