<annotation><folder>13--Interview</folder><filename>13_Interview_Interview_2_People_Visible_13_493.jpg</filename><path>./WIDER_train/images/13--Interview/13_Interview_Interview_2_People_Visible_13_493.jpg</path><source><database>Unknown</database></source><size><width>1024</width><height>352</height><depth>3</depth></size><segmented>0</segmented><object><name>face</name><pose>Unspecified</pose><truncated>0</truncated><difficult>0</difficult><bndbox><xmin>692</xmin><ymin>16</ymin><xmax>834</xmax><ymax>292</ymax></bndbox></object></annotation>