<annotation><folder>13--Interview</folder><filename>13_Interview_Interview_2_People_Visible_13_1013.jpg</filename><path>./WIDER_train/images/13--Interview/13_Interview_Interview_2_People_Visible_13_1013.jpg</path><source><database>Unknown</database></source><size><width>1024</width><height>695</height><depth>3</depth></size><segmented>0</segmented><object><name>face</name><pose>Unspecified</pose><truncated>0</truncated><difficult>0</difficult><bndbox><xmin>554</xmin><ymin>216</ymin><xmax>714</xmax><ymax>460</ymax></bndbox></object><object><name>face</name><pose>Unspecified</pose><truncated>0</truncated><difficult>0</difficult><bndbox><xmin>152</xmin><ymin>80</ymin><xmax>298</xmax><ymax>288</ymax></bndbox></object></annotation>