<annotation><folder>32--Worker_Laborer</folder><filename>32_Worker_Laborer_Worker_Laborer_32_676.jpg</filename><path>./WIDER_train/images/32--Worker_Laborer/32_Worker_Laborer_Worker_Laborer_32_676.jpg</path><source><database>Unknown</database></source><size><width>1024</width><height>680</height><depth>3</depth></size><segmented>0</segmented><object><name>face</name><pose>Unspecified</pose><truncated>0</truncated><difficult>0</difficult><bndbox><xmin>308</xmin><ymin>136</ymin><xmax>392</xmax><ymax>260</ymax></bndbox></object><object><name>face</name><pose>Unspecified</pose><truncated>0</truncated><difficult>0</difficult><bndbox><xmin>790</xmin><ymin>146</ymin><xmax>884</xmax><ymax>266</ymax></bndbox></object></annotation>