<annotation><folder>32--Worker_Laborer</folder><filename>32_Worker_Laborer_Worker_Laborer_32_901.jpg</filename><path>./WIDER_train/images/32--Worker_Laborer/32_Worker_Laborer_Worker_Laborer_32_901.jpg</path><source><database>Unknown</database></source><size><width>1024</width><height>779</height><depth>3</depth></size><segmented>0</segmented><object><name>face</name><pose>Unspecified</pose><truncated>0</truncated><difficult>0</difficult><bndbox><xmin>242</xmin><ymin>38</ymin><xmax>341</xmax><ymax>161</ymax></bndbox></object><object><name>face</name><pose>Unspecified</pose><truncated>0</truncated><difficult>0</difficult><bndbox><xmin>109</xmin><ymin>398</ymin><xmax>224</xmax><ymax>548</ymax></bndbox></object><object><name>face</name><pose>Unspecified</pose><truncated>0</truncated><difficult>0</difficult><bndbox><xmin>384</xmin><ymin>439</ymin><xmax>422</xmax><ymax>493</ymax></bndbox></object><object><name>face</name><pose>Unspecified</pose><truncated>0</truncated><difficult>0</difficult><bndbox><xmin>460</xmin><ymin>419</ymin><xmax>490</xmax><ymax>468</ymax></bndbox></object><object><name>face</name><pose>Unspecified</pose><truncated>0</truncated><difficult>0</difficult><bndbox><xmin>697</xmin><ymin>173</ymin><xmax>726</xmax><ymax>213</ymax></bndbox></object><object><name>face</name><pose>Unspecified</pose><truncated>0</truncated><difficult>0</difficult><bndbox><xmin>810</xmin><ymin>115</ymin><xmax>838</xmax><ymax>160</ymax></bndbox></object><object><name>face</name><pose>Unspecified</pose><truncated>0</truncated><difficult>0</difficult><bndbox><xmin>844</xmin><ymin>126</ymin><xmax>865</xmax><ymax>158</ymax></bndbox></object><object><name>face</name><pose>Unspecified</pose><truncated>0</truncated><difficult>0</difficult><bndbox><xmin>610</xmin><ymin>437</ymin><xmax>688</xmax><ymax>544</ymax></bndbox></object><object><name>face</name><pose>Unspecified</pose><truncated>0</truncated><difficult>0</difficult><bndbox><xmin>810</xmin><ymin>475</ymin><xmax>858</xmax><ymax>538</ymax></bndbox></object></annotation>