<annotation>
	<folder>train</folder>
	<filename>32_Worker_Laborer_Worker_Laborer_32_863.jpg</filename>
	<path>D:\mask_dataset\train\32_Worker_Laborer_Worker_Laborer_32_863.jpg</path>
	<source>
		<database>Unknown</database>
	</source>
	<size>
		<width>1024</width>
		<height>1504</height>
		<depth>3</depth>
	</size>
	<segmented>0</segmented>
	<object>
		<name>face</name>
		<pose>Unspecified</pose>
		<truncated>0</truncated>
		<difficult>0</difficult>
		<bndbox>
			<xmin>481</xmin>
			<ymin>496</ymin>
			<xmax>628</xmax>
			<ymax>694</ymax>
		</bndbox>
	</object>
</annotation>
