<annotation>
	<folder>train</folder>
	<filename>32_Worker_Laborer_Worker_Laborer_32_830.jpg</filename>
	<path>D:\mask_dataset\train\32_Worker_Laborer_Worker_Laborer_32_830.jpg</path>
	<source>
		<database>Unknown</database>
	</source>
	<size>
		<width>1024</width>
		<height>576</height>
		<depth>3</depth>
	</size>
	<segmented>0</segmented>
	<object>
		<name>face</name>
		<pose>Unspecified</pose>
		<truncated>0</truncated>
		<difficult>0</difficult>
		<bndbox>
			<xmin>142</xmin>
			<ymin>82</ymin>
			<xmax>337</xmax>
			<ymax>333</ymax>
		</bndbox>
	</object>
	<object>
		<name>face</name>
		<pose>Unspecified</pose>
		<truncated>0</truncated>
		<difficult>0</difficult>
		<bndbox>
			<xmin>680</xmin>
			<ymin>82</ymin>
			<xmax>828</xmax>
			<ymax>272</ymax>
		</bndbox>
	</object>
</annotation>
