<annotation><folder>38--Tennis</folder><filename>38_Tennis_Tennis_38_511.jpg</filename><path>./WIDER_train/images/38--Tennis/38_Tennis_Tennis_38_511.jpg</path><source><database>Unknown</database></source><size><width>1024</width><height>768</height><depth>3</depth></size><segmented>0</segmented><object><name>face</name><pose>Unspecified</pose><truncated>0</truncated><difficult>0</difficult><bndbox><xmin>89</xmin><ymin>161</ymin><xmax>341</xmax><ymax>503</ymax></bndbox></object><object><name>face</name><pose>Unspecified</pose><truncated>0</truncated><difficult>0</difficult><bndbox><xmin>435</xmin><ymin>194</ymin><xmax>478</xmax><ymax>237</ymax></bndbox></object><object><name>face</name><pose>Unspecified</pose><truncated>0</truncated><difficult>0</difficult><bndbox><xmin>720</xmin><ymin>217</ymin><xmax>791</xmax><ymax>301</ymax></bndbox></object></annotation>