<annotation><folder>38--Tennis</folder><filename>38_Tennis_Tennis_38_682.jpg</filename><path>./WIDER_train/images/38--Tennis/38_Tennis_Tennis_38_682.jpg</path><source><database>Unknown</database></source><size><width>1024</width><height>682</height><depth>3</depth></size><segmented>0</segmented><object><name>face</name><pose>Unspecified</pose><truncated>0</truncated><difficult>0</difficult><bndbox><xmin>871</xmin><ymin>171</ymin><xmax>919</xmax><ymax>236</ymax></bndbox></object><object><name>face</name><pose>Unspecified</pose><truncated>0</truncated><difficult>0</difficult><bndbox><xmin>608</xmin><ymin>218</ymin><xmax>630</xmax><ymax>247</ymax></bndbox></object></annotation>