<annotation><folder>38--Tennis</folder><filename>38_Tennis_Tennis_38_729.jpg</filename><path>./WIDER_train/images/38--Tennis/38_Tennis_Tennis_38_729.jpg</path><source><database>Unknown</database></source><size><width>1024</width><height>1330</height><depth>3</depth></size><segmented>0</segmented><object><name>face</name><pose>Unspecified</pose><truncated>0</truncated><difficult>0</difficult><bndbox><xmin>252</xmin><ymin>340</ymin><xmax>320</xmax><ymax>441</ymax></bndbox></object><object><name>face</name><pose>Unspecified</pose><truncated>0</truncated><difficult>0</difficult><bndbox><xmin>515</xmin><ymin>429</ymin><xmax>585</xmax><ymax>530</ymax></bndbox></object><object><name>face</name><pose>Unspecified</pose><truncated>0</truncated><difficult>0</difficult><bndbox><xmin>759</xmin><ymin>426</ymin><xmax>840</xmax><ymax>514</ymax></bndbox></object></annotation>