<annotation><folder>38--Tennis</folder><filename>38_Tennis_Tennis_38_69.jpg</filename><path>./WIDER_train/images/38--Tennis/38_Tennis_Tennis_38_69.jpg</path><source><database>Unknown</database></source><size><width>1024</width><height>576</height><depth>3</depth></size><segmented>0</segmented><object><name>face</name><pose>Unspecified</pose><truncated>0</truncated><difficult>0</difficult><bndbox><xmin>310</xmin><ymin>84</ymin><xmax>438</xmax><ymax>258</ymax></bndbox></object><object><name>face</name><pose>Unspecified</pose><truncated>0</truncated><difficult>0</difficult><bndbox><xmin>18</xmin><ymin>434</ymin><xmax>118</xmax><ymax>538</ymax></bndbox></object></annotation>