<annotation><folder>38--Tennis</folder><filename>38_Tennis_Tennis_38_119.jpg</filename><path>./WIDER_train/images/38--Tennis/38_Tennis_Tennis_38_119.jpg</path><source><database>Unknown</database></source><size><width>1024</width><height>1536</height><depth>3</depth></size><segmented>0</segmented><object><name>face</name><pose>Unspecified</pose><truncated>0</truncated><difficult>0</difficult><bndbox><xmin>306</xmin><ymin>318</ymin><xmax>390</xmax><ymax>438</ymax></bndbox></object><object><name>face</name><pose>Unspecified</pose><truncated>0</truncated><difficult>0</difficult><bndbox><xmin>571</xmin><ymin>390</ymin><xmax>664</xmax><ymax>480</ymax></bndbox></object></annotation>