<annotation><folder>38--Tennis</folder><filename>38_Tennis_Tennis_38_567.jpg</filename><path>./WIDER_train/images/38--Tennis/38_Tennis_Tennis_38_567.jpg</path><source><database>Unknown</database></source><size><width>1024</width><height>768</height><depth>3</depth></size><segmented>0</segmented><object><name>face</name><pose>Unspecified</pose><truncated>0</truncated><difficult>0</difficult><bndbox><xmin>74</xmin><ymin>232</ymin><xmax>168</xmax><ymax>340</ymax></bndbox></object><object><name>face</name><pose>Unspecified</pose><truncated>0</truncated><difficult>0</difficult><bndbox><xmin>822</xmin><ymin>226</ymin><xmax>908</xmax><ymax>332</ymax></bndbox></object></annotation>