<annotation><folder>38--Tennis</folder><filename>38_Tennis_Tennis_38_209.jpg</filename><path>./WIDER_train/images/38--Tennis/38_Tennis_Tennis_38_209.jpg</path><source><database>Unknown</database></source><size><width>1024</width><height>646</height><depth>3</depth></size><segmented>0</segmented><object><name>face</name><pose>Unspecified</pose><truncated>0</truncated><difficult>0</difficult><bndbox><xmin>973</xmin><ymin>143</ymin><xmax>985</xmax><ymax>161</ymax></bndbox></object><object><name>face</name><pose>Unspecified</pose><truncated>0</truncated><difficult>0</difficult><bndbox><xmin>314</xmin><ymin>152</ymin><xmax>354</xmax><ymax>206</ymax></bndbox></object><object><name>face</name><pose>Unspecified</pose><truncated>0</truncated><difficult>0</difficult><bndbox><xmin>772</xmin><ymin>123</ymin><xmax>807</xmax><ymax>164</ymax></bndbox></object><object><name>face</name><pose>Unspecified</pose><truncated>0</truncated><difficult>0</difficult><bndbox><xmin>903</xmin><ymin>145</ymin><xmax>916</xmax><ymax>159</ymax></bndbox></object></annotation>