<annotation><folder>38--Tennis</folder><filename>38_Tennis_Tennis_38_407.jpg</filename><path>./WIDER_train/images/38--Tennis/38_Tennis_Tennis_38_407.jpg</path><source><database>Unknown</database></source><size><width>1024</width><height>732</height><depth>3</depth></size><segmented>0</segmented><object><name>face</name><pose>Unspecified</pose><truncated>0</truncated><difficult>0</difficult><bndbox><xmin>227</xmin><ymin>132</ymin><xmax>264</xmax><ymax>181</ymax></bndbox></object><object><name>face</name><pose>Unspecified</pose><truncated>0</truncated><difficult>0</difficult><bndbox><xmin>359</xmin><ymin>150</ymin><xmax>397</xmax><ymax>197</ymax></bndbox></object><object><name>face</name><pose>Unspecified</pose><truncated>0</truncated><difficult>0</difficult><bndbox><xmin>488</xmin><ymin>136</ymin><xmax>526</xmax><ymax>188</ymax></bndbox></object><object><name>face</name><pose>Unspecified</pose><truncated>0</truncated><difficult>0</difficult><bndbox><xmin>630</xmin><ymin>127</ymin><xmax>663</xmax><ymax>171</ymax></bndbox></object><object><name>face</name><pose>Unspecified</pose><truncated>0</truncated><difficult>0</difficult><bndbox><xmin>733</xmin><ymin>127</ymin><xmax>772</xmax><ymax>178</ymax></bndbox></object><object><name>face</name><pose>Unspecified</pose><truncated>0</truncated><difficult>0</difficult><bndbox><xmin>199</xmin><ymin>318</ymin><xmax>241</xmax><ymax>371</ymax></bndbox></object><object><name>face</name><pose>Unspecified</pose><truncated>0</truncated><difficult>0</difficult><bndbox><xmin>287</xmin><ymin>317</ymin><xmax>323</xmax><ymax>369</ymax></bndbox></object><object><name>face</name><pose>Unspecified</pose><truncated>0</truncated><difficult>0</difficult><bndbox><xmin>424</xmin><ymin>327</ymin><xmax>461</xmax><ymax>375</ymax></bndbox></object><object><name>face</name><pose>Unspecified</pose><truncated>0</truncated><difficult>0</difficult><bndbox><xmin>547</xmin><ymin>326</ymin><xmax>583</xmax><ymax>369</ymax></bndbox></object><object><name>face</name><pose>Unspecified</pose><truncated>0</truncated><difficult>0</difficult><bndbox><xmin>661</xmin><ymin>331</ymin><xmax>699</xmax><ymax>379</ymax></bndbox></object><object><name>face</name><pose>Unspecified</pose><truncated>0</truncated><difficult>0</difficult><bndbox><xmin>764</xmin><ymin>350</ymin><xmax>803</xmax><ymax>394</ymax></bndbox></object></annotation>