<annotation><folder>38--Tennis</folder><filename>38_Tennis_Tennis_38_260.jpg</filename><path>./WIDER_train/images/38--Tennis/38_Tennis_Tennis_38_260.jpg</path><source><database>Unknown</database></source><size><width>1024</width><height>687</height><depth>3</depth></size><segmented>0</segmented><object><name>face</name><pose>Unspecified</pose><truncated>0</truncated><difficult>0</difficult><bndbox><xmin>514</xmin><ymin>180</ymin><xmax>612</xmax><ymax>286</ymax></bndbox></object><object><name>face</name><pose>Unspecified</pose><truncated>0</truncated><difficult>0</difficult><bndbox><xmin>302</xmin><ymin>298</ymin><xmax>374</xmax><ymax>372</ymax></bndbox></object></annotation>