<annotation><folder>38--Tennis</folder><filename>38_Tennis_Tennis_38_487.jpg</filename><path>./WIDER_train/images/38--Tennis/38_Tennis_Tennis_38_487.jpg</path><source><database>Unknown</database></source><size><width>1024</width><height>683</height><depth>3</depth></size><segmented>0</segmented><object><name>face</name><pose>Unspecified</pose><truncated>0</truncated><difficult>0</difficult><bndbox><xmin>146</xmin><ymin>400</ymin><xmax>326</xmax><ymax>602</ymax></bndbox></object><object><name>face</name><pose>Unspecified</pose><truncated>0</truncated><difficult>0</difficult><bndbox><xmin>436</xmin><ymin>236</ymin><xmax>594</xmax><ymax>442</ymax></bndbox></object><object><name>face</name><pose>Unspecified</pose><truncated>0</truncated><difficult>0</difficult><bndbox><xmin>718</xmin><ymin>68</ymin><xmax>842</xmax><ymax>270</ymax></bndbox></object></annotation>