<annotation><folder>38--Tennis</folder><filename>38_Tennis_Tennis_38_475.jpg</filename><path>./WIDER_train/images/38--Tennis/38_Tennis_Tennis_38_475.jpg</path><source><database>Unknown</database></source><size><width>1024</width><height>1382</height><depth>3</depth></size><segmented>0</segmented><object><name>face</name><pose>Unspecified</pose><truncated>0</truncated><difficult>0</difficult><bndbox><xmin>395</xmin><ymin>60</ymin><xmax>440</xmax><ymax>130</ymax></bndbox></object><object><name>face</name><pose>Unspecified</pose><truncated>0</truncated><difficult>0</difficult><bndbox><xmin>672</xmin><ymin>180</ymin><xmax>723</xmax><ymax>250</ymax></bndbox></object></annotation>