<annotation><folder>38--Tennis</folder><filename>38_Tennis_Tennis_38_718.jpg</filename><path>./WIDER_train/images/38--Tennis/38_Tennis_Tennis_38_718.jpg</path><source><database>Unknown</database></source><size><width>1024</width><height>681</height><depth>3</depth></size><segmented>0</segmented><object><name>face</name><pose>Unspecified</pose><truncated>0</truncated><difficult>0</difficult><bndbox><xmin>661</xmin><ymin>303</ymin><xmax>679</xmax><ymax>327</ymax></bndbox></object><object><name>face</name><pose>Unspecified</pose><truncated>0</truncated><difficult>0</difficult><bndbox><xmin>718</xmin><ymin>303</ymin><xmax>737</xmax><ymax>325</ymax></bndbox></object><object><name>face</name><pose>Unspecified</pose><truncated>0</truncated><difficult>0</difficult><bndbox><xmin>763</xmin><ymin>298</ymin><xmax>780</xmax><ymax>321</ymax></bndbox></object><object><name>face</name><pose>Unspecified</pose><truncated>0</truncated><difficult>0</difficult><bndbox><xmin>806</xmin><ymin>307</ymin><xmax>822</xmax><ymax>326</ymax></bndbox></object><object><name>face</name><pose>Unspecified</pose><truncated>0</truncated><difficult>0</difficult><bndbox><xmin>815</xmin><ymin>234</ymin><xmax>831</xmax><ymax>258</ymax></bndbox></object><object><name>face</name><pose>Unspecified</pose><truncated>0</truncated><difficult>0</difficult><bndbox><xmin>694</xmin><ymin>226</ymin><xmax>712</xmax><ymax>248</ymax></bndbox></object><object><name>face</name><pose>Unspecified</pose><truncated>0</truncated><difficult>0</difficult><bndbox><xmin>644</xmin><ymin>223</ymin><xmax>660</xmax><ymax>247</ymax></bndbox></object><object><name>face</name><pose>Unspecified</pose><truncated>0</truncated><difficult>0</difficult><bndbox><xmin>591</xmin><ymin>225</ymin><xmax>609</xmax><ymax>245</ymax></bndbox></object><object><name>face</name><pose>Unspecified</pose><truncated>0</truncated><difficult>0</difficult><bndbox><xmin>854</xmin><ymin>294</ymin><xmax>872</xmax><ymax>319</ymax></bndbox></object><object><name>face</name><pose>Unspecified</pose><truncated>0</truncated><difficult>0</difficult><bndbox><xmin>775</xmin><ymin>387</ymin><xmax>794</xmax><ymax>412</ymax></bndbox></object><object><name>face</name><pose>Unspecified</pose><truncated>0</truncated><difficult>0</difficult><bndbox><xmin>826</xmin><ymin>428</ymin><xmax>843</xmax><ymax>453</ymax></bndbox></object><object><name>face</name><pose>Unspecified</pose><truncated>0</truncated><difficult>0</difficult><bndbox><xmin>722</xmin><ymin>410</ymin><xmax>740</xmax><ymax>433</ymax></bndbox></object><object><name>face</name><pose>Unspecified</pose><truncated>0</truncated><difficult>0</difficult><bndbox><xmin>674</xmin><ymin>432</ymin><xmax>693</xmax><ymax>451</ymax></bndbox></object><object><name>face</name><pose>Unspecified</pose><truncated>0</truncated><difficult>0</difficult><bndbox><xmin>617</xmin><ymin>421</ymin><xmax>635</xmax><ymax>445</ymax></bndbox></object><object><name>face</name><pose>Unspecified</pose><truncated>0</truncated><difficult>0</difficult><bndbox><xmin>540</xmin><ymin>419</ymin><xmax>558</xmax><ymax>443</ymax></bndbox></object><object><name>face</name><pose>Unspecified</pose><truncated>0</truncated><difficult>0</difficult><bndbox><xmin>753</xmin><ymin>213</ymin><xmax>771</xmax><ymax>235</ymax></bndbox></object><object><name>face</name><pose>Unspecified</pose><truncated>0</truncated><difficult>0</difficult><bndbox><xmin>179</xmin><ymin>295</ymin><xmax>195</xmax><ymax>313</ymax></bndbox></object><object><name>face</name><pose>Unspecified</pose><truncated>0</truncated><difficult>0</difficult><bndbox><xmin>232</xmin><ymin>300</ymin><xmax>249</xmax><ymax>321</ymax></bndbox></object><object><name>face</name><pose>Unspecified</pose><truncated>0</truncated><difficult>0</difficult><bndbox><xmin>270</xmin><ymin>292</ymin><xmax>286</xmax><ymax>312</ymax></bndbox></object><object><name>face</name><pose>Unspecified</pose><truncated>0</truncated><difficult>0</difficult><bndbox><xmin>306</xmin><ymin>304</ymin><xmax>321</xmax><ymax>323</ymax></bndbox></object><object><name>face</name><pose>Unspecified</pose><truncated>0</truncated><difficult>0</difficult><bndbox><xmin>348</xmin><ymin>302</ymin><xmax>365</xmax><ymax>325</ymax></bndbox></object><object><name>face</name><pose>Unspecified</pose><truncated>0</truncated><difficult>0</difficult><bndbox><xmin>385</xmin><ymin>299</ymin><xmax>400</xmax><ymax>320</ymax></bndbox></object><object><name>face</name><pose>Unspecified</pose><truncated>0</truncated><difficult>0</difficult><bndbox><xmin>417</xmin><ymin>300</ymin><xmax>432</xmax><ymax>320</ymax></bndbox></object><object><name>face</name><pose>Unspecified</pose><truncated>0</truncated><difficult>0</difficult><bndbox><xmin>459</xmin><ymin>291</ymin><xmax>477</xmax><ymax>310</ymax></bndbox></object><object><name>face</name><pose>Unspecified</pose><truncated>0</truncated><difficult>0</difficult><bndbox><xmin>196</xmin><ymin>399</ymin><xmax>216</xmax><ymax>423</ymax></bndbox></object><object><name>face</name><pose>Unspecified</pose><truncated>0</truncated><difficult>0</difficult><bndbox><xmin>261</xmin><ymin>413</ymin><xmax>280</xmax><ymax>438</ymax></bndbox></object><object><name>face</name><pose>Unspecified</pose><truncated>0</truncated><difficult>0</difficult><bndbox><xmin>333</xmin><ymin>412</ymin><xmax>351</xmax><ymax>438</ymax></bndbox></object><object><name>face</name><pose>Unspecified</pose><truncated>0</truncated><difficult>0</difficult><bndbox><xmin>415</xmin><ymin>412</ymin><xmax>433</xmax><ymax>436</ymax></bndbox></object><object><name>face</name><pose>Unspecified</pose><truncated>0</truncated><difficult>0</difficult><bndbox><xmin>468</xmin><ymin>384</ymin><xmax>484</xmax><ymax>407</ymax></bndbox></object><object><name>face</name><pose>Unspecified</pose><truncated>0</truncated><difficult>0</difficult><bndbox><xmin>89</xmin><ymin>239</ymin><xmax>107</xmax><ymax>257</ymax></bndbox></object><object><name>face</name><pose>Unspecified</pose><truncated>0</truncated><difficult>0</difficult><bndbox><xmin>132</xmin><ymin>247</ymin><xmax>147</xmax><ymax>265</ymax></bndbox></object><object><name>face</name><pose>Unspecified</pose><truncated>0</truncated><difficult>0</difficult><bndbox><xmin>173</xmin><ymin>240</ymin><xmax>188</xmax><ymax>255</ymax></bndbox></object><object><name>face</name><pose>Unspecified</pose><truncated>0</truncated><difficult>0</difficult><bndbox><xmin>212</xmin><ymin>234</ymin><xmax>226</xmax><ymax>255</ymax></bndbox></object><object><name>face</name><pose>Unspecified</pose><truncated>0</truncated><difficult>0</difficult><bndbox><xmin>262</xmin><ymin>212</ymin><xmax>281</xmax><ymax>238</ymax></bndbox></object><object><name>face</name><pose>Unspecified</pose><truncated>0</truncated><difficult>0</difficult><bndbox><xmin>321</xmin><ymin>220</ymin><xmax>337</xmax><ymax>241</ymax></bndbox></object><object><name>face</name><pose>Unspecified</pose><truncated>0</truncated><difficult>0</difficult><bndbox><xmin>368</xmin><ymin>224</ymin><xmax>385</xmax><ymax>244</ymax></bndbox></object><object><name>face</name><pose>Unspecified</pose><truncated>0</truncated><difficult>0</difficult><bndbox><xmin>429</xmin><ymin>230</ymin><xmax>444</xmax><ymax>248</ymax></bndbox></object><object><name>face</name><pose>Unspecified</pose><truncated>0</truncated><difficult>0</difficult><bndbox><xmin>497</xmin><ymin>238</ymin><xmax>513</xmax><ymax>257</ymax></bndbox></object><object><name>face</name><pose>Unspecified</pose><truncated>0</truncated><difficult>0</difficult><bndbox><xmin>536</xmin><ymin>222</ymin><xmax>554</xmax><ymax>245</ymax></bndbox></object><object><name>face</name><pose>Unspecified</pose><truncated>0</truncated><difficult>0</difficult><bndbox><xmin>569</xmin><ymin>298</ymin><xmax>587</xmax><ymax>322</ymax></bndbox></object><object><name>face</name><pose>Unspecified</pose><truncated>0</truncated><difficult>0</difficult><bndbox><xmin>618</xmin><ymin>308</ymin><xmax>633</xmax><ymax>327</ymax></bndbox></object><object><name>face</name><pose>Unspecified</pose><truncated>0</truncated><difficult>0</difficult><bndbox><xmin>942</xmin><ymin>331</ymin><xmax>961</xmax><ymax>348</ymax></bndbox></object><object><name>face</name><pose>Unspecified</pose><truncated>0</truncated><difficult>0</difficult><bndbox><xmin>907</xmin><ymin>403</ymin><xmax>926</xmax><ymax>427</ymax></bndbox></object><object><name>face</name><pose>Unspecified</pose><truncated>0</truncated><difficult>0</difficult><bndbox><xmin>859</xmin><ymin>398</ymin><xmax>877</xmax><ymax>422</ymax></bndbox></object><object><name>face</name><pose>Unspecified</pose><truncated>0</truncated><difficult>0</difficult><bndbox><xmin>123</xmin><ymin>428</ymin><xmax>144</xmax><ymax>451</ymax></bndbox></object><object><name>face</name><pose>Unspecified</pose><truncated>0</truncated><difficult>0</difficult><bndbox><xmin>516</xmin><ymin>301</ymin><xmax>534</xmax><ymax>320</ymax></bndbox></object></annotation>