<annotation><folder>38--Tennis</folder><filename>38_Tennis_Tennis_38_1031.jpg</filename><path>./WIDER_train/images/38--Tennis/38_Tennis_Tennis_38_1031.jpg</path><source><database>Unknown</database></source><size><width>1024</width><height>775</height><depth>3</depth></size><segmented>0</segmented><object><name>face</name><pose>Unspecified</pose><truncated>0</truncated><difficult>0</difficult><bndbox><xmin>96</xmin><ymin>498</ymin><xmax>196</xmax><ymax>582</ymax></bndbox></object><object><name>face</name><pose>Unspecified</pose><truncated>0</truncated><difficult>0</difficult><bndbox><xmin>252</xmin><ymin>182</ymin><xmax>392</xmax><ymax>342</ymax></bndbox></object><object><name>face</name><pose>Unspecified</pose><truncated>0</truncated><difficult>0</difficult><bndbox><xmin>558</xmin><ymin>448</ymin><xmax>636</xmax><ymax>514</ymax></bndbox></object><object><name>face</name><pose>Unspecified</pose><truncated>0</truncated><difficult>0</difficult><bndbox><xmin>532</xmin><ymin>146</ymin><xmax>666</xmax><ymax>322</ymax></bndbox></object></annotation>