<annotation><folder>38--Tennis</folder><filename>38_Tennis_Tennis_38_1029.jpg</filename><path>./WIDER_train/images/38--Tennis/38_Tennis_Tennis_38_1029.jpg</path><source><database>Unknown</database></source><size><width>1024</width><height>768</height><depth>3</depth></size><segmented>0</segmented><object><name>face</name><pose>Unspecified</pose><truncated>0</truncated><difficult>0</difficult><bndbox><xmin>414</xmin><ymin>146</ymin><xmax>514</xmax><ymax>290</ymax></bndbox></object><object><name>face</name><pose>Unspecified</pose><truncated>0</truncated><difficult>0</difficult><bndbox><xmin>594</xmin><ymin>178</ymin><xmax>712</xmax><ymax>336</ymax></bndbox></object></annotation>