<annotation><folder>38--Tennis</folder><filename>38_Tennis_Tennis_38_368.jpg</filename><path>./WIDER_train/images/38--Tennis/38_Tennis_Tennis_38_368.jpg</path><source><database>Unknown</database></source><size><width>1024</width><height>712</height><depth>3</depth></size><segmented>0</segmented><object><name>face</name><pose>Unspecified</pose><truncated>0</truncated><difficult>0</difficult><bndbox><xmin>745</xmin><ymin>79</ymin><xmax>838</xmax><ymax>185</ymax></bndbox></object><object><name>face</name><pose>Unspecified</pose><truncated>0</truncated><difficult>0</difficult><bndbox><xmin>463</xmin><ymin>56</ymin><xmax>508</xmax><ymax>119</ymax></bndbox></object></annotation>