<annotation><folder>38--Tennis</folder><filename>38_Tennis_Tennis_38_277.jpg</filename><path>./WIDER_train/images/38--Tennis/38_Tennis_Tennis_38_277.jpg</path><source><database>Unknown</database></source><size><width>1024</width><height>656</height><depth>3</depth></size><segmented>0</segmented><object><name>face</name><pose>Unspecified</pose><truncated>0</truncated><difficult>0</difficult><bndbox><xmin>272</xmin><ymin>67</ymin><xmax>322</xmax><ymax>137</ymax></bndbox></object><object><name>face</name><pose>Unspecified</pose><truncated>0</truncated><difficult>0</difficult><bndbox><xmin>19</xmin><ymin>30</ymin><xmax>23</xmax><ymax>36</ymax></bndbox></object><object><name>face</name><pose>Unspecified</pose><truncated>0</truncated><difficult>0</difficult><bndbox><xmin>28</xmin><ymin>31</ymin><xmax>31</xmax><ymax>38</ymax></bndbox></object></annotation>