<annotation><folder>39--Ice_Skating</folder><filename>39_Ice_Skating_iceskiing_39_1038.jpg</filename><path>./WIDER_train/images/39--Ice_Skating/39_Ice_Skating_iceskiing_39_1038.jpg</path><source><database>Unknown</database></source><size><width>1024</width><height>1231</height><depth>3</depth></size><segmented>0</segmented><object><name>face</name><pose>Unspecified</pose><truncated>0</truncated><difficult>0</difficult><bndbox><xmin>84</xmin><ymin>250</ymin><xmax>582</xmax><ymax>916</ymax></bndbox></object></annotation>