<annotation>
	<folder>train</folder>
	<filename>39_Ice_Skating_Ice_Skating_39_171.jpg</filename>
	<path>/home/daniel/Data/Dataset/FaceMaskNew/train/39_Ice_Skating_Ice_Skating_39_171.jpg</path>
	<source>
		<database>Unknown</database>
	</source>
	<size>
		<width>1024</width>
		<height>1366</height>
		<depth>3</depth>
	</size>
	<segmented>0</segmented>
	<object>
		<name>face</name>
		<pose>Unspecified</pose>
		<truncated>0</truncated>
		<difficult>0</difficult>
		<bndbox>
			<xmin>384</xmin>
			<ymin>218</ymin>
			<xmax>468</xmax>
			<ymax>347</ymax>
		</bndbox>
	</object>
	<object>
		<name>face</name>
		<pose>Unspecified</pose>
		<truncated>0</truncated>
		<difficult>0</difficult>
		<bndbox>
			<xmin>10</xmin>
			<ymin>669</ymin>
			<xmax>87</xmax>
			<ymax>743</ymax>
		</bndbox>
	</object>
</annotation>
