<annotation><folder>39--Ice_Skating</folder><filename>39_Ice_Skating_Ice_Skating_39_452.jpg</filename><path>./WIDER_train/images/39--Ice_Skating/39_Ice_Skating_Ice_Skating_39_452.jpg</path><source><database>Unknown</database></source><size><width>1024</width><height>793</height><depth>3</depth></size><segmented>0</segmented><object><name>face</name><pose>Unspecified</pose><truncated>0</truncated><difficult>0</difficult><bndbox><xmin>150</xmin><ymin>138</ymin><xmax>296</xmax><ymax>330</ymax></bndbox></object><object><name>face</name><pose>Unspecified</pose><truncated>0</truncated><difficult>0</difficult><bndbox><xmin>756</xmin><ymin>260</ymin><xmax>822</xmax><ymax>342</ymax></bndbox></object></annotation>