<annotation><folder>39--Ice_Skating</folder><filename>39_Ice_Skating_Ice_Skating_39_20.jpg</filename><path>./WIDER_train/images/39--Ice_Skating/39_Ice_Skating_Ice_Skating_39_20.jpg</path><source><database>Unknown</database></source><size><width>1024</width><height>1847</height><depth>3</depth></size><segmented>0</segmented><object><name>face</name><pose>Unspecified</pose><truncated>0</truncated><difficult>0</difficult><bndbox><xmin>588</xmin><ymin>133</ymin><xmax>757</xmax><ymax>360</ymax></bndbox></object></annotation>