<annotation><folder>41--Swimming</folder><filename>41_Swimming_Swimmer_41_791.jpg</filename><path>./WIDER_train/images/41--Swimming/41_Swimming_Swimmer_41_791.jpg</path><source><database>Unknown</database></source><size><width>1024</width><height>683</height><depth>3</depth></size><segmented>0</segmented><object><name>face</name><pose>Unspecified</pose><truncated>0</truncated><difficult>0</difficult><bndbox><xmin>436</xmin><ymin>226</ymin><xmax>616</xmax><ymax>450</ymax></bndbox></object></annotation>