<annotation><folder>41--Swimming</folder><filename>41_Swimming_Swimmer_41_143.jpg</filename><path>./WIDER_train/images/41--Swimming/41_Swimming_Swimmer_41_143.jpg</path><source><database>Unknown</database></source><size><width>1024</width><height>754</height><depth>3</depth></size><segmented>0</segmented><object><name>face</name><pose>Unspecified</pose><truncated>0</truncated><difficult>0</difficult><bndbox><xmin>382</xmin><ymin>194</ymin><xmax>558</xmax><ymax>470</ymax></bndbox></object></annotation>