<annotation><folder>41--Swimming</folder><filename>41_Swimming_Swimmer_41_594.jpg</filename><path>./WIDER_train/images/41--Swimming/41_Swimming_Swimmer_41_594.jpg</path><source><database>Unknown</database></source><size><width>1024</width><height>1431</height><depth>3</depth></size><segmented>0</segmented><object><name>face</name><pose>Unspecified</pose><truncated>0</truncated><difficult>0</difficult><bndbox><xmin>374</xmin><ymin>176</ymin><xmax>600</xmax><ymax>530</ymax></bndbox></object></annotation>