<annotation><folder>41--Swimming</folder><filename>41_Swimming_Swimming_41_811.jpg</filename><path>./WIDER_train/images/41--Swimming/41_Swimming_Swimming_41_811.jpg</path><source><database>Unknown</database></source><size><width>1024</width><height>683</height><depth>3</depth></size><segmented>0</segmented><object><name>face</name><pose>Unspecified</pose><truncated>0</truncated><difficult>0</difficult><bndbox><xmin>432</xmin><ymin>140</ymin><xmax>552</xmax><ymax>308</ymax></bndbox></object><object><name>face</name><pose>Unspecified</pose><truncated>0</truncated><difficult>0</difficult><bndbox><xmin>638</xmin><ymin>156</ymin><xmax>756</xmax><ymax>292</ymax></bndbox></object><object><name>face</name><pose>Unspecified</pose><truncated>0</truncated><difficult>0</difficult><bndbox><xmin>166</xmin><ymin>134</ymin><xmax>286</xmax><ymax>300</ymax></bndbox></object></annotation>