<annotation><folder>41--Swimming</folder><filename>41_Swimming_Swimmer_41_583.jpg</filename><path>./WIDER_train/images/41--Swimming/41_Swimming_Swimmer_41_583.jpg</path><source><database>Unknown</database></source><size><width>1024</width><height>682</height><depth>3</depth></size><segmented>0</segmented><object><name>face</name><pose>Unspecified</pose><truncated>0</truncated><difficult>0</difficult><bndbox><xmin>186</xmin><ymin>134</ymin><xmax>292</xmax><ymax>282</ymax></bndbox></object><object><name>face</name><pose>Unspecified</pose><truncated>0</truncated><difficult>0</difficult><bndbox><xmin>408</xmin><ymin>80</ymin><xmax>518</xmax><ymax>214</ymax></bndbox></object></annotation>