<annotation><folder>41--Swimming</folder><filename>41_Swimming_Swimmer_41_206.jpg</filename><path>./WIDER_train/images/41--Swimming/41_Swimming_Swimmer_41_206.jpg</path><source><database>Unknown</database></source><size><width>1024</width><height>961</height><depth>3</depth></size><segmented>0</segmented><object><name>face</name><pose>Unspecified</pose><truncated>0</truncated><difficult>0</difficult><bndbox><xmin>402</xmin><ymin>190</ymin><xmax>662</xmax><ymax>550</ymax></bndbox></object><object><name>face</name><pose>Unspecified</pose><truncated>0</truncated><difficult>0</difficult><bndbox><xmin>812</xmin><ymin>122</ymin><xmax>864</xmax><ymax>218</ymax></bndbox></object><object><name>face</name><pose>Unspecified</pose><truncated>0</truncated><difficult>0</difficult><bndbox><xmin>224</xmin><ymin>476</ymin><xmax>302</xmax><ymax>564</ymax></bndbox></object></annotation>