<annotation><folder>41--Swimming</folder><filename>41_Swimming_Swimmer_41_325.jpg</filename><path>./WIDER_train/images/41--Swimming/41_Swimming_Swimmer_41_325.jpg</path><source><database>Unknown</database></source><size><width>1024</width><height>939</height><depth>3</depth></size><segmented>0</segmented><object><name>face</name><pose>Unspecified</pose><truncated>0</truncated><difficult>0</difficult><bndbox><xmin>298</xmin><ymin>262</ymin><xmax>746</xmax><ymax>886</ymax></bndbox></object></annotation>