<annotation><folder>41--Swimming</folder><filename>41_Swimming_Swimming_41_630.jpg</filename><path>./WIDER_train/images/41--Swimming/41_Swimming_Swimming_41_630.jpg</path><source><database>Unknown</database></source><size><width>1024</width><height>1537</height><depth>3</depth></size><segmented>0</segmented><object><name>face</name><pose>Unspecified</pose><truncated>0</truncated><difficult>0</difficult><bndbox><xmin>309</xmin><ymin>243</ymin><xmax>393</xmax><ymax>366</ymax></bndbox></object><object><name>face</name><pose>Unspecified</pose><truncated>0</truncated><difficult>0</difficult><bndbox><xmin>610</xmin><ymin>583</ymin><xmax>718</xmax><ymax>715</ymax></bndbox></object></annotation>