<annotation><folder>41--Swimming</folder><filename>41_Swimming_Swimmer_41_1039.jpg</filename><path>./WIDER_train/images/41--Swimming/41_Swimming_Swimmer_41_1039.jpg</path><source><database>Unknown</database></source><size><width>1024</width><height>1536</height><depth>3</depth></size><segmented>0</segmented><object><name>face</name><pose>Unspecified</pose><truncated>0</truncated><difficult>0</difficult><bndbox><xmin>580</xmin><ymin>183</ymin><xmax>676</xmax><ymax>333</ymax></bndbox></object><object><name>face</name><pose>Unspecified</pose><truncated>0</truncated><difficult>0</difficult><bndbox><xmin>366</xmin><ymin>105</ymin><xmax>507</xmax><ymax>246</ymax></bndbox></object></annotation>