<annotation><folder>41--Swimming</folder><filename>41_Swimming_Swimmer_41_729.jpg</filename><path>./WIDER_train/images/41--Swimming/41_Swimming_Swimmer_41_729.jpg</path><source><database>Unknown</database></source><size><width>1024</width><height>576</height><depth>3</depth></size><segmented>0</segmented><object><name>face</name><pose>Unspecified</pose><truncated>0</truncated><difficult>0</difficult><bndbox><xmin>264</xmin><ymin>20</ymin><xmax>784</xmax><ymax>574</ymax></bndbox></object></annotation>