<annotation><folder>41--Swimming</folder><filename>41_Swimming_Swimmer_41_876.jpg</filename><path>./WIDER_train/images/41--Swimming/41_Swimming_Swimmer_41_876.jpg</path><source><database>Unknown</database></source><size><width>1024</width><height>1549</height><depth>3</depth></size><segmented>0</segmented><object><name>face</name><pose>Unspecified</pose><truncated>0</truncated><difficult>0</difficult><bndbox><xmin>296</xmin><ymin>199</ymin><xmax>523</xmax><ymax>462</ymax></bndbox></object><object><name>face</name><pose>Unspecified</pose><truncated>0</truncated><difficult>0</difficult><bndbox><xmin>864</xmin><ymin>269</ymin><xmax>949</xmax><ymax>402</ymax></bndbox></object></annotation>