<annotation><folder>41--Swimming</folder><filename>41_Swimming_Swimmer_41_767.jpg</filename><path>./WIDER_train/images/41--Swimming/41_Swimming_Swimmer_41_767.jpg</path><source><database>Unknown</database></source><size><width>1024</width><height>683</height><depth>3</depth></size><segmented>0</segmented><object><name>face</name><pose>Unspecified</pose><truncated>0</truncated><difficult>0</difficult><bndbox><xmin>216</xmin><ymin>82</ymin><xmax>302</xmax><ymax>180</ymax></bndbox></object><object><name>face</name><pose>Unspecified</pose><truncated>0</truncated><difficult>0</difficult><bndbox><xmin>432</xmin><ymin>82</ymin><xmax>510</xmax><ymax>184</ymax></bndbox></object><object><name>face</name><pose>Unspecified</pose><truncated>0</truncated><difficult>0</difficult><bndbox><xmin>588</xmin><ymin>90</ymin><xmax>672</xmax><ymax>190</ymax></bndbox></object><object><name>face</name><pose>Unspecified</pose><truncated>0</truncated><difficult>0</difficult><bndbox><xmin>754</xmin><ymin>90</ymin><xmax>826</xmax><ymax>192</ymax></bndbox></object></annotation>