<annotation><folder>41--Swimming</folder><filename>41_Swimming_Swimmer_41_663.jpg</filename><path>./WIDER_train/images/41--Swimming/41_Swimming_Swimmer_41_663.jpg</path><source><database>Unknown</database></source><size><width>1024</width><height>474</height><depth>3</depth></size><segmented>0</segmented><object><name>face</name><pose>Unspecified</pose><truncated>0</truncated><difficult>0</difficult><bndbox><xmin>126</xmin><ymin>86</ymin><xmax>244</xmax><ymax>250</ymax></bndbox></object><object><name>face</name><pose>Unspecified</pose><truncated>0</truncated><difficult>0</difficult><bndbox><xmin>486</xmin><ymin>180</ymin><xmax>590</xmax><ymax>324</ymax></bndbox></object><object><name>face</name><pose>Unspecified</pose><truncated>0</truncated><difficult>0</difficult><bndbox><xmin>818</xmin><ymin>94</ymin><xmax>920</xmax><ymax>236</ymax></bndbox></object></annotation>