<annotation><folder>41--Swimming</folder><filename>41_Swimming_Swimmer_41_105.jpg</filename><path>./WIDER_train/images/41--Swimming/41_Swimming_Swimmer_41_105.jpg</path><source><database>Unknown</database></source><size><width>1024</width><height>641</height><depth>3</depth></size><segmented>0</segmented><object><name>face</name><pose>Unspecified</pose><truncated>0</truncated><difficult>0</difficult><bndbox><xmin>270</xmin><ymin>144</ymin><xmax>566</xmax><ymax>536</ymax></bndbox></object></annotation>