<annotation><folder>41--Swimming</folder><filename>41_Swimming_Swimmer_41_515.jpg</filename><path>./WIDER_train/images/41--Swimming/41_Swimming_Swimmer_41_515.jpg</path><source><database>Unknown</database></source><size><width>1024</width><height>682</height><depth>3</depth></size><segmented>0</segmented><object><name>face</name><pose>Unspecified</pose><truncated>0</truncated><difficult>0</difficult><bndbox><xmin>258</xmin><ymin>60</ymin><xmax>364</xmax><ymax>198</ymax></bndbox></object><object><name>face</name><pose>Unspecified</pose><truncated>0</truncated><difficult>0</difficult><bndbox><xmin>446</xmin><ymin>60</ymin><xmax>552</xmax><ymax>194</ymax></bndbox></object><object><name>face</name><pose>Unspecified</pose><truncated>0</truncated><difficult>0</difficult><bndbox><xmin>652</xmin><ymin>58</ymin><xmax>760</xmax><ymax>196</ymax></bndbox></object></annotation>