<annotation><folder>41--Swimming</folder><filename>41_Swimming_Swimmer_41_258.jpg</filename><path>./WIDER_train/images/41--Swimming/41_Swimming_Swimmer_41_258.jpg</path><source><database>Unknown</database></source><size><width>1024</width><height>1394</height><depth>3</depth></size><segmented>0</segmented><object><name>face</name><pose>Unspecified</pose><truncated>0</truncated><difficult>0</difficult><bndbox><xmin>523</xmin><ymin>226</ymin><xmax>722</xmax><ymax>471</ymax></bndbox></object></annotation>