<annotation><folder>41--Swimming</folder><filename>41_Swimming_Swimming_41_820.jpg</filename><path>./WIDER_train/images/41--Swimming/41_Swimming_Swimming_41_820.jpg</path><source><database>Unknown</database></source><size><width>1024</width><height>683</height><depth>3</depth></size><segmented>0</segmented><object><name>face</name><pose>Unspecified</pose><truncated>0</truncated><difficult>0</difficult><bndbox><xmin>180</xmin><ymin>174</ymin><xmax>500</xmax><ymax>600</ymax></bndbox></object><object><name>face</name><pose>Unspecified</pose><truncated>0</truncated><difficult>0</difficult><bndbox><xmin>480</xmin><ymin>32</ymin><xmax>740</xmax><ymax>484</ymax></bndbox></object></annotation>