<annotation><folder>41--Swimming</folder><filename>41_Swimming_Swimming_41_769.jpg</filename><path>./WIDER_train/images/41--Swimming/41_Swimming_Swimming_41_769.jpg</path><source><database>Unknown</database></source><size><width>1024</width><height>1532</height><depth>3</depth></size><segmented>0</segmented><object><name>face</name><pose>Unspecified</pose><truncated>0</truncated><difficult>0</difficult><bndbox><xmin>536</xmin><ymin>147</ymin><xmax>644</xmax><ymax>300</ymax></bndbox></object><object><name>face</name><pose>Unspecified</pose><truncated>0</truncated><difficult>0</difficult><bndbox><xmin>527</xmin><ymin>395</ymin><xmax>623</xmax><ymax>518</ymax></bndbox></object></annotation>