<annotation>
	<folder>train</folder>
	<filename>41_Swimming_Swimmer_41_830.jpg</filename>
	<path>/home/daniel/Data/Dataset/FaceMaskNew/train/41_Swimming_Swimmer_41_830.jpg</path>
	<source>
		<database>Unknown</database>
	</source>
	<size>
		<width>1024</width>
		<height>1512</height>
		<depth>3</depth>
	</size>
	<segmented>0</segmented>
	<object>
		<name>face</name>
		<pose>Unspecified</pose>
		<truncated>0</truncated>
		<difficult>0</difficult>
		<bndbox>
			<xmin>25</xmin>
			<ymin>282</ymin>
			<xmax>67</xmax>
			<ymax>340</ymax>
		</bndbox>
	</object>
	<object>
		<name>face</name>
		<pose>Unspecified</pose>
		<truncated>0</truncated>
		<difficult>0</difficult>
		<bndbox>
			<xmin>64</xmin>
			<ymin>235</ymin>
			<xmax>121</xmax>
			<ymax>321</ymax>
		</bndbox>
	</object>
	<object>
		<name>face</name>
		<pose>Unspecified</pose>
		<truncated>0</truncated>
		<difficult>0</difficult>
		<bndbox>
			<xmin>207</xmin>
			<ymin>235</ymin>
			<xmax>251</xmax>
			<ymax>294</ymax>
		</bndbox>
	</object>
	<object>
		<name>face</name>
		<pose>Unspecified</pose>
		<truncated>0</truncated>
		<difficult>0</difficult>
		<bndbox>
			<xmin>371</xmin>
			<ymin>175</ymin>
			<xmax>431</xmax>
			<ymax>269</ymax>
		</bndbox>
	</object>
	<object>
		<name>face</name>
		<pose>Unspecified</pose>
		<truncated>0</truncated>
		<difficult>0</difficult>
		<bndbox>
			<xmin>450</xmin>
			<ymin>96</ymin>
			<xmax>560</xmax>
			<ymax>251</ymax>
		</bndbox>
	</object>
</annotation>
