<annotation><folder>45--Balloonist</folder><filename>45_Balloonist_Balloonist_45_182.jpg</filename><path>./WIDER_train/images/45--Balloonist/45_Balloonist_Balloonist_45_182.jpg</path><source><database>Unknown</database></source><size><width>1024</width><height>790</height><depth>3</depth></size><segmented>0</segmented><object><name>face</name><pose>Unspecified</pose><truncated>0</truncated><difficult>0</difficult><bndbox><xmin>256</xmin><ymin>120</ymin><xmax>410</xmax><ymax>302</ymax></bndbox></object></annotation>