<annotation>
	<folder>train</folder>
	<filename>45_Balloonist_Balloonist_45_30.jpg</filename>
	<path>/home/daniel/Data/Dataset/FaceMaskNew/train/45_Balloonist_Balloonist_45_30.jpg</path>
	<source>
		<database>Unknown</database>
	</source>
	<size>
		<width>1024</width>
		<height>502</height>
		<depth>3</depth>
	</size>
	<segmented>0</segmented>
	<object>
		<name>face</name>
		<pose>Unspecified</pose>
		<truncated>0</truncated>
		<difficult>0</difficult>
		<bndbox>
			<xmin>337</xmin>
			<ymin>266</ymin>
			<xmax>441</xmax>
			<ymax>402</ymax>
		</bndbox>
	</object>
	<object>
		<name>face</name>
		<pose>Unspecified</pose>
		<truncated>0</truncated>
		<difficult>0</difficult>
		<bndbox>
			<xmin>611</xmin>
			<ymin>111</ymin>
			<xmax>721</xmax>
			<ymax>264</ymax>
		</bndbox>
	</object>
</annotation>
