<annotation><folder>45--Balloonist</folder><filename>45_Balloonist_Balloonist_45_116.jpg</filename><path>./WIDER_train/images/45--Balloonist/45_Balloonist_Balloonist_45_116.jpg</path><source><database>Unknown</database></source><size><width>1024</width><height>683</height><depth>3</depth></size><segmented>0</segmented><object><name>face</name><pose>Unspecified</pose><truncated>0</truncated><difficult>0</difficult><bndbox><xmin>324</xmin><ymin>116</ymin><xmax>426</xmax><ymax>256</ymax></bndbox></object></annotation>