<annotation><folder>45--Balloonist</folder><filename>45_Balloonist_Balloonist_45_33.jpg</filename><path>./WIDER_train/images/45--Balloonist/45_Balloonist_Balloonist_45_33.jpg</path><source><database>Unknown</database></source><size><width>1024</width><height>577</height><depth>3</depth></size><segmented>0</segmented><object><name>face</name><pose>Unspecified</pose><truncated>0</truncated><difficult>0</difficult><bndbox><xmin>550</xmin><ymin>148</ymin><xmax>696</xmax><ymax>346</ymax></bndbox></object></annotation>