<annotation><folder>45--Balloonist</folder><filename>45_Balloonist_Balloonist_45_183.jpg</filename><path>./WIDER_train/images/45--Balloonist/45_Balloonist_Balloonist_45_183.jpg</path><source><database>Unknown</database></source><size><width>1024</width><height>1434</height><depth>3</depth></size><segmented>0</segmented><object><name>face</name><pose>Unspecified</pose><truncated>0</truncated><difficult>0</difficult><bndbox><xmin>322</xmin><ymin>126</ymin><xmax>652</xmax><ymax>551</ymax></bndbox></object></annotation>